commit_id,nuc,aexp,age,asexp,la,ld,target
0,0.0,3,0.0,0.0,1377,0,False
1,0.0952380952380952,6,2.19047619047619,2.0,176,78,False
2,0.0,7,0.0,3.0,171,0,False
3,0.0,8,0.0,0.0,65,0,False
4,1.0,17,0.0,0.0049630406429059,92,17,False
5,0.3103448275862069,18,0.0,0.0035359957062778,105,101,False
6,0.5,19,0.5,0.1057376861572269,11,4,False
7,0.0,20,0.0,8.0,0,80,False
8,0.75,21,0.5,0.168115139007568,157,228,False
9,0.303030303030303,23,0.242424242424242,11.0,416,1061,False
10,0.833333333333333,24,1.0,0.1074504256248469,360,14,False
11,1.5,25,0.5,13.0,26,18,False
12,1.33333333333333,28,0.222222222222222,15.0,193,35,False
13,0.0,29,0.0,16.0,66,0,False
14,3.2,31,0.2,17.0,83,28,False
15,2.3,32,2.3,0.105740539031103,273,117,False
16,2.5,33,0.0,19.0,88,6,False
17,2.42857142857143,34,1.21428571428571,0.0294338387021316,522,60,False
18,3.1666666666666696,35,13.666666666666698,21.0,177,106,False
19,2.07692307692308,36,8.92307692307692,0.003535897404074,399,47,False
20,3.28571428571429,37,0.0,0.0088694247400894,51,29,False
21,1.8125,38,7.6875,0.107450507122849,387,42,False
22,3.3333333333333304,39,11.333333333333302,0.1074505071264869,17,19,False
23,0.0,42,0.0,9.0,21,0,False
24,5.0,43,9.125,26.0,46,61,False
25,0.0,45,0.0,27.0,11,0,False
26,2.85714285714286,46,8.71428571428571,28.0,251,121,False
27,2.78947368421053,47,13.473684210526304,29.0,195,2124,True
28,0.0,48,0.0,30.0,36,0,True
29,1.0,51,0.0,33.0,99,5,True
30,4.0,53,0.0,34.0,0,775,False
31,3.375,54,0.0,35.0,407,82,True
32,2.3333333333333304,55,0.0,36.0,18,0,True
33,1.25,56,0.0,37.0,462,81,True
34,2.75,58,0.0,39.0,1,17,True
35,1.0,60,5.94736842105263,0.0016006356996723,57,17,False
36,0.0,61,0.0,0.0,19,9,False
37,0.75,62,4.875,1.8827949322375506e-05,347,13,True
38,3.5,63,0.0,5.0,62,1,True
39,0.0,65,0.0,2.0,18,6,True
40,0.0,68,0.0,12.0,593,0,True
41,1.4,69,0.8,0.0009784698777366,43,36,False
42,1.8,70,2.0,0.0019588768622043,242,13,True
43,1.85714285714286,72,0.0,0.0024490654719784,311,10,False
44,3.25,73,0.0,0.0024490654719784,61,11,False
45,2.4,75,0.1,0.0024490654719784,123,156,True
46,3.375,76,0.375,0.250248198419286,230,29,True
47,1.57142857142857,77,0.142857142857143,0.0024490654719784,145,60,True
48,3.25,78,0.125,5.64545958329955e-05,120,41,True
49,0.0,79,0.0,8.0,7,1,False
50,0.0,80,0.0,9.0,10,1,False
51,3.0,81,0.0,21.0,15,12,False
52,2.0,84,0.0,11.0,113,69,False
53,2.0,85,0.0,12.0,1,2,False
54,2.0,87,0.0,13.0,76,3,False
55,4.0,88,0.0,14.0,0,71,False
56,0.0,89,0.0,15.0,1219,0,False
57,3.31578947368421,90,1.68421052631579,0.003911033298281,416,126,False
58,2.8333333333333304,92,0.333333333333333,0.0019588768622043,91,12,False
59,4.4,93,0.933333333333333,5.64545958329955e-05,169,1300,False
60,4.66666666666667,95,0.2,5.64545958329955e-05,128,59,False
61,8.83333333333333,98,0.333333333333333,5.006815627872641e-06,40,62,False
62,9.0,99,0.0,22.0,2,21,False
63,9.0,100,0.0,28.0,1,0,False
64,4.0,101,1.2,20.0,263,4,False
65,6.0,102,0.857142857142857,3.9340129669440815e-06,40,26,False
66,6.142857142857139,105,2.0,0.0626243427795998,254,24,True
67,5.0,107,3.0,27.0,26,2,False
68,5.0,108,1.875,28.0,188,87,False
69,8.0,109,0.285714285714286,0.0123971158470032,1330,7,False
70,6.0,112,0.0,32.0,0,1299,False
71,8.5,115,1.5,33.0,8,2,False
72,9.5,116,0.0,34.0,2,2,False
73,6.33333333333333,132,1.33333333333333,0.0019588768622043,27,13,False
74,10.25,136,1.5,48.0,74,21,False
75,8.0,137,1.5,49.0,3,1,False
76,9.85714285714286,139,2.71428571428571,0.51571655273483,829,19,False
77,6.4,141,0.4,51.0,98,18,False
78,10.0,142,2.5,52.0,64,3,False
79,12.5,143,2.5,53.0,23,2,False
80,8.25,145,2.5,54.0,84,57,False
81,14.142857142857098,148,1.28571428571429,0.0019588768622043,99,18,True
82,6.78947368421053,150,2.6842105263157903,5.64545958329955e-05,478,68,False
83,14.0,153,0.666666666666667,57.0,5,5,False
84,21.0,156,1.0,59.0,2,2,False
85,14.0,157,0.0,60.0,7,3,False
86,17.0,161,0.5,0.0019588768622043,44,5,False
87,8.83333333333333,162,0.5,0.0024490654719784,58,27,False
88,9.8,163,1.8,0.0024490654719784,58,114,True
89,9.0,168,0.0,49.0,5,2,False
90,9.41666666666667,169,3.5,0.0004901886097741,292,6,False
91,18.5,171,6.0,0.0019588768622043,6,1,False
92,11.0909090909091,172,1.72727272727273,5.64545958329955e-05,442,71,True
93,1.5,22,0.0,4.0,5,3,False
94,7.83333333333333,23,5.5,4.0,74,114,False
95,7.625,25,7.0,0.50005167722702,111,77,False
96,7.0625,173,0.625,0.0019588768622043,473,138,False
97,7.0625,173,0.625,0.0019588768622043,473,138,False
98,2.0,179,0.0,69.0,1,1,False
99,6.66666666666667,180,1.33333333333333,70.0,71,25,False
100,9.33333333333333,184,4.55555555555556,5.27007072942465e-05,54,71,False
101,9.44444444444444,186,1.22222222222222,5.64545958329955e-05,87,11,False
102,10.0,189,3.0,57.0,2,2,False
103,5.0,193,3.0,73.0,1,1,False
104,14.2,31,11.6,0.5624874588102099,15,15,False
105,5.0,32,0.0,21.0,136,89,False
106,16.0,33,14.0,22.0,6,9,False
107,8.25,0,4.25,0.0,14,9,False
108,14.0,197,23.0,59.0,12,10,False
109,14.0,197,23.0,59.0,12,10,False
110,6.0,40,22.0,25.0,28,9,False
111,24.0,42,15.0,27.0,16,0,False
112,8.0,202,32.0,75.0,1,1,False
113,0.0,206,0.0,76.0,2,2,False
114,13.2,49,14.8,28.0,23,23,False
115,14.0,209,1.0,62.0,2,1,False
116,4.33333333333333,212,12.333333333333302,0.0024490654719784,60,6,False
117,5.55555555555556,213,5.22222222222222,0.0024490654719784,951,864,False
118,6.375,218,9.8125,5.40674212498715e-07,374,380,False
119,7.5,224,0.5,67.0,3,1,False
120,1.6,225,21.0,68.0,91,52,False
121,0.2,228,0.2,1.0,324,0,False
122,1.0,231,5.0,2.0,60,11,False
123,2.0,232,0.0,3.0,81,5,False
124,3.0,233,0.0,4.0,0,1,False
125,1.8,235,3.0,5.0,381,76,False
126,10.6666666666667,236,6.66666666666667,0.0009784698777366,91,0,False
127,2.75,237,0.0,0.0009784698777366,144,8,False
128,5.857142857142861,244,17.2857142857143,0.0024490654719784,168,5,False
129,4.3125,245,4.0625,5.006815627872641e-06,405,66,False
130,6.0,250,2.0,8.0,1,1,False
131,27.3333333333333,70,1.6666666666666698,1.07816752163608,95,0,False
132,23.285714285714302,72,0.4285714285714289,0.5054524739903921,362,53,True
133,17.5,259,3.0,73.0,45,9,True
134,30.3333333333333,260,0.0,0.0019588768622043,32,18,False
135,3.0,264,0.0,75.0,22,14,True
136,3.0,272,61.0,84.0,5,1,False
137,15.666666666666698,274,7.33333333333333,0.0019588768622043,46,30,True
138,7.0,276,0.0,80.0,2,2,False
139,8.0,277,0.0,81.0,23,3,True
140,9.0,278,0.0,82.0,2,3,False
141,14.0,287,30.25,0.0019588768622043,25,9,False
142,7.0,292,39.0,86.0,1,1,False
143,11.0,298,0.0,89.0,26,0,False
144,3.25,81,13.15,0.228395040781698,64,24,False
145,0.0,82,0.0,36.0,2,16,False
146,0.0,84,0.0,38.0,94,62,False
147,0.0,85,0.0,39.0,1,1,False
148,0.0,88,0.0,40.0,7,5,False
149,21.0,89,1.0,16.0,52,60,False
150,8.0,90,15.0,17.0,49,40,False
151,3.38095238095238,91,6.952380952380952,0.228395040781698,542,478,True
152,0.0,303,0.0,87.0,143,0,False
153,0.0,304,0.0,88.0,48,0,False
154,0.0,305,0.0,89.0,108,0,False
155,0.0,307,0.0,4.0,937,0,True
156,15.0,309,0.0,0.0626243427795998,230,0,False
157,4.0,92,6.0,42.0,2,0,False
158,1.0,93,6.0,43.0,7,20,False
159,8.0,311,8.0,90.0,6,2,False
160,1.0,94,6.0,44.0,1,1,False
161,1.0,95,6.0,45.0,2,16,False
162,1.6666666666666698,96,4.0,46.0,58,37,True
163,5.0,97,0.0,47.0,22,5,False
164,24.0,98,6.0,19.0,31,28,True
165,8.33333333333333,99,0.0,20.0,47,43,False
166,3.375,101,4.625,0.562487459466781,284,229,True
167,5.3,313,1.25,3.53846728523398e-30,414,1459,False
168,4.684210526315789,314,0.421052631578947,3.81471545640721e-06,333,123,False
169,8.0,315,7.0,24.0,0,2,False
170,3.5,317,0.0,0.0019588768622043,5,9,False
171,13.142857142857098,318,2.57142857142857,0.0019588768622043,37,17,False
172,8.4,320,0.0,0.0019588768622043,38,39,True
173,9.0,321,0.0,97.0,6,4,False
174,9.5,102,0.0,50.0,20,29,False
175,6.5,103,0.0,0.562487459466781,9,20,False
176,5.33333333333333,323,0.0,3.53846728523398e-30,139,40,False
177,7.0,325,0.0,95.0,13,5,False
178,7.0,326,0.0,0.0019588768622043,18,2,False
179,9.0,330,8.0,98.0,12,9,False
180,9.0,331,0.0,99.0,4,3,False
181,4.0,332,0.0,3.46869601181963e-19,11,17,False
182,20.6666666666667,333,0.666666666666667,3.46869601181963e-19,213,141,True
183,0.666666666666667,334,0.666666666666667,4.0,40,6,False
184,2.0,335,1.0,103.0,14,1,False
185,11.5,336,0.0,100.0,86,1,True
186,18.0,337,1.0,104.0,0,1,False
187,5.0,339,0.75,3.53846728523398e-30,5,8,False
188,6.0,341,0.0,3.53846728523398e-30,29,45,False
189,7.2,342,0.8,0.0019588768622043,78,30,False
190,11.0,344,13.0,0.0004901886097741,6,6,False
191,9.0,346,4.0,110.0,15,2,False
192,8.0,347,1.0,111.0,19,0,False
193,3.0,348,3.0,112.0,40,33,False
194,5.56,350,4.44,6.14400367004955e-07,593,610,True
195,11.583333333333302,351,0.75,3.81471545640721e-06,132,67,True
196,3.0,352,0.0,115.0,2,4,False
197,9.0,353,0.0,3.53846728523398e-30,62,22,False
198,5.66666666666667,354,0.0,117.0,10,5,False
199,6.0,355,1.5,0.0019588768622043,31,5,False
200,2.1666666666666696,356,1.55555555555556,6.7744654371966e-05,48,29,False
201,14.0,357,5.0,106.0,23,6,True
202,17.888888888888896,359,1.44444444444444,6.7744654371966e-05,38,89,False
203,22.0,363,0.0,121.0,18,6,False
204,8.0,364,0.0,122.0,4,26,False
205,11.0,365,0.0,123.0,6,1,False
206,29.0,366,0.0,109.0,6,4,False
207,10.5,367,0.0,124.0,33,2,False
208,10.0,369,0.0,125.0,1,11,False
209,13.5,370,0.0,0.0024490654719784,11,0,False
210,0.0,389,0.0,2.0,169,0,False
211,10.0,397,12.0,21.0,8,19,False
212,0.5,398,6.0,128.0,7,5,False
213,0.75,399,0.0,129.0,86,29,False
214,2.0,400,3.75,130.0,39,16,True
215,1.0,401,0.0,131.0,1,4,False
216,2.5,404,1.5,133.0,4,2,False
217,5.5,406,8.5,134.0,4,2,False
218,14.5,407,17.0,135.0,17,2,False
219,4.5,410,4.0,136.0,11,2,False
220,1.5,412,1.5,137.0,23,5,False
221,0.0,413,0.0,138.0,91,0,False
222,1.0,414,0.0,139.0,6,2,False
223,0.0,415,0.0,140.0,87,8,False
224,0.0,416,0.0,141.0,2,1,False
225,7.0,417,1.0,142.0,6,0,False
226,2.75,418,3.25,143.0,52,96,False
227,8.0,419,2.0,144.0,8,0,False
228,2.0,420,3.0,145.0,5,1,False
229,6.33333333333333,421,2.3333333333333304,146.0,36,8,False
230,6.0,422,0.0,147.0,17,17,False
231,7.0,423,0.0,148.0,1,1,False
232,9.0,426,31.0,113.0,19,0,False
233,3.0,428,6.0,149.0,16,10,False
234,10.0,430,5.0,150.0,9,1,False
235,7.0,431,31.0,114.0,13,2,False
236,8.5,432,41.5,0.0019588768622043,12,10,False
237,4.0,433,0.0,152.0,13,8,False
238,26.3333333333333,435,6.33333333333333,0.0626243427795998,24,16,False
239,9.0,436,0.0,116.0,0,3,False
240,14.333333333333302,438,10.3333333333333,0.0019588768622043,5,12,True
241,3.0,439,0.0,156.0,3,3,False
242,30.0,18,33.0,1.0,42,14,False
243,31.0,21,0.0,2.0,19,9,False
244,1.0,22,34.0,3.0,127,78,False
245,0.0,23,0.0,4.0,21,14,False
246,1.0,24,0.0,5.0,19,3,False
247,32.0,26,0.0,6.0,20,1,False
248,33.0,28,0.0,7.0,12,18,False
249,29.5,32,1.0,6.17885962128639e-06,52,49,False
250,8.0,445,44.3333333333333,159.0,18,8,False
251,17.0,446,18.0,0.0002489091129973,7,0,False
252,10.0,447,4.0,120.0,18,3,False
253,11.0,448,3.0,121.0,11,1,False
254,1.5,449,27.0,3.46869601181963e-19,21,0,False
255,3.0,450,14.0,162.0,0,2,False
256,1.0,451,36.0,163.0,3,2,False
257,5.33333333333333,453,66.0,15.0,198,193,False
258,8.0,454,0.0,16.0,2,21,False
259,1.0,455,69.0,17.0,0,42,False
260,9.0,456,0.0,18.0,60,27,False
261,8.5,458,0.0,19.0,11,2,False
262,11.0,459,0.0,20.0,1,0,False
263,36.0,33,2.0,10.0,6,2,False
264,10.5,460,6.5,164.0,11,11,False
265,16.0,42,36.0,13.0,66,41,False
266,12.0,464,1.0,21.0,0,12,False
267,17.0,44,0.0,14.0,22,1,False
268,3.5,471,19.0,30.0,37,2,False
269,27.0,472,16.0,168.0,1,1,False
270,4.0,476,7.0,31.0,7,7,False
271,8.33333333333333,478,17.6666666666667,24.0,64,14,False
272,9.33333333333333,479,0.0,25.0,5,4,False
273,18.0,494,22.0,127.0,4,4,False
274,8.33333333333333,495,17.888888888888896,0.0024490654719784,228,19,False
275,17.0,497,0.0,0.0024490654719784,5,4,False
276,1.0,503,75.0,6.0,4,6,False
277,1.5,506,37.5,8.0,34,26,False
278,20.0,48,0.0,17.0,41,0,False
279,11.2,49,45.6,7.614210231210451e-06,61,30,False
280,9.75,50,0.0,7.61421023298681e-06,16,10,False
281,6.66666666666667,52,0.0,7.61421023431907e-06,10,9,False
282,3.0,53,23.0,22.0,6,6,False
283,12.0,55,7.66666666666667,7.61421023462439e-06,37,38,False
284,11.4,56,5.6,24.0,389,0,True
285,1.0,57,0.0,25.0,20,4,False
286,3.0,507,6.0,9.0,1,1,False
287,0.5,58,1.5,26.0,59,89,False
288,10.375,510,106.375,0.0024490654719784,22,6,False
289,28.0,511,35.0,171.0,1,1,False
290,15.0,512,0.0,131.0,3,3,False
291,12.0,513,1.0,132.0,11,0,False
292,7.0,60,61.3333333333333,7.614210234665152e-06,23,23,False
293,13.0,516,102.0,133.0,2,1,False
294,18.7,524,57.0,0.00041651799137,79,10,True
295,0.0,526,0.0,175.0,30,0,True
296,5.66666666666667,527,0.0,0.0019588768622043,360,4,True
297,19.0,528,0.0,0.0626243427795998,193,3,True
298,2.7,530,1.2,0.0019588768622043,333,38,True
299,13.0,533,0.0,3.46869601181963e-19,57,6,False
300,1.0,535,0.0,143.0,71,12,False
301,26.5,61,0.5,7.61421023466602e-06,85,4,False
302,8.66666666666667,537,24.3333333333333,5.64545958329955e-05,177,107,True
303,0.0,538,0.0,145.0,31,0,False
304,2.57142857142857,540,0.5714285714285711,5.64545958329955e-05,322,39,True
305,3.5,542,0.5,0.0004901886097741,69,3,False
306,5.0,543,0.0,10.0,6,1,False
307,3.5,545,0.5,3.46869601181963e-19,91,29,False
308,3.0,547,15.3,5.64545958329955e-05,487,26,True
309,4.66666666666667,550,0.0,0.0024490654719784,88,19,False
310,3.4705882352941204,552,0.882352941176471,1.01985405204077e-07,528,67,True
311,6.5,553,0.5,5.64545958329955e-05,62,8,False
312,5.66666666666667,554,0.0,0.0004901886097741,10,8,True
313,10.0,557,0.0,0.0024490654719784,6,5,False
314,9.66666666666667,558,0.0,0.0024490654719784,18,4,False
315,9.0,68,0.0,30.0,4,3,False
316,11.458333333333302,561,130.541666666667,0.0004165179191174,49,2344,True
317,35.5,563,0.0,159.0,5,0,False
318,40.5,564,1.5,0.0039100796203266,152,26,True
319,10.5,565,42.25,0.0022144615863055,15,33,False
320,7.0961538461538485,566,33.7692307692308,0.1101000010012,353,602,True
321,7.2,567,0.0,3.46869601181963e-19,14,17,False
322,13.0,569,115.75,0.0002489091129973,18,45,False
323,0.0,570,0.0,1.0,78,0,True
324,9.75,571,0.0,193.0,26,9,True
325,20.0,574,1.0,163.0,2,2,False
326,2.0,70,298.0,31.0,4,0,False
327,5.0,72,5.0,32.0,3,0,False
328,1.6666666666666698,74,0.8888888888888891,3.48892355347628e-09,523,445,True
329,12.0,75,0.0,34.0,138,115,True
330,4.0,76,0.0,3.48892355347628e-09,169,66,False
331,5.6,77,0.0,3.48892355347628e-09,44,5,True
332,1.0,577,223.0,195.0,0,30,False
333,1.0,579,4.0,24.0,2,0,False
334,11.5,86,1.0,37.0,26,3,False
335,7.66666666666667,587,1.6666666666666698,5.691651962086991e-160,18,9,False
336,8.2,598,32.0,5.64545958329955e-05,93,132,True
337,8.25,603,0.0,0.0024490654719784,25,2,True
338,1.0,604,5.0,30.0,43,2,False
339,1.0,606,0.0,200.0,4,1,False
340,2.0,610,7.0,201.0,3,2,False
341,3.0,612,0.0,202.0,2,2,True
342,7.90476190476191,617,4.76190476190476,9.968844539293289e-08,255,219,True
343,4.5,618,0.0,3.46869601181963e-19,12,5,False
344,0.0,625,0.0,209.0,79,0,True
345,42.0,628,0.0,210.0,1,1,False
346,5.52941176470588,629,1.1764705882352902,1.01985405204077e-07,212,18,True
347,6.0,631,2.5,39.0,24,5,False
348,8.428571428571429,635,1.0,5.64545958329955e-05,112,114,True
349,12.166666666666698,647,0.0,5.64545958329955e-05,117,8,True
350,8.0,659,2.5,41.0,11,1,False
351,5.5,662,4.0,42.0,5,3,False
352,5.14285714285714,663,3.0,5.90052031599128e-38,73,67,True
353,15.0,666,0.0,45.0,3,1,False
354,8.5,674,1.0,46.0,21,1,False
355,20.0,683,2.6666666666666696,5.64545958329955e-05,111,9,True
356,7.75,684,4.25,5.64588966107697e-06,63,4,True
357,23.0,1,3.0,0.0,3,1,False
358,5.0,694,0.0,49.0,5,1,False
359,16.6666666666667,695,11.666666666666698,3.46869601181963e-19,11,13,False
360,21.3333333333333,703,9.33333333333333,0.0004901886097741,43,22,False
361,17.0,704,13.0,53.0,1,1,False
362,8.0,709,11.0,54.0,10,24,False
363,18.0,710,3.0,55.0,10,2,False
364,15.0,713,6.66666666666667,0.0004901886097741,9,2,False
365,4.0,721,21.0,219.0,5,0,False
366,5.0,722,0.0,220.0,1,0,False
367,16.5,727,18.5,0.0019588768622043,18,1,False
368,6.0,737,5.0,58.0,5,0,False
369,20.0,1,0.0,1.0,0,2,False
370,13.0,2,0.0,1.25,8,4,False
371,29.3333333333333,749,4.0,0.0024490654719784,21,19,False
372,9.5,0,13.5,0.0,23,2,False
373,5.0,0,35.0,0.0,21,14,False
374,12.0,771,6.66666666666667,59.0,30,15,False
375,23.0,777,0.0,60.0,9,1,False
376,10.75,780,18.0,3.46869601181963e-19,37,7,False
377,33.8,0,10.0,0.0,63,19,True
378,0.0,153,0.0,0.0,200,0,False
379,22.5,154,48.0,6.0,2,1,False
380,45.0,157,0.0,7.0,1,1,False
381,1.0,158,0.0,1.0,0,200,False
382,19.8,813,30.6,0.0019588768622043,211,52,True
383,16.3333333333333,816,0.0,0.0019588768622043,59,15,False
384,5.0,819,1.0,229.0,29,0,True
385,41.0,6,2.3333333333333304,0.834019204389575,35,40,True
386,9.0,162,62.0,0.0,67,62,True
387,7.0,163,30.0,0.0,79,76,True
388,15.0,165,69.4285714285714,39.0,461,421,False
389,5.70833333333333,166,46.6666666666667,8.0,2825,2529,True
390,12.0,837,5.0,5.08087061719185e-05,44,43,False
391,25.0,0,32.375,0.0,277,36,True
392,5.78571428571429,849,26.5714285714286,3.46869601181963e-19,373,197,True
393,10.875,850,6.25,3.46869601181963e-19,83,56,False
394,5.125,851,4.25,233.0,191,96,True
395,8.0,852,0.0,3.46869601181963e-19,111,21,True
396,6.2,853,11.0,0.0024490654719784,167,2,True
397,14.666666666666698,854,30.3333333333333,67.0,30,40,False
398,26.5,855,2.0,186.0,57,0,True
399,2.3333333333333304,856,6.33333333333333,0.0019588768622043,34,9,False
400,20.5,857,1.33333333333333,1.8845443953296e-06,6,59,False
401,21.5714285714286,2,2.28571428571429,0.84,147,33,True
402,23.0,7,0.333333333333333,0.7578125,20,11,False
403,13.833333333333302,866,5.66666666666667,0.0024490654719784,145,17,False
404,5.66666666666667,867,0.666666666666667,0.0024490654719784,50,13,False
405,0.0,872,0.0,192.0,29,0,False
406,18.4,876,13.733333333333302,5.64545958329955e-05,291,63,True
407,13.875,878,4.125,5.64545958329955e-05,172,89,True
408,13.375,882,3.0,5.64545958329955e-05,94,22,True
409,8.75,883,2.3333333333333304,5.64588966107697e-06,251,60,True
410,29.5,884,1.0,197.0,6,6,False
411,20.0,885,0.0,245.0,9,7,False
412,32.0,888,0.0,71.0,13,2,False
413,20.4,894,10.0,246.0,126,106,True
414,11.7058823529412,901,32.5294117647059,2.04800524288e-08,169,122,True
415,15.166666666666698,902,3.25,5.12000314576156e-07,81,53,True
416,11.0,903,0.0,75.0,39,30,False
417,8.0,911,19.5,0.0024490654719784,42,19,True
418,21.0,917,14.0,76.0,35,2,True
419,36.0,923,0.0,79.0,31,12,False
420,25.5,924,7.5,3.46869601181963e-19,10,5,True
421,13.0,928,0.0,82.0,6,8,False
422,14.0,929,0.0,83.0,55,3,False
423,60.0,15,31.0,0.0,6,4,False
424,12.0,935,0.0,88.0,2,0,False
425,29.0,16,5.5,0.0,23,1,False
426,21.0,18,1.0,1.0,6,3,False
427,13.142857142857098,938,4.85714285714286,3.46869601181963e-19,631,0,True
428,20.5,939,0.0,90.0,10,0,False
429,14.666666666666698,940,0.0,91.0,28,6,False
430,7.0,941,3.5,92.0,16,4,False
431,7.5,943,1.0,93.0,5,3,False
432,16.5454545454545,0,70.9090909090909,0.0,16,16,True
433,14.142857142857098,21,21.4285714285714,0.999989986419678,177,20,True
434,32.5,22,2.0,2.0,6,6,False
435,23.0,24,0.0,3.0,2,0,False
436,7.0,945,3.0,94.0,124,110,False
437,44.0,114,0.0,0.0,14,2,True
438,34.5,950,2.0,96.0,4,0,False
439,25.0,0,1.0,0.0,8,1,False
440,26.0,1,0.0,1.0,2,2,False
441,35.0,1,31.0,0.0,3,2,True
442,10.3666666666667,954,6.6,0.0016000008192529,225,27,True
443,11.4857142857143,956,16.6571428571429,0.0001524183753848,5024,240,True
444,15.0,957,8.91666666666667,3.81471545640721e-06,1734,34,True
445,10.5,958,10.75,1.8920011223279897e-06,318,32,True
446,28.0,2,8.25,0.444444444444444,25,0,True
447,10.6363636363636,960,8.90909090909091,3.874392860758751e-06,222,87,True
448,30.3333333333333,961,2.0,5.27007072942465e-05,55,2,True
449,3.0,962,5.25,5.0,404,512,True
450,15.0,963,0.0,3.46869601181963e-19,1,5,False
451,3.0,964,2.85714285714286,7.0,2014,32,True
452,64.0,965,1.0,208.0,8,5,False
453,3.6,966,2.0,8.0,123,13,False
454,4.4,967,0.0,9.0,252,15,False
455,9.25,968,27.25,0.0024490654719784,24,3,False
456,12.166666666666698,970,1.16666666666667,5.64545958329955e-05,59,7,True
457,8.08333333333333,973,6.5,4.05313767348758e-06,120,73,True
458,20.4,975,4.0,3.53846728523398e-30,41,35,True
459,18.0,976,6.0,101.0,12,11,False
460,31.0,2,0.0,2.0,3,10,False
461,24.75,977,10.25,1.8845443953296e-06,180,1,True
462,17.75,978,1.75,1.4117333737937588e-157,51,12,True
463,32.0,4,1.0,4.0,4,1,True
464,17.6666666666667,979,0.0,104.0,252,11,True
465,6.0,980,1.0,1.4117333737937588e-157,6,1,True
466,3.0,983,2.0,0.0002555847241012,1117,88,True
467,16.0,984,9.4,0.0004901886097741,39,30,True
468,14.333333333333302,990,3.6666666666666696,3.53846728523398e-30,31,3,True
469,0.0,991,0.0,1.0,22,20,False
470,12.0,992,1.0,16.0,4,1,False
471,5.6,993,0.8,17.0,115,19,True
472,62.5,0,10.5,0.0,4,1,True
473,6.23076923076923,994,2.6153846153846203,0.0019588768622043,1311,34,True
474,6.66666666666667,996,3.6666666666666696,1.4117333737937588e-157,13,3,False
475,14.0,997,0.0,20.0,1,1,False
476,20.0,998,2.0,109.0,57,41,True
477,4.5,999,0.0,110.0,5,1,True
478,2.0,1001,16.0,21.0,115,40,True
479,22.0,1002,5.0,0.0004901886097741,6,21,False
480,6.0,1007,1.0,112.0,19,9,False
481,21.0,1008,23.0,113.0,2,1,False
482,36.6666666666667,1013,2.0,114.0,95,26,True
483,56.0,1018,0.0,116.0,6,1,False
484,38.6666666666667,1020,0.0,117.0,17,31,False
485,37.0,1022,0.0,119.0,2,0,False
486,58.0,1023,1.0,120.0,23,13,False
487,16.0,1024,4.0,22.0,2,1,False
488,7.0,1025,2.0,121.0,4,0,False
489,7.5,1027,1.0,122.0,17,8,True
490,59.0,115,10.0,1.0,8,8,True
491,3.375,1033,15.5,23.0,482,96,True
492,27.6,0,5.4,0.0,1981,1,True
493,28.0,1,10.0,0.0,42,18,False
494,9.0,9,15.0,0.0,5,2,True
495,14.666666666666698,2,44.1666666666667,0.111111111111111,42,7,True
496,9.0,1035,9.5,123.0,39,3,True
497,0.0,116,0.0,2.0,2,4,False
498,6.0,0,144.75,0.0,33,9,True
499,2.0,4,4.0,1.0,1,1,False
500,2.25,0,6.25,0.0,64,45,True
501,1.5,23,6.0,4.0,26,6,True
502,0.5,1038,1.5,26.0,64,1,False
503,12.333333333333302,0,2.25,0.0,3439,2,True
504,2.0,33,4.5,1.54973240569234e-05,3,2,True
505,11.3,1040,9.6,5.26932505672481e-05,479,139,True
506,1.33333333333333,1041,6.0,0.0019588768622043,50,9,True
507,1.5,1042,10.0,28.0,33,11,True
508,34.3333333333333,1045,23.8333333333333,0.4567913788107521,77,5,True
509,2.5,1046,21.0,30.0,54,2,True
510,7.66666666666667,34,27.6666666666667,9.685871191322803e-06,21,8,False
511,27.0,1047,33.0,0.0123481916852266,212,137,False
512,23.0,1048,23.2307692307692,0.0004165179191174,624,1130,True
513,16.3,1049,8.7,0.0016000049155255,1308,2,True
514,10.4,1,4.0,0.5,308,0,False
515,19.4545454545455,0,1.09090909090909,0.0,1017,2,True
516,1.75,1052,34.25,5.542891826526308e-44,242,28,False
517,5.66666666666667,1053,46.8888888888889,1.8845443953296e-06,55,24,True
518,8.0,1055,1.0,133.0,3,0,False
519,3.0,1060,7.75,0.0019588768622043,34,12,True
520,17.7,0,1.0,0.0,1244,2,True
521,5.33333333333333,1061,22.6666666666667,0.0019588768622043,31,5,True
522,2.22222222222222,1063,27.0,5.08087061719185e-05,90,35,True
523,17.6666666666667,25,14.833333333333302,0.0205078870215551,117,27,True
524,7.33333333333333,1067,13.0,0.0019588768622043,13,11,False
525,1.33333333333333,1068,23.1666666666667,3.0,82,476,True
526,30.3333333333333,0,3.8333333333333295,0.0,536,2,True
527,13.0,0,3.0,0.0,1,1,False
528,33.4285714285714,0,17.7142857142857,0.0,284,17,True
529,14.833333333333302,0,16.1666666666667,0.0,553,11,True
530,4.2,2,0.8888888888888891,0.25,9292,2,True
531,15.0,1072,16.7857142857143,0.2400005373958399,303,415,True
532,3.0,0,31.0,0.0,12,14,False
533,6.66666666666667,11,30.6666666666667,2.0,90,50,True
534,32.3333333333333,1,2.0,0.0,655,2,True
535,22.0,0,34.6086956521739,0.0,1442,267,True
536,1.0,12,18.0,3.0,21,48,False
537,4.66666666666667,0,40.3333333333333,0.0,151,19,True
538,2.0,0,7.22222222222222,0.0,141,8,True
539,8.45454545454546,1073,11.4545454545455,4.11275777967292e-06,204,4,True
540,3.625,0,7.625,0.0,76,27,True
541,3.3333333333333304,0,0.333333333333333,0.0,486,50,True
542,2.0,6,43.0,0.0,1,0,False
543,3.8333333333333295,1076,45.0,1.3092047839105779e-249,48,3,True
544,4.09090909090909,1,10.3636363636364,0.666666666666667,110,15,True
545,16.1666666666667,1,1.6666666666666698,0.5,124,13,True
546,5.0625,2,6.375,0.444444444444444,1078,34,True
547,18.625,7,6.125,0.2890625,543,8,True
548,28.6666666666667,1078,22.5,0.140869148093771,1103,907,True
549,11.25,1080,5.25,0.44444507166992,197,38,True
550,0.666666666666667,126,8.66666666666667,24.0,79,87,True
551,29.2,1081,6.4,0.312500134198672,97,78,True
552,1.0,13,2.0,4.0,3,1,True
553,5.5,2,5.5,1.0,96,30,True
554,4.375,48,20.0,0.487654320955788,40,9,True
555,11.666666666666698,49,7.33333333333333,0.937499761458184,42,54,False
556,4.5,1083,11.5,0.0019588768622043,103,1,False
557,1.0,27,83.0,1.0,5,0,False
558,2.0,1084,21.0,3.46869601181963e-19,3,3,False
559,2.5,2,26.5,0.25,3,2,True
560,3.4166666666666696,3,13.833333333333302,0.481481481481481,389,31,True
561,8.0,39,14.5,2.0,540,128,True
562,1.8,0,69.2,0.0,72,5,False
563,2.0,8,53.0,3.0,25,0,False
564,3.0,16,50.1666666666667,5.0,68,10,False
565,8.77777777777778,4,37.0,0.493827160493827,80,1,True
566,5.5,2,40.0,2.0,68,1,True
567,5.6,4,20.2,0.5,67,8,True
568,1.6666666666666698,0,79.0,0.0,37,1,False
569,1.0,3,10.0,0.0,3,1,False
570,7.66666666666667,41,59.3333333333333,0.9999904837009128,21,28,True
571,11.666666666666698,0,16.0,0.0,6,5,True
572,19.0,1103,4.0,233.0,3,3,True
573,6.33333333333333,1104,115.0,0.0019588768622043,126,26,True
574,7.0,1106,23.6666666666667,235.0,201,6,True
575,6.0,45,29.0,3.0,49,20,True
576,2.6666666666666696,1,152.666666666667,1.0,24,27,False
577,21.0,5,2.0,0.0,1,0,False
578,4.0,1,86.5,1.0,8,7,True
579,15.8,2,49.2,0.2,24,7,True
580,9.85714285714286,5,16.2857142857143,0.506172839506173,78,9,True
581,1.0,2,208.0,0.0,2,1,False
582,2.90909090909091,1112,59.1818181818182,3.46869601181963e-19,271,51,True
583,6.4,8,17.7,0.99609375,667,10,True
584,9.0,29,3.0,2.0,29,36,False
585,4.2,31,44.7,1.51137782844479e-14,532,1697,True
586,4.0,1119,36.75,3.46869601181963e-19,70,7,False
587,11.0,3,1.0,0.0,1,1,False
588,20.6,0,27.0,0.0,21,4,True
589,1.0,3,5.5,1.0,122,1,True
590,20.888888888888896,14,67.8888888888889,3.82214784622192e-06,34,25,True
591,5.0,32,6.0,1.0,60,24,False
592,10.75,132,77.8125,0.0563999999936665,503,84,True
593,1.0,1121,5.0,286.0,32,9,True
594,4.66666666666667,4,16.6666666666667,0.0493827160493827,613,2,True
595,3.4,0,18.2,0.0,120,7,True
596,13.0,3,21.0,1.0,137,3,True
597,8.0,18,0.0,3.0,6,5,False
598,1.8,19,0.0,4.0,676,178,True
599,7.4,4,3.2,0.876543209876543,460,15,True
600,14.375,0,4.0625,0.0,1048,2,True
601,15.2,134,16.0,0.562487459466781,64,75,True
602,2.75,49,76.2916666666667,4.1519878333892497e-13,0,80,False
603,12.25,6,3.0,0.21875,74,0,True
604,0.875,1,5.125,1.0,132,40,True
605,10.1666666666667,50,18.8333333333333,0.333333333271526,83,73,True
606,6.0,5,56.0,0.0,20,14,True
607,12.666666666666698,7,48.3333333333333,0.9140625,7,12,True
608,3.5,0,76.0,0.0,3,1,False
609,21.71428571428569,0,4.071428571428569,0.0,826,2,True
610,2.5,4,3.5,4.0,207,10,True
611,5.58695652173913,23,63.413043478260896,1.88425761252226e-06,239,157,True
612,24.625,22,21.625,6.399604031488001e-07,220,151,True
613,21.0,51,0.0,8.0,4,0,False
614,20.3181818181818,0,11.0,0.0,557,65,True
615,0.8484848484848492,5,119.666666666667,1.0,2122,3121,True
616,5.0,14,6.0,0.0,1,1,True
617,2.5,1,50.0,1.0,0,8,False
618,5.76923076923077,53,11.8846153846154,7.917255471952749e-12,717,157,True
619,6.0,5,8.0,5.0,1,1,False
620,9.5,25,2.0,1.0,2,1,False
621,2.0,2,19.0,2.0,14,0,False
622,21.7692307692308,0,70.4615384615385,0.0,568,738,True
623,25.9,33,14.7,0.0166053772600225,883,1,True
624,1.0,1136,3.0,0.0,2,2,False
625,9.653846153846152,1137,60.9230769230769,1.01985405204077e-07,911,261,True
626,23.0,0,27.0,0.0,4,1,False
627,9.6875,8,5.5625,0.60516357421875,546,8,True
628,17.0,0,7.8,0.0,284,49,True
629,3.25,18,8.0,2.0,249,101,True
630,14.7777777777778,1138,0.944444444444444,0.0039062649048702,1217,6,True
631,14.166666666666698,2,8.83333333333333,0.0,70,14,True
632,4.456521739130428,1139,6.39130434782609,1.1473062800709893e-56,5541,512,True
633,31.11111111111111,0,1.22222222222222,0.0,476,2,True
634,3.0,16,8.0,0.0,3,3,False
635,11.0,3,4.0,0.0,12,20,True
636,25.4444444444444,0,11.666666666666698,0.0,494,3,True
637,2.0,56,15.0,5.0,22,18,False
638,2.0,0,22.5,0.0,73,14,True
639,3.0,0,0.0,0.0,37,9,True
640,3.3333333333333304,1143,9.0,291.0,8,2,False
641,26.0,34,19.0,6.0,6,1,False
642,16.3333333333333,1144,22.3333333333333,292.0,34,8,True
643,7.1612903225806495,30,18.4838709677419,1.0010000040001102e-06,309,109,True
644,5.0,0,21.0,0.0,21,4,False
645,22.173913043478304,9,11.9565217391304,0.398148247377178,1186,117,False
646,7.13207547169811,1145,34.5660377358491,1.01985405204077e-07,2300,651,True
647,11.0,0,17.3684210526316,0.0,572,45,True
648,9.58333333333333,1,55.0833333333333,0.25,377,110,True
649,23.0,1,11.8461538461538,0.75,853,818,True
650,10.5,2,8.0,1.0,17,8,False
651,21.0,4,8.0,1.0,2,1,True
652,9.0,5,7.0,5.0,60,1,True
653,7.0,1148,29.3913043478261,3.46869601181963e-19,1787,48,True
654,8.5,3,7.0,1.0,5,0,False
655,18.0,1,8.0,0.0,106,27,False
656,31.0,0,2.0,0.0,1,1,False
657,30.7692307692308,1,16.2307692307692,0.5,385,131,True
658,27.8333333333333,0,3.5,0.0,1077,1,True
659,9.33333333333333,1,17.7777777777778,0.5,515,25,True
660,22.5,33,11.0,9.0,33,1,False
661,26.0,10,14.8,0.00390625,180,0,False
662,4.8,32,19.6,11.0,71,159,True
663,6.0,2,0.0,1.0,12,1,False
664,29.2,2,1.6,0.0,28,6,False
665,11.8,1150,12.2,4.795181297775642e-288,179,1,False
666,19.25,3,33.1666666666667,0.515625,152,4,True
667,10.8,34,34.2,9.50721502392116e-10,69,15,True
668,8.9,35,11.4,0.500048296361134,254,12,True
669,4.5,0,74.25,0.0,72,8,False
670,6.0,13,51.3333333333333,2.0,105,1,False
671,25.285714285714302,4,16.7142857142857,0.0056393842402072,2274,30,True
672,9.21666666666667,0,5.83333333333333,0.0,4572,192,True
673,59.6666666666667,141,1.0,0.3024690655324329,7,7,True
674,7.0,0,22.5,0.0,13,3,False
675,39.0,36,5.5,0.0176116455841111,18,12,True
676,1.0,8,29.0,0.0,3,0,True
677,34.0,35,9.0,7.0,1,1,False
678,17.0,14,41.5,0.87701416015625,24,2,False
679,8.0,9,25.0,0.99609375,44,38,True
680,28.5,5,98.1666666666667,2.0,132,81,True
681,4.66666666666667,3,72.0,1.25925925925926,108,63,True
682,18.0,10,65.0,8.0,83,2,True
683,10.75,0,7.25,0.0,165,27,True
684,11.3809523809524,1152,34.0476190476191,4.05313767348758e-06,352,132,True
685,29.0,8,8.0,2.0,2,5,False
686,42.0,3,3.0,2.0,20,4,True
687,11.5,0,30.0,0.0,79,12,True
688,43.0,1,3.0,0.0,8,5,True
689,5.4,12,108.0,0.5000159942495971,149,39,True
690,18.0,38,3.5,0.0176115706344717,6,2,True
691,22.0,4,10.3333333333333,1.375,18,0,True
692,35.0,0,31.0,0.0,9,3,False
693,2.0,1156,39.0,155.0,2,2,False
694,6.0,44,24.0,1.00158689923001,29,21,True
695,31.0,10,13.0,3.0,3,3,False
696,3.0,37,95.0,0.0,1,7,False
697,24.71428571428569,1,39.5714285714286,0.5,39,13,True
698,30.8333333333333,0,18.3333333333333,0.0,215,85,True
699,36.0,1158,14.0,156.0,7,0,False
700,15.8857142857143,12,5.31428571428571,0.3666702227410949,2475,6,True
701,16.9375,38,66.3125,0.0195312500147982,437,171,True
702,25.2307692307692,0,0.538461538461538,0.0,1089,1,True
703,9.5,144,12.25,0.500051717541339,9,8,False
704,20.4074074074074,5,23.5185185185185,0.656512167549235,664,19,True
705,5.66666666666667,6,3.0,0.559670781893004,21,21,True
706,17.3333333333333,17,25.6666666666667,0.0495768384619431,145,17,True
707,5.07142857142857,1159,62.9285714285714,5.12000314576156e-07,200,8,False
708,3.5625,18,152.8125,0.4953683567313859,325,116,False
709,3.3333333333333304,0,37.3333333333333,0.0,51,16,False
710,9.0,47,3.0,1.00158689923008,18,18,True
711,14.0,13,21.6,0.9990234375,552,28,True
712,1.0,0,18.0,0.0,94,17,False
713,28.21428571428569,41,30.642857142857103,0.256399872001636,97,815,True
714,22.25,11,4.5,0.01953125,232,5,True
715,1.85714285714286,42,30.4285714285714,5.422753111592711e-20,380,24,True
716,37.6666666666667,43,68.6666666666667,0.0047583494509355,38,620,True
717,20.75,44,0.75,1.2299446981163599e-12,2,4,False
718,23.3333333333333,45,147.888888888889,0.0029749798140758,32,3456,True
719,8.08333333333333,0,30.0,0.0,231,36,True
720,18.0,46,78.0,3.0,1,2,False
721,27.5,13,9.0,4.0,41,0,False
722,7.31666666666667,12,85.9166666666667,0.0816025603342441,840,140,True
723,19.6666666666667,48,6.16666666666667,10.0,153,8,True
724,5.2,13,79.9,9.0,145,92,True
725,5.0,49,8.66666666666667,2.0,59,2,False
726,18.0,1161,3.8,299.0,77,23,True
727,26.6666666666667,5,15.7777777777778,0.7448559670781891,157,9,True
728,1.16666666666667,146,10.833333333333302,4.14981648263923e-39,67,80,True
729,4.0,147,0.0,1.0,2,2,False
730,12.0,14,19.875,0.8337722866278249,400,315,True
731,1.8333333333333304,51,4.5,1.0,107,79,True
732,8.0,52,5.0,1.0,5,5,True
733,76.0,17,7.33333333333333,0.03515625,15,0,True
734,17.5,18,3.0,5.0,5,5,False
735,2.6666666666666696,26,3.0,0.0,60,53,True
736,4.66666666666667,15,4.0,11.0,143,6,True
737,2.5,149,1.8333333333333304,9.774796908764985e-62,147,71,True
738,33.0,85,4.0,10.0,4,4,False
739,12.875,86,9.125,0.999990483701492,81,97,True
740,27.75,53,88.75,4.4065123105951904e-08,0,398,False
741,11.923076923076902,1164,30.3076923076923,9.188663607100499e-10,680,41,True
742,12.0,1165,58.0,242.0,2,1,False
743,12.25,2,1.0,1.0,28,19,True
744,13.2,56,10.8,1.00158689923009,121,22,True
745,24.0,20,12.0,6.0,1,1,False
746,9.5,57,3.75,22.0,47,51,True
747,16.0,58,0.0,23.0,15,16,False
748,5.5,150,3.5,3.0,96,118,True
749,8.85714285714286,21,10.5714285714286,0.0097546131588306,334,16,False
750,22.75,55,15.375,0.0101595642496181,144,101,False
751,2.0,1,4.25,0.0,117,54,True
752,18.0,57,9.071428571428571,4.4065123230852e-08,376,485,True
753,55.0,62,0.0,25.0,2,1,True
754,42.5,58,2.0,0.1875044008376019,12,5,True
755,26.3333333333333,59,6.0,4.40651232395256e-08,6,2,False
756,11.4,151,5.4,4.656613081786311e-10,121,19,True
757,8.5,60,38.75,4.40651232412603e-08,18,106,True
758,26.0,61,0.0,17.0,10,4,False
759,28.0,92,3.0,1.54972660780517e-05,2,2,False
760,16.0,25,22.0,1.0,6,2,True
761,16.0,0,16.5,0.0,2,2,False
762,8.5,18,17.5,0.0,32,5,True
763,1.5,27,69.5,0.0,23,8,False
764,10.0,63,0.0,3.0,3,1,False
765,12.8,27,9.2,3.0,100,12,True
766,36.5,1169,2.0,302.0,21,3,False
767,12.5,65,17.5,1.00158689923009,20,34,True
768,3.0,66,70.3333333333333,27.0,55,19,True
769,1.5,26,3.5,1.0,24,12,False
770,5.6,67,5.8,4.656698369466006e-10,114,1,True
771,14.0,1,236.5,0.0,5,12,False
772,6.0,30,4.0,2.0,1,0,False
773,28.8,15,13.56,4.3275569420859993e-07,730,241,True
774,3.0,29,3.5,1.0,40,14,False
775,10.4285714285714,153,10.0,0.0483999999606259,427,46,True
776,10.0,17,26.0,13.0,2,37,False
777,3.0,1,14.75,0.0,136,40,True
778,15.7777777777778,28,37.8888888888889,0.992399211972952,68,56,True
779,28.0,31,1.0,7.0,28,1,False
780,1.0,2,11.0,1.0,17,1,False
781,52.0,32,5.5,0.0468114945106208,6,1,False
782,26.4285714285714,18,6.857142857142861,0.834246642025172,51,3,True
783,7.66666666666667,69,9.33333333333333,5.0,98,48,True
784,1.5,0,6.5,0.0,27,11,False
785,19.9166666666667,19,3.9166666666666696,0.8342466446063471,303,38,True
786,1.5,1,19.5,0.0,8,4,True
787,5.5,4,14.5,0.0,88,69,True
788,4.33333333333333,10,6.66666666666667,0.0,232,0,False
789,29.0,33,7.0,8.0,4,4,False
790,18.0,1173,1.0,160.0,16,2,True
791,45.0,6,5.0,1.0,17,0,True
792,14.2857142857143,7,42.7142857142857,0.0703125,176,15,True
793,20.2857142857143,0,7.0,0.0,1082,6,True
794,20.0,73,16.0,1.00158689923009,138,315,True
795,68.0,99,17.5,2.0465196211131901e-10,4,3,False
796,47.0,8,5.0,3.0,8,5,True
797,5.66666666666667,155,200.333333333333,31.0,29,401,False
798,19.5,67,11.0,20.0,6,23,True
799,4.6,1176,61.0,0.0019588768622043,31,5,True
800,48.0,10,0.0,4.0,1,4,False
801,20.3333333333333,33,9.66666666666667,0.510516689533609,144,70,True
802,32.7142857142857,2,8.571428571428571,0.0,109,10,False
803,7.5,13,24.5,0.0,26,26,True
804,14.0,8,18.0,0.0,2,1,False
805,61.0,21,4.0,8.0,13,2,True
806,1.5,0,29.0,0.0,33,16,False
807,20.0,36,15.0,2.0,10,2,True
808,45.0,6,19.0,1.3125,53,2,True
809,16.727272727272698,23,26.7272727272727,0.8342466456048259,27,28,False
810,17.75,37,21.5,0.238277111158823,235,4,True
811,22.5,7,22.5,6.0,33,6,False
812,3.0,0,12.0,0.0,2,0,False
813,3.0,11,46.0,0.0,80,77,True
814,19.9333333333333,0,42.2666666666667,0.0,148,110,True
815,22.0,1,10.6,0.5,424,2,True
816,33.0,2,31.25,0.444444444444444,123,3,True
817,27.6666666666667,25,5.66666666666667,0.001528202607198,45,9,True
818,69.0,34,19.0,5.0,15,7,True
819,52.0,17,7.0,8.0,6,1,True
820,15.25,4,133.25,0.45679012345679,15,28,False
821,24.5,19,30.0,1.0,6,2,False
822,25.0,19,21.6666666666667,0.25,22,0,False
823,10.5,76,0.0,8.0,43,41,False
824,18.0,0,0.0,0.0,7,6,True
825,26.8333333333333,69,20.0,3.49878971002346e-08,16,90,True
826,29.3333333333333,105,19.888888888888896,1.54974416261556e-05,81,160,True
827,10.25,0,99.25,0.0,19,8,True
828,48.3333333333333,2,7.66666666666667,1.25,44,3,False
829,4.0,5,10.0,2.0,1,0,False
830,11.666666666666698,0,74.0,0.0,30,12,True
831,28.4285714285714,28,27.285714285714302,0.487802549252267,219,27,True
832,54.0,25,14.0,9.0,31,0,False
833,24.0,24,22.0,18.0,17,15,True
834,41.0,40,4.0,2.0,2,2,False
835,26.0,27,13.0,0.875001460313797,42,28,True
836,18.521739130434803,108,34.1739130434783,0.0833333333333333,398,157,True
837,6.0,80,42.0,30.0,21,4,True
838,34.7857142857143,2,10.9285714285714,0.163265306122449,947,12,True
839,8.6875,0,24.8125,0.0,579,43,True
840,16.0,25,10.0,19.0,6,4,True
841,13.5,43,13.0,0.0,105,99,True
842,1.0,110,1.0,6.0,11,11,False
843,26.6363636363636,26,34.8181818181818,1.50674717128277,169,32,True
844,1.5,4,54.0,0.0,195,105,False
845,14.176470588235302,19,45.6470588235294,0.249603531809332,132,27,True
846,57.0,0,0.0,0.0,15,0,False
847,42.0,36,23.8333333333333,0.0025024414099599,22,8,False
848,1.0,1,105.0,0.0,1,0,False
849,2.38888888888889,45,28.3333333333333,0.291736354090233,304,376,True
850,15.0,2,38.0833333333333,0.333333333333333,611,6,True
851,1.0,0,58.5,0.0,10,3,False
852,26.38888888888889,31,6.888888888888888,0.0204166668819388,1490,3,True
853,6.2,32,46.4,0.0012207042891532,93,28,False
854,41.0,46,9.0,11.0,1,0,False
855,6.0,4,93.5,4.0,43,8,False
856,1.0,71,195.0,0.0,67,28,True
857,26.25,4,38.25,0.3125,27,1,False
858,49.25,0,23.5,0.0,7,7,True
859,18.0,28,20.0,21.0,6,2,True
860,5.0,0,76.0,0.0,3,0,False
861,72.0,5,19.0,4.0,33,23,False
862,2.8333333333333304,33,14.833333333333302,2.0,377,3,True
863,38.6666666666667,81,4.83333333333333,0.0176116456006068,42,40,True
864,1.0,2,191.333333333333,0.0,37,26,False
865,11.0,29,57.5,0.8337725316890301,134,11,True
866,20.5714285714286,116,5.28571428571429,0.4999999914124621,216,95,True
867,25.3333333333333,47,24.6666666666667,0.0228474934896363,246,18,True
868,12.7222222222222,12,15.5,2.4461793501066e-05,841,34,False
869,24.857142857142897,6,17.0,0.8902606310013721,122,6,True
870,2.0,1,1.0,0.0,52,15,False
871,15.16,117,38.04,0.05,230,67,True
872,9.20454545454546,0,119.136363636364,0.0,213,219,True
873,39.3333333333333,13,34.0,8.15393116702199e-06,5,1,True
874,15.1111111111111,34,68.4444444444444,0.0768318423070014,360,285,True
875,33.6,15,7.9,0.00103759765625,623,120,True
876,18.75,36,9.75,0.328125000000996,53,11,False
877,19.0,33,9.0,0.925222332705744,30,8,True
878,23.142857142857103,0,2.85714285714286,0.0,243,1,False
879,15.0,119,4.75,1.54972661353713e-05,230,4,True
880,20.25,37,36.125,0.875001469874405,111,107,True
881,1.33333333333333,31,147.0,24.0,4,4,True
882,27.8,17,24.4,0.0010757446289062,75,41,True
883,43.0,18,0.0,4.0,0,3,False
884,17.2391304347826,1,5.5217391304347805,0.0,2352,99,True
885,23.7058823529412,3,31.8235294117647,0.26953125,1419,283,True
886,11.0,0,9.0,0.0,19,0,False
887,12.0,1,0.0,1.0,8,1,False
888,3.3333333333333304,0,34.1666666666667,0.0,937,12,True
889,5.0625,1,62.625,0.6,436,44,True
890,32.8571428571429,32,55.8571428571429,1.50674719060771,90,15,True
891,14.8,19,37.9,0.0010852813720703,378,86,True
892,20.95,5,34.95,0.25792,190,9,True
893,20.227272727272695,82,25.1818181818182,0.199978565993531,203,38,True
894,2.0,0,21.75,0.0,57,21,True
895,34.363636363636395,34,73.2727272727273,0.499929750704337,137,10,False
896,46.75,6,9.75,0.489711934156379,83,85,True
897,17.0,0,20.0,0.0,2,6,False
898,20.5714285714286,1192,18.1428571428571,5.96201061853343e-08,486,22,True
899,12.333333333333302,6,11.666666666666698,1.125,155,46,False
900,20.0,1193,21.0,247.0,1,1,False
901,21.0,126,3.0,25.0,4,3,False
902,19.5,1194,2.6666666666666696,5.96201061853343e-08,370,40,True
903,50.0,37,6.0,7.0,1,1,False
904,14.4285714285714,22,24.5714285714286,0.0010871887207031,249,46,True
905,65.0,52,8.0,5.0,10,2,True
906,21.0,9,4.33333333333333,0.11177157953564,95,4,True
907,24.0,54,4.0,4.0,0,8,False
908,20.0,4,0.0,0.0625,7,1,True
909,1.0,10,2.0,0.0,1,0,False
910,19.0,38,22.0,0.626221066700964,141,22,False
911,22.9,6,9.9,0.253184,402,10,True
912,10.7142857142857,23,42.7142857142857,8.0,24,18,False
913,52.0,83,5.0,11.0,5,1,False
914,15.666666666666698,2,17.0,0.75,262,53,True
915,44.1666666666667,0,34.6666666666667,0.0,88,2,True
916,89.0,36,0.0,13.0,4,0,True
917,32.5,2,2.375,0.75,278,266,True
918,8.46153846153846,40,31.53846153846149,5.10566771301955e-15,679,688,True
919,4.5,41,59.0,14.0,25,3,True
920,19.0909090909091,42,17.818181818181802,0.328125000000996,17,94,False
921,24.0,58,15.0,2.0,55,44,True
922,82.0,0,20.0,0.0,10,10,False
923,4.0,0,144.0,0.0,16,18,False
924,43.3333333333333,59,14.5,0.261786222869219,62,5,True
925,94.0,39,0.0,16.0,5,2,True
926,2.0,0,91.5,0.0,19,12,False
927,7.0,44,6.0,15.0,7,2,False
928,7.5,1,10.6666666666667,0.0,116,119,True
929,9.0,2,24.0,1.0,9,24,False
930,8.0,47,13.6923076923077,5.10574996565295e-15,662,758,True
931,51.6666666666667,73,9.44444444444444,1.51728706976019e-14,225,21,True
932,0.0,0,0.0,0.0,2,2,True
933,24.0,40,17.0,29.0,8,0,False
934,28.0666666666667,85,17.533333333333303,0.0176116456006068,113,113,True
935,11.0,41,1.0,30.0,3,1,False
936,2.0,0,3.0,0.0,45,2,False
937,35.25,74,15.375,1.19977710778333e-11,425,449,True
938,3.0,1,59.0,0.0,10,10,False
939,22.3333333333333,3,12.0,0.875,64,25,False
940,18.0,4,27.0,1.0,1,1,False
941,7.0,52,5.0,0.0012207046042989,58,23,True
942,5.0,3,71.5,0.0,47,28,False
943,44.25,1,10.75,0.333333333333333,68,1,False
944,56.5,0,5.0,0.0,37,38,False
945,24.1304347826087,2,15.6086956521739,0.0,531,48,True
946,25.0,62,23.0,3.0,14,5,True
947,25.1666666666667,75,24.6666666666667,1.54195847291838e-07,206,140,True
948,47.0,76,2.0,1.54195847291838e-07,11,10,False
949,40.8333333333333,44,9.5,0.499929750704337,15,14,False
950,19.0,87,21.0,10.0,166,57,True
951,43.0,30,5.14285714285714,0.458909251172526,96,24,True
952,29.5,55,2.5,0.253907366434888,136,16,True
953,20.5,1,5.5,0.0,4,15,False
954,39.7142857142857,56,22.285714285714302,0.0016159998347837,73,15,True
955,18.3333333333333,38,29.3333333333333,0.0078125596119207,112,14,True
956,46.0,0,18.0,0.0,29,1,True
957,1.6,58,41.6,0.0012207037088973,50,0,True
958,6.0,59,19.0,9.0,97,42,True
959,6.5,60,6.66666666666667,0.0012207046042991,264,50,True
960,2.0,1203,2.25,0.0019588768622043,15,21,True
961,36.4,1204,16.7,5.16096587205915e-07,93,6,True
962,56.0,1207,29.0,310.0,18,21,False
963,3.0,1208,61.0,20.0,17,4,False
964,11.2,1209,54.6,55.0,79,4,True
965,7.0,63,4.0,12.0,8,8,True
966,62.0,5,5.0,0.0,13,9,False
967,2.25,6,150.5,0.0,48,24,False
968,58.0,51,0.0,35.0,70,0,False
969,0.8461538461538459,1211,53.84615384615379,56.0,434,3,True
970,63.0,7,3.0,1.0,10,20,False
971,10.4545454545455,65,24.2727272727273,5.10575000472517e-15,297,88,True
972,27.875,1212,8.25,3.81471545640721e-06,181,52,True
973,10.0,1,5.0,0.0,10,10,False
974,28.0,89,15.0,12.0,8,2,True
975,5.928571428571429,5,45.71428571428571,1.30041152263374,1251,217,True
976,9.19047619047619,1213,99.2857142857143,57.0,3007,369,True
977,3.0,1214,210.0,58.0,4,0,False
978,45.2,0,5.4,0.0,76,1,True
979,6.5,1,4.0,0.0,23,2,True
980,31.4,79,117.666666666667,0.0083205120013736,31,1460,False
981,36.7142857142857,0,13.7142857142857,0.0,53,1,False
982,70.0,66,21.0,18.0,2,2,True
983,27.8709677419355,1,32.1612903225806,0.2,569,74,True
984,29.0,39,11.0,1.0,1,1,True
985,33.5,67,113.0,0.508064270019986,18,12,False
986,11.0,0,69.0,0.0,692,117,False
987,5.5,69,55.0,0.291743983485245,8,21,False
988,30.5,1219,31.5,5.08087061719185e-05,34,33,False
989,2.5,1,0.5,1.0,55,17,True
990,16.0,91,39.0,13.0,59,11,True
991,55.5,4,9.5,0.01953125,407,4,False
992,19.0,67,18.1666666666667,1.12869109360463e-09,279,100,True
993,5.0,1221,14.0,313.0,90,28,True
994,59.0,2,18.0,0.0,42,62,False
995,12.75,1222,37.5,170.0,110,111,False
996,28.25,81,36.0416666666667,4.40651232424781e-08,1473,1250,True
997,61.0,1223,0.0,314.0,1,1,False
998,59.0,43,3.0,8.0,1,0,False
999,6.5,8,216.0,1.0,26,35,False
1000,38.5,82,3.5,29.0,11,1,False
1001,27.0,0,5.0,0.0,1,1,False
1002,9.5,70,6.5,18.0,80,7,True
1003,12.7058823529412,83,133.941176470588,1.1852063005344698e-11,121,138,False
1004,1.0,0,107.0,0.0,48,10,True
1005,1.0,1,124.0,0.0,23,2,False
1006,16.7692307692308,45,16.3846153846154,0.2416806955597819,1093,200,True
1007,23.0,72,50.3333333333333,0.0780525458124274,24,3,True
1008,24.25,1229,36.25,0.0019588768622043,20,15,False
1009,64.0,96,0.0,16.0,4,2,False
1010,25.5,0,35.5,0.0,14,5,True
1011,18.75,0,38.5,0.0,81,12,True
1012,14.0,73,12.0,19.0,3,2,False
1013,30.5,99,38.3333333333333,6.969919744055308e-08,30,15,True
1014,3.0,5,21.0,1.0,2,0,False
1015,8.5,74,17.5,20.0,20,5,True
1016,109.0,75,12.0,7.0,1,1,False
1017,20.0,2,6.75,1.0,111,19,True
1018,1.0,1232,3.5,316.0,30,5,False
1019,6.23529411764706,71,102.647058823529,4.0,926,1043,True
1020,12.333333333333302,1235,41.5,7.066413346e-315,56,14,True
1021,52.0,1236,25.0,3.46869601181963e-19,15,12,True
1022,43.0,89,9.25,4.40651232424781e-08,129,14,False
1023,10.0,76,38.6666666666667,0.0012207046042991,79,15,True
1024,4.0,90,0.0,35.0,6,1,False
1025,25.75,4,167.0,0.25,111,30,True
1026,31.0,0,4.0,0.0,160,1,True
1027,4.5,53,124.571428571429,0.833772461997323,378,128,True
1028,10.75,3,37.75,0.625,112,5,False
1029,4.0,55,5.0,10.0,4,0,False
1030,6.0,56,0.0,11.0,2,1,False
1031,12.0,3,31.0,1.0,25,14,True
1032,5.0,54,3.0,37.0,3,0,False
1033,32.0,75,4.0,4.0,31,4,False
1034,7.0,91,4.0,36.0,5,3,False
1035,39.5,5,6.0,2.0,4,3,True
1036,5.0,0,116.666666666667,0.0,16,16,False
1037,24.857142857142897,78,71.71428571428571,0.0780525458124274,33,7,False
1038,22.857142857142897,79,73.28571428571429,0.328140258791199,52,40,True
1039,11.8461538461538,4,51.6153846153846,0.199845679012346,111,22,True
1040,20.0,60,37.1,0.4589092511725321,513,270,True
1041,28.0,6,1.0,4.0,67,7,True
1042,17.8571428571429,61,65.6666666666667,0.903183717513416,83,83,True
1043,1.0,41,107.0,8.0,33,0,False
1044,33.5333333333333,4,34.0666666666667,0.125,133,134,True
1045,67.5,19,4.5,1.06197929382324,48,4,False
1046,40.75,82,68.25,0.3835353013989671,77,13,False
1047,11.2,62,6.8,0.8292111842815401,3878,60,True
1048,25.7586206896552,84,40.3793103448276,0.1111001210101109,793,158,True
1049,10.5,5,33.5,2.0,64,0,False
1050,17.7142857142857,44,10.2857142857143,0.1876220777703569,75,24,True
1051,12.930555555555598,85,90.9027777777778,0.481633897613095,929,343,True
1052,1.0,64,17.0,0.0,2,1,False
1053,58.0,65,4.0,15.0,4,0,False
1054,8.0,1238,6.0,318.0,4,2,False
1055,32.0,88,7.0,14.0,1,1,False
1056,47.5,89,11.0,1.12869109361446e-09,15,9,False
1057,34.0,45,8.5,9.0,11,3,True
1058,22.7777777777778,9,13.444444444444402,0.778235025148605,136,31,True
1059,44.5,93,12.5,37.0,16,1,False
1060,81.3333333333333,0,25.6666666666667,0.0,17,1,True
1061,6.25,3,57.5,2.0,8,51,False
1062,5.0,102,170.0,35.0,3,0,True
1063,18.25,103,251.75,6.9695263320375e-08,68,42,True
1064,9.0,104,12.5,36.0,11,3,True
1065,46.6,7,146.2,0.4133516232281661,200,76,True
1066,2.72,94,10.28,1.1944394985585802e-07,63,24,False
1067,2.0,1,75.0,1.0,15,14,False
1068,22.0,0,37.0,0.0,3,2,False
1069,58.0,107,27.0,0.0176116456006068,8,4,True
1070,14.5,0,19.0,0.0,11,0,False
1071,28.16,81,16.2,0.903183717513416,774,369,True
1072,8.5,0,9.0,0.0,92,0,True
1073,13.875,11,30.0,0.7782858304120308,386,274,False
1074,23.8,2,107.6,0.25,107,1,False
1075,54.57142857142861,86,48.8571428571429,0.841171145857379,64,55,True
1076,20.3333333333333,0,14.0,0.0,124,11,False
1077,33.1666666666667,3,49.1666666666667,2.0,37,10,False
1078,38.8571428571429,1,39.8571428571429,0.666666666666667,81,44,False
1079,7.5,2,4.5,2.0,7,6,False
1080,26.75,12,15.0,1.38525390625,105,22,True
1081,7.0,0,16.0,0.0,44,4,False
1082,8.20833333333333,0,22.7083333333333,0.0,930,22,True
1083,38.3333333333333,1242,13.333333333333302,0.0024490654719784,36,35,False
1084,13.0,3,10.0,3.0,34,38,False
1085,48.8571428571429,4,125.714285714286,0.39429012345679,139,10,False
1086,6.5,109,37.5,39.0,14,0,False
1087,8.77777777777778,97,0.0,7.62945303778298e-06,1655,0,True
1088,29.357142857142897,98,81.28571428571429,0.0086405169152739,1754,84,True
1089,33.2,13,47.9,0.0693562626838684,115,43,True
1090,4.0,3,27.0,2.0,25,1,True
1091,2.5,4,153.0,0.0,22,8,False
1092,8.0,1,11.0,1.0,13,1,True
1093,8.4,96,46.6,0.4589092511725321,51,44,True
1094,3.5,110,25.5,0.0176116456006068,21,0,True
1095,14.0,0,79.0,0.0,22,4,False
1096,13.6,111,53.4,1.8626487021616893e-09,193,7,True
1097,4.625,94,99.375,1.88167642328487e-05,267,261,False
1098,14.5,7,160.5,6.0,1,2,False
1099,6.5,24,29.5,3.0,356,2,True
1100,46.0,0,24.0,0.0,5,0,True
1101,14.0961538461538,15,103.53846153846202,0.0727988460150472,1088,454,True
1102,70.6666666666667,97,40.6666666666667,0.253907366434888,7,3,True
1103,12.5,0,12.0,0.0,13,12,True
1104,22.2,112,18.8,1.86264870237853e-09,130,129,True
1105,1.0,0,403.0,0.0,0,2,False
1106,125.0,1245,0.0,261.0,22,17,False
1107,9.8169014084507,104,12.7887323943662,0.841171145857379,170,269,True
1108,66.3333333333333,1,191.666666666667,1.0,15,0,True
1109,6.0,1,6.0,0.0,3,1,True
1110,4.5,0,54.0,0.0,92,29,True
1111,46.8333333333333,99,58.6666666666667,0.253907366434888,17,197,True
1112,5.16666666666667,7,89.75,0.6475830078125,549,171,True
1113,52.6666666666667,2,10.1666666666667,0.9375,143,2,True
1114,5.66666666666667,1,20.6666666666667,0.0,224,36,True
1115,0.9285714285714292,48,38.2857142857143,0.0,452,71,True
1116,24.6666666666667,2,52.0,0.0,97,34,True
1117,1.5,4,6.5,0.9375,74,0,False
1118,4.0,8,211.333333333333,1.0,19,18,False
1119,2.3333333333333304,49,8.0,1.0,17,9,True
1120,16.0,0,34.0,0.0,2,0,True
1121,20.2,104,68.5,1.88167642374147e-05,508,39,False
1122,33.25,104,106.0,5.10575000472517e-15,287,543,False
1123,27.78125,110,18.03125,0.1249830881498459,1007,194,True
1124,50.0,0,60.0,0.0,68,3,True
1125,97.5,2,33.5,0.444444444444444,10,11,False
1126,5.5,50,209.5,2.0,32,4,False
1127,50.0,0,37.0,0.0,20,14,False
1128,20.5,111,55.3333333333333,0.328126072942809,29,22,False
1129,1.5,112,19.5,0.250062141812236,4,2,True
1130,7.3,113,25.6,0.8750014698846391,10,114,False
1131,29.75,0,44.25,0.0,45,9,False
1132,8.66666666666667,115,75.0,0.0012207046042991,47,1,False
1133,9.5,1247,34.0,0.0019588768622043,4,3,False
1134,32.25,2,66.0,0.04,194,8,False
1135,17.4,118,93.4,6.969919744055308e-08,10,11,True
1136,28.0416666666667,116,97.9166666666667,0.481633897613095,194,105,True
1137,27.75,116,11.25,31.0,25,17,False
1138,52.0,118,12.0,0.111131817593935,9,8,False
1139,3.0,3,84.0,2.0,1,2,False
1140,10.9655172413793,119,165.51724137931,0.0398313962171523,456,1161,True
1141,6.66666666666667,3,77.0,0.125,35,4,False
1142,15.142857142857098,5,312.571428571429,0.0,46,44,False
1143,37.0,123,9.0,37.0,1,1,True
1144,28.352941176470605,124,12.9411764705882,0.328140318452911,455,58,True
1145,3.0,125,171.0,0.8750014698846391,96,120,False
1146,53.0,6,33.0,1.0,3,4,False
1147,34.9375,126,44.625,0.253907366434888,318,334,True
1148,25.75,7,45.3333333333333,0.199845679012346,778,10,True
1149,13.5,1,45.0,0.0,97,25,True
1150,10.0,0,25.5,0.0,14,5,False
1151,18.329268292682897,8,107.036585365854,0.0590039942081187,1131,278,True
1152,12.857142857142902,130,40.7142857142857,0.4828551056115789,45,45,True
1153,44.0,131,4.5,42.0,1,3,False
1154,14.6,132,38.4,0.8750014698846391,91,297,True
1155,3.0,1,73.0,0.0,51,4,True
1156,39.0,0,36.3333333333333,0.0,30,9,False
1157,13.8888888888889,133,49.3333333333333,0.32836920023064,76,49,True
1158,15.5,135,47.5,35.0,164,81,True
1159,67.0,2,2.0,1.0,2,1,False
