commit_id,nuc,arexp,ent,ndev,ns,age,asexp,la,ld,target
0,1.0,2.0,0.0,1.0,1,3.0,2.0,3,3,False
1,1.0,0.0,0.0,1.0,1,4.0,0.0,728,706,False
2,0.0,1.0,0.0,0.0,1,0.0,1.0,83,0,True
3,0.0,3.0,2.9538223172809,0.0,1,0.0,3.0,1914,0,True
4,1.33333333333333,4.0,1.58496250072116,0.333333333333333,1,4.0,4.0,3,3,False
5,0.0,2.0,0.0,0.0,1,0.0,2.0,2,3,False
6,1.0,5.0,0.0,1.0,1,9.0,5.0,1,1,False
7,1.0,4.0,0.5435644431995961,0.5,1,9.0,4.0,8,8,False
8,1.33333333333333,15.0,1.20600269024337,0.666666666666667,1,18.6666666666667,11.0,11,10,True
9,0.75,7.0,0.7489530148035791,0.25,1,16.5,7.0,17,29,False
10,1.6666666666666698,10.0,3.39883091984154,0.166666666666667,1,23.61111111111111,10.0,261,36,True
11,1.0,9.0,0.0,1.0,1,31.0,9.0,29,0,False
12,1.8,10.0,1.970345906426,0.4,1,30.2,10.0,33,12,True
13,3.0,11.0,0.0,1.0,1,34.0,11.0,8,1,False
14,2.3,12.0,2.46610511865713,0.3,1,11.5,12.0,262,15,True
15,3.0,13.0,0.0,2.0,1,0.0,13.0,0,1,False
16,3.0,52.0,0.0,1.0,1,44.0,46.0,6,0,False
17,2.0,54.0,0.0,2.0,1,45.0,48.0,6,0,False
18,3.25,14.0,1.64022392894185,0.75,1,52.25,14.0,7,8,False
19,0.0,64.0,0.0,0.0,1,0.0,57.0,5,0,False
20,2.0,66.0,0.0,1.0,1,0.0,59.0,2,1,False
21,1.0,13.0,0.591672778582327,0.5,1,110.0,13.0,12,2,True
22,5.33333333333333,68.0,1.53091803233897,1.0,1,5.66666666666667,61.0,230,43,True
23,2.35714285714286,69.0,2.6477242381774704,0.214285714285714,1,62.21428571428571,62.0,392,205,True
24,3.0,14.0,0.954434002924965,1.5,1,64.5,14.0,12,4,False
25,2.0,15.0,0.0,2.0,1,94.0,15.0,5,5,False
26,0.0,15.0,0.0,0.0,1,0.0,15.0,174,0,False
27,0.0,70.0,0.0,0.0,1,0.0,63.0,213,0,False
28,4.0,16.0,0.0,2.0,1,54.0,16.0,1,1,False
29,1.0,17.0,0.0,1.0,1,12.0,17.0,0,174,False
30,3.0,71.0,0.0,3.0,1,31.0,64.0,8,8,False
31,0.0,72.0,0.0,0.0,1,0.0,65.0,59,0,False
32,2.0,73.0,0.0,2.0,1,19.0,66.0,207,191,False
33,1.0,16.0,0.0,1.0,1,5.0,16.0,3,4,False
34,2.6666666666666696,75.0,3.51424740077419,0.121212121212121,1,54.6969696969697,68.0,5039,4567,True
35,2.0,76.0,1.41192268597619,0.4,1,99.8,69.0,131,83,False
36,7.0,78.0,0.0,3.0,1,0.0,71.0,0,3,False
37,5.0,79.0,0.989682299108372,1.5,1,0.0,72.0,170,123,False
38,0.0,80.0,0.0,0.0,1,0.0,73.0,70,0,False
39,2.5,18.0,0.991820797421842,1.5,1,85.5,18.0,72,22,True
40,4.0,18.0,0.0,3.0,1,29.0,18.0,9,11,True
41,1.0,19.0,0.0,1.0,1,137.0,19.0,1,0,False
42,1.4,20.0,2.83059952162283,0.3,1,1.2,20.0,430,33,False
43,3.675,24.0,4.442772574560781,0.1,1,40.1,24.0,483,403,True
44,6.0,25.0,0.0,3.0,1,0.0,25.0,10,9,False
45,4.25,27.0,0.936660626154714,0.75,1,44.5,27.0,102,53,True
46,8.0,28.0,0.0,3.0,1,7.0,28.0,3,3,False
47,3.0,22.0,0.0,3.0,1,8.0,22.0,2,19,False
48,3.0,23.0,0.0,3.0,1,8.0,23.0,14,14,False
49,4.91666666666667,89.0,3.1094653294733194,0.166666666666667,1,7.33333333333333,82.0,542,805,True
50,4.0,93.0,0.0,3.0,1,3.0,86.0,11,40,False
51,4.0,29.0,2.62858705760065,0.1739130434782609,1,63.304347826087,29.0,3678,3545,True
52,4.4375,26.0,3.8200058892153,0.25,1,82.5,26.0,68,62,True
53,0.0,30.0,5.116199915665232,0.0,1,0.0,30.0,2645,0,True
54,9.0,31.0,0.0,3.0,1,14.0,31.0,22,5,True
55,8.4,32.0,1.3489005028248302,0.8,1,17.8,32.0,422,142,True
56,2.0,0.0,0.0,1.0,1,1.0,0.0,1,1,False
57,3.0,21.0,0.0,1.0,1,3.0,12.0,4,4,False
58,3.0,2.0,0.0,1.0,1,13.0,1.0,1,1,False
59,0.75,23.0,4.1873761066506,0.0555555555555556,1,11.6388888888889,13.0,625,329,False
60,2.0,96.0,0.0,1.0,1,28.0,0.0,1,1,False
61,2.0,26.0,2.36645220295406,0.125,1,31.0,15.0,88,63,True
62,4.0,3.0,0.0,1.0,1,28.0,0.0,6,0,False
63,2.0,3.0,0.0,1.0,1,10.0,2.0,43,37,False
64,2.6666666666666696,27.0,1.10128694406173,0.333333333333333,1,29.6666666666667,16.0,69,5,True
65,3.0,28.0,0.0,1.0,1,37.0,17.0,2,2,False
66,3.75,4.0,1.0349076292335602,0.5,1,11.0,3.0,50,4,True
67,2.1666666666666696,5.0,2.17829387149189,0.166666666666667,1,44.0,4.0,40,22,False
68,3.0,4.0,1.34808487511482,0.25,1,44.0,1.0,93,34,False
69,0.0,29.0,0.0,0.0,1,0.0,18.0,114,0,False
70,1.94444444444444,9.0,3.37259809960238,0.166666666666667,3,27.0,0.4999237921048621,959,434,True
71,2.96969696969697,10.0,3.6090648584846496,0.121212121212121,1,28.4848484848485,8.0,997,477,True
72,2.5,11.0,0.91829583405449,1.5,1,29.0,9.0,7,2,False
73,5.33333333333333,12.0,1.55665670746282,1.33333333333333,1,8.0,10.0,5,2,False
74,3.4285714285714306,13.0,1.50568828885755,0.5714285714285711,1,30.5714285714286,11.0,172,48,True
75,4.66666666666667,14.0,1.4281945908435,1.0,1,1.0,12.0,3,20,False
76,4.1,34.0,2.20985054579552,0.3,2,9.4,0.0,486,209,True
77,4.02564102564103,35.0,4.5129973433116914,0.102564102564103,1,24.076923076923105,1.0,137,97,True
78,6.5,36.0,0.518569731788306,1.5,1,4.0,2.0,150,22,False
79,0.0,37.0,0.8381001270109292,0.0,1,0.0,3.0,665,0,False
80,6.0,38.0,1.41740401420836,1.0,1,0.75,4.0,150,93,False
81,3.63157894736842,30.0,3.29408477825355,0.157894736842105,1,17.2105263157895,19.0,269,95,True
82,3.4166666666666696,16.0,1.96371791035102,0.4166666666666671,3,4.41666666666667,0.3888888772736021,378,76,True
83,3.6,17.0,1.24221985803475,0.8,2,23.2,0.748046875,170,8,True
84,9.0,39.0,1.05681105205364,1.33333333333333,2,13.333333333333302,8.549250196665529e-11,114,75,True
85,0.0,40.0,0.8210346822436949,0.0,1,0.0,6.0,160,0,False
86,6.0,41.0,0.230709955691476,1.5,2,7.0,8.776623872108759e-11,60,20,True
87,13.0,34.0,0.0,3.0,1,1.0,22.0,7,4,False
88,4.5,35.0,3.977357501874181,0.153846153846154,1,21.1538461538462,23.0,535,188,True
89,5.76923076923077,37.0,1.75165798080679,0.307692307692308,3,0.230769230769231,0.0002286232916088,168,151,True
90,6.75,38.0,1.75,1.0,2,4.25,0.0078109205933287,17,7,True
91,4.8125,43.0,2.67650659141608,0.25,2,14.375,8.84483597474173e-11,515,414,True
92,6.5,39.0,0.8865408928220899,1.5,2,0.0,0.0078109205969667,9,37,False
93,5.45,6.0,3.1914855925109302,0.2,1,22.05,3.0,242,146,True
94,7.0,7.0,0.0,3.0,1,4.0,4.0,0,2,False
95,6.2,43.0,1.71318485809093,0.4,3,6.5,0.0002286232916088,727,438,False
96,9.33333333333333,44.0,0.98801063631556,1.33333333333333,2,7.33333333333333,0.007810920600491,63,17,True
97,1.0,8.0,0.0,1.0,1,13.0,5.0,168,40,True
98,6.307692307692308,18.0,1.83960685174953,0.307692307692308,2,8.69230769230769,0.7480545043945309,319,36,True
99,14.666666666666698,52.0,0.533506541391856,1.33333333333333,2,8.0,0.0078109206006034,102,2,True
100,5.28571428571429,61.0,2.57746866544244,0.285714285714286,4,6.571428571428571,2.03525024367786e-05,1455,12,True
101,12.666666666666698,63.0,1.31664733333952,1.33333333333333,3,28.6666666666667,0.0002288323663734,31,1,False
102,12.25,64.0,0.8222180433061759,0.75,2,3.0,0.0078109206006038,181,5,False
103,13.666666666666698,65.0,1.45914791702724,1.0,2,7.66666666666667,0.0078109206006038,7,5,True
104,14.333333333333302,66.0,1.20980033866048,1.0,2,0.0,0.0078109206006038,15,10,True
105,15.333333333333302,67.0,1.47721700146248,1.0,2,0.0,0.0078109206006038,14,2,False
106,18.3333333333333,21.0,0.99359249745318,1.33333333333333,2,15.0,0.748060703277588,85,6,False
107,27.0,23.0,0.258018668664815,1.5,2,13.5,0.7480614185333249,36,33,False
108,26.5,25.0,0.468995593589281,1.5,2,0.0,0.74806159734726,20,0,False
109,21.0,28.0,0.4097802081493181,1.0,2,9.0,0.7480616495013241,76,1,False
110,18.0,29.0,1.63711554562917,0.666666666666667,2,14.166666666666698,0.748061653226614,225,88,True
111,30.5,32.0,0.468995593589281,1.5,2,4.5,0.7480616564862429,20,0,False
112,12.272727272727304,33.0,2.2183964866662595,0.454545454545455,3,30.1818181818182,0.388838095155948,389,155,True
113,27.3333333333333,34.0,1.49491884823395,1.33333333333333,2,36.6666666666667,0.748061656835489,9,2,False
114,38.5,35.0,0.779349837292085,2.0,2,0.0,0.7480616568936971,8,5,False
115,34.5,36.0,0.779349837292085,1.5,2,48.0,0.7480616569228001,12,1,True
116,17.0,76.0,1.27900036922196,0.6,2,20.2,0.0078109206006038,101,3,False
117,15.8,77.0,1.19408268861589,0.6,2,32.8,0.0078109206006038,130,5,True
118,28.6666666666667,40.0,0.9576217384493928,1.33333333333333,2,44.6666666666667,0.748061656950085,151,117,True
119,32.6666666666667,41.0,1.40410745138709,1.6666666666666698,2,7.33333333333333,0.748061656950995,24,1,True
120,9.44,44.0,3.06490690036086,0.2,2,74.4,0.7480616569517909,695,393,True
121,21.25,46.0,1.22866806358482,0.75,2,17.0,0.7480616569518471,92,8,True
122,18.5714285714286,47.0,1.63104621062235,0.5714285714285711,3,24.285714285714302,0.388838095155948,155,98,False
123,41.5,48.0,0.7553754125614291,1.5,2,59.5,0.748061656951869,22,1,False
124,11.625,50.0,2.09803375927719,0.5,3,39.75,0.388888908152101,308,16,True
125,4.585365853658541,78.0,5.3975361829742,0.0487804878048781,2,72.6341463414634,0.0078109206006038,991,2398,True
126,11.0714285714286,38.5,3.956413198497181,0.178571428571429,2,52.96428571428571,8.861889000399971e-11,231,212,True
127,29.3333333333333,52.0,1.19690261225867,1.0,2,53.3333333333333,0.748061656951875,57,11,False
128,18.4166666666667,40.5,1.63176219592391,0.4166666666666671,3,18.6666666666667,5.0064398586150105e-17,789,709,True
129,26.8333333333333,41.5,0.63920807843036,0.833333333333333,3,8.0,5.00644361959505e-17,500,457,True
130,25.2,55.0,1.19265868743789,0.8,2,8.2,0.748061656951876,230,19,True
131,55.5,56.0,0.8631205685666309,2.0,2,0.5,0.748061656951876,6,1,False
132,2.425,58.0,4.74836113425247,0.075,2,4.6,0.748061656951876,7087,4,True
133,26.6666666666667,59.0,2.17235760477816,0.833333333333333,2,16.0,0.748061656951876,306,29,True
134,8.70588235294118,80.0,3.09045100337822,0.294117647058824,3,2.7058823529411806,0.0002288326547443,1635,7,True
135,22.6,81.0,1.7364416173910502,0.6,2,37.2,0.0078109206006038,179,15,True
136,9.3,60.0,1.78078439816396,0.2,2,13.45,0.748061656951876,800,562,True
137,10.1,61.0,3.3875771866320896,0.2,2,11.4,0.748061656951876,1450,190,True
138,60.0,64.0,0.5435644431995961,2.0,2,0.0,0.748061656951876,13,3,False
139,37.0,65.0,0.623034204300968,1.0,2,58.0,0.748061656951876,182,128,False
140,19.5555555555556,67.0,2.54550784279422,0.444444444444444,2,2.1111111111111103,0.748061656951876,105,39,True
141,13.2105263157895,69.0,3.3975270474369,0.2105263157894739,2,38.0526315789474,0.748061656951876,243,122,True
142,58.0,70.0,0.985228136034252,1.5,2,12.0,0.748061656951876,6,1,False
143,29.6,71.0,1.92829428147455,0.8,2,31.2,0.748061656951876,32,11,False
144,58.0,74.0,0.226410948421076,1.5,2,18.0,0.748061656951876,34,48,False
145,63.0,86.0,0.940285958670631,1.5,2,3.5,0.0078109206006038,25,17,False
146,66.0,76.0,0.994030211476956,1.5,2,9.0,0.748061656951876,4,7,False
147,39.0,81.0,0.838047640532869,0.75,2,66.5,0.748061656951876,23,22,False
148,8.41176470588235,83.0,3.2953141600176696,0.1764705882352939,2,54.1176470588235,0.748061656951876,579,348,False
149,66.0,84.0,0.6098403047164,1.5,2,20.5,0.748061656951876,16,4,False
150,45.0,86.0,1.41802600556081,1.0,2,1.0,0.748061656951876,16,5,False
151,39.5,87.0,1.47915930866466,1.0,2,31.75,0.748061656951876,27,16,False
152,45.6666666666667,89.0,0.411110798751392,1.0,2,23.6666666666667,0.748061656951876,89,2,False
153,50.3333333333333,90.0,0.410900706259197,1.0,2,29.0,0.748061656951876,38,67,True
154,36.3333333333333,92.0,2.07266255120384,0.833333333333333,2,26.6666666666667,0.748061656951876,114,108,True
155,0.0,90.0,0.0,0.0,1,0.0,74.0,103,0,True
156,14.823529411764698,95.0,2.22342079580685,0.235294117647059,2,80.2941176470588,0.748061656951876,541,330,True
157,12.642857142857098,91.0,3.37669068277538,0.285714285714286,3,30.785714285714302,0.0002288326547443,217,67,True
158,35.6666666666667,96.0,2.1837788869232697,0.833333333333333,4,48.1666666666667,0.33333428714324,21,19,True
159,22.0,97.0,2.16193464763778,0.4285714285714289,2,21.71428571428569,0.748061656951876,186,94,False
160,5.72222222222222,93.0,4.04717067826298,0.138888888888889,3,17.3055555555556,0.0002288326547443,4701,10,True
161,13.387096774193498,99.0,3.09009814033912,0.129032258064516,3,66.258064516129,0.388838095155948,1502,636,True
162,52.0,95.0,1.48365916439796,1.0,2,11.0,0.0078109206006038,15,2,False
163,61.6666666666667,101.0,1.18203209429095,1.0,2,16.0,0.748061656951876,26,7,False
164,10.823529411764698,8.0,3.02944396632154,0.1764705882352939,2,24.9411764705882,0.123046875,1009,448,False
165,23.11111111111111,104.0,1.03080212815577,0.555555555555556,3,16.7777777777778,0.388888908152101,542,157,True
166,3.56818181818182,106.0,5.06555848041813,0.0909090909090909,2,0.0,0.748061656951876,4712,0,True
167,28.5,107.0,1.9307591054571296,0.666666666666667,2,27.0,0.748061656951876,17,18,False
168,29.8333333333333,8.5,2.17303389202017,0.666666666666667,2,5.83333333333333,0.125,17,16,False
169,34.3333333333333,111.0,1.30305100683999,0.666666666666667,2,31.3333333333333,0.748061656951876,244,10,True
170,86.5,35.0,0.91829583405449,2.0,2,6.0,8.867395706602109e-11,3,0,False
171,61.3333333333333,36.0,1.05774223812706,1.6666666666666698,2,4.0,8.867484524444079e-11,22,4,True
172,22.875,39.0,2.94804112059052,0.25,2,81.625,8.867534484480191e-11,127,46,True
173,20.466666666666697,41.0,2.7213341825592,0.266666666666667,2,19.533333333333303,8.867542811152868e-11,128,66,True
174,88.5,99.0,0.216396932451265,2.0,2,17.0,0.0078109206006038,44,14,False
175,94.0,42.0,0.91829583405449,2.0,2,14.0,8.867544198931649e-11,4,2,False
176,13.25,114.0,2.11142266505255,0.25,2,32.75,0.748061656951876,1826,168,False
177,47.75,44.0,1.60402462017591,1.0,2,33.5,8.867545239765741e-11,26,1,False
178,16.44,45.0,3.67776093813633,0.16,2,58.4,8.867545413238091e-11,463,341,False
179,10.5833333333333,46.0,3.66176545208304,0.166666666666667,1,0.0,25.0,341,461,False
180,43.8,46.0,1.57311588796465,0.8,2,25.8,8.8675455216583e-11,67,36,False
181,28.0909090909091,46.0,2.29532208819501,0.454545454545455,2,12.9090909090909,8.867545543342349e-11,110,31,True
182,11.0,48.0,0.134029796168036,1.5,1,64.5,28.0,72,35,True
183,52.5,49.0,1.47300857589144,1.0,2,42.0,8.867545558250129e-11,137,5,True
184,0.0,50.0,1.04182151390293,0.0,1,0.0,30.0,659,0,True
185,30.5454545454545,119.0,2.50032053327114,0.363636363636364,3,34.7272727272727,0.388838095155948,911,549,True
186,25.21428571428569,120.0,3.44947693499057,0.285714285714286,2,38.1428571428571,0.748061656951876,131,78,False
187,108.0,122.0,0.970950594454669,2.0,2,0.0,0.748061656951876,4,1,False
188,99.0,123.0,0.7219280948873621,2.0,2,119.5,0.748061656951876,3,2,False
189,43.5,124.0,1.25791649129564,0.833333333333333,2,3.5,0.748061656951876,153,4,False
190,16.052631578947402,125.0,4.12930556600306,0.1052631578947369,2,27.868421052631607,0.748061656951876,534,387,True
191,105.0,52.0,0.91829583405449,2.0,2,0.0,8.8675455601136e-11,5,1,False
192,107.5,53.0,0.371232326640876,2.0,2,0.0,8.867545560283008e-11,21,7,False
193,47.2,127.0,0.9315142267481972,0.8,2,91.2,0.748061656951876,7,77,False
194,12.952380952381,54.0,3.1689672547674603,0.19047619047619,2,29.2380952380952,8.867545560367709e-11,1787,722,True
195,24.095238095238106,130.0,3.0229102964818706,0.238095238095238,3,11.047619047619,0.388838095155948,1757,1008,True
196,79.3333333333333,132.0,1.16816091980765,1.33333333333333,2,0.666666666666667,0.748061656951876,36,6,False
197,23.9375,134.5,3.50913925724675,0.25,2,95.5,0.748061656951876,210,20,True
198,62.25,135.5,1.95914791702724,1.25,2,2.25,0.748061656951876,9,3,False
199,67.25,137.5,1.09431012811469,1.0,2,2.75,0.748061656951876,42,3,True
200,52.0,138.5,0.918133675834694,0.8,2,7.6,0.748061656951876,242,23,True
201,111.0,92.0,0.3912435636292561,2.0,2,2.0,0.0078109206006038,7,6,False
202,11.093023255814,138.5,4.852674080152863,0.0930232558139535,2,105.744186046512,0.748061656951876,560,365,True
203,115.5,143.0,1.0,2.5,2,19.5,0.748061656951876,3,1,False
204,58.0,94.5,1.40123437929622,1.25,2,51.5,0.0078109206006038,14,7,False
205,123.5,95.0,0.322756958897398,2.5,2,21.0,0.0078109206006038,25,26,True
206,81.6666666666667,144.5,1.03172907641683,1.6666666666666698,2,12.333333333333302,0.748061656951876,295,93,True
207,84.0,146.5,0.6868472757845839,1.6666666666666698,2,11.333333333333302,0.748061656951876,224,8,True
208,127.5,97.5,0.7642045065086199,2.5,2,2.0,0.0078109206006038,6,3,False
209,42.1111111111111,148.5,2.51922596188425,0.555555555555556,2,37.1111111111111,0.748061656951876,81,23,False
210,134.0,98.5,0.4178642624458579,2.5,2,21.5,0.0078109206006038,58,13,False
211,69.75,149.5,1.08039996968552,1.25,2,23.25,0.748061656951876,109,28,True
212,86.6666666666667,99.0,1.26032352507905,1.6666666666666698,2,58.6666666666667,0.0078109206006038,65,4,False
213,87.6666666666667,100.0,1.26032352507905,1.6666666666666698,2,0.0,0.0078109206006038,4,65,False
214,17.7,151.5,2.6377983204601803,0.166666666666667,3,34.5333333333333,0.388838095155948,1216,592,True
215,38.5555555555556,150.0,2.31008996792458,0.555555555555556,2,34.8888888888889,0.748061656951876,317,35,True
216,130.0,101.0,0.845350936622437,2.5,2,2.0,0.0078109206006038,7,4,False
217,15.7741935483871,100.5,3.940084232079992,0.193548387096774,3,106.645161290323,0.0002288326547443,1016,513,True
218,139.5,156.0,0.167026804045228,2.5,2,41.5,0.748061656951876,52,29,True
219,22.03846153846149,159.0,3.53509111471842,0.230769230769231,2,140.538461538462,0.748061656951876,929,79,True
220,16.6,50.0,2.1583916430904497,0.266666666666667,1,89.9333333333333,36.0,584,274,True
221,9.75,51.0,0.98754640870078,1.0,1,154.0,37.0,56,32,True
222,109.333333333333,7.5,1.50524081494415,2.0,2,3.6666666666666696,0.12646484375,15,1,False
223,1.0,51.6666666666667,0.0,1.0,1,53.0,38.0,53,17,False
224,12.2,52.5,2.98695657654413,0.4,1,12.2,39.0,635,122,True
225,24.0,53.5,0.970950594454669,2.5,1,8.5,40.0,18,2,False
226,12.3181818181818,160.0,3.60298131650791,0.227272727272727,2,11.4545454545455,0.748061656951876,4468,1,True
227,83.75,161.0,0.707540088059539,1.25,2,41.0,0.748061656951876,404,315,True
228,98.3333333333333,55.3333333333333,0.6395563653739029,1.6666666666666698,2,41.6666666666667,8.867545560441659e-11,71,4,True
229,135.5,57.3333333333333,0.881290899230693,2.5,2,0.0,8.867545560441871e-11,10,0,False
230,149.5,58.3333333333333,0.91829583405449,2.5,2,9.5,8.86754556044191e-11,5,4,False
231,59.8333333333333,157.0,1.5616014775747702,0.833333333333333,2,5.5,0.748061656951876,261,9,False
232,153.0,157.5,0.3776463213736999,2.5,2,4.0,0.748061656951876,37,4,True
233,140.5,8.5,0.970950594454669,2.5,2,7.0,0.126708984375,4,1,False
234,155.5,60.1666666666667,0.2329278554698119,2.5,2,10.5,8.867545560441929e-11,44,35,False
235,145.5,158.0,0.970950594454669,2.5,2,98.0,0.748061656951876,5,0,False
236,157.0,159.0,0.4912373418243329,2.5,2,0.5,0.748061656951876,11,17,False
237,158.0,160.0,0.260862909647207,2.5,2,1.0,0.748061656951876,43,25,False
238,159.0,161.0,0.7219280948873621,2.5,2,2.0,0.748061656951876,4,6,False
239,160.0,162.0,0.329846070207146,2.5,2,0.0,0.748061656951876,19,14,False
240,112.0,60.5,1.5612781244591298,2.0,2,19.6666666666667,8.867545560441939e-11,6,2,False
241,83.25,61.5,1.6571830911243897,1.25,2,59.0,8.867545560441939e-11,79,43,True
242,97.25,160.0,1.76226739065149,1.5,2,17.25,0.748061656951876,17,6,False
243,48.0,0.0,3.0990813308178,0.5,2,28.5,0.0,51,40,True
244,109.666666666667,161.0,0.5806152525673289,2.0,2,61.6666666666667,0.748061656951876,87,57,False
245,57.0,62.3333333333334,1.79825524113923,0.857142857142857,2,19.2857142857143,8.867545560441939e-11,338,211,True
246,147.0,88.0,0.9932338197397068,3.0,2,0.0,0.0078109206006038,20,11,False
247,147.0,89.0,0.0972741420746481,3.0,2,13.5,0.0078109206006038,3,236,False
248,39.375,63.3333333333334,1.1790872708663998,0.75,2,180.625,8.867545560441939e-11,74,364,False
249,68.6666666666667,66.3333333333333,1.76494749006398,1.16666666666667,2,31.6666666666667,8.867545560441939e-11,142,16,False
250,166.0,1.0,0.684038435639042,3.0,2,19.5,1.0,7,4,False
251,156.0,161.5,0.985228136034252,3.0,2,17.0,0.748061656951876,6,1,False
252,25.4,2.0,2.6531285288358,0.4666666666666671,4,303.533333333333,0.625,487,193,True
253,166.5,163.5,0.684038435639042,3.0,2,41.5,0.748061656951876,7,4,False
254,22.535714285714302,3.0,4.56836082707422,0.214285714285714,2,125.071428571429,1.75,47,46,True
255,33.823529411764696,166.5,2.44174143563219,0.3529411764705879,3,35.7058823529412,0.388838095155948,860,453,True
256,162.0,168.5,0.881290899230693,3.0,2,43.5,0.748061656951876,6,4,False
257,63.375,169.5,1.43575873574273,0.875,3,43.75,0.388838095155948,216,141,True
258,126.333333333333,165.0,1.33467914105159,2.3333333333333304,2,12.666666666666698,0.748061656951876,7,6,False
259,164.0,168.5,0.954434002924965,3.0,2,11.5,0.748061656951876,8,0,False
260,166.5,68.8333333333333,0.1551032721030339,3.0,2,78.5,8.867545560441939e-11,2,87,False
261,76.2,11.5,1.26825006947084,1.2,2,75.0,0.126907348632812,240,39,True
262,6.5961538461538485,85.0,4.8187900595725095,0.115384615384615,2,0.0384615384615385,0.0078109206006038,5349,6,True
263,29.0,4.0,2.26786349470298,0.375,3,379.6875,0.987654320987654,487,430,True
264,194.0,181.0,0.281193796432043,3.0,2,21.0,0.748061656951876,24,17,False
265,185.5,182.0,0.258018668664815,3.0,2,31.0,0.748061656951876,45,1,False
266,20.6666666666667,69.6666666666666,3.73901446590386,0.166666666666667,3,75.3333333333333,5.0064454183991204e-17,485,249,True
267,176.5,183.0,0.970950594454669,3.0,2,20.5,0.748061656951876,4,1,True
268,70.0,70.6666666666666,0.722620000940075,1.0,2,18.0,8.867545560441939e-11,224,13,True
269,180.5,12.166666666666698,0.779349837292085,3.0,2,22.5,0.126922607421875,12,1,False
270,29.095238095238106,186.0,3.86846850271331,0.285714285714286,2,78.28571428571429,0.748061656951876,454,75,True
271,50.0,188.0,2.64924278630381,0.666666666666667,2,95.6666666666667,0.748061656951876,74,19,True
272,26.6666666666667,86.0,3.70093786915515,0.333333333333333,2,104.555555555556,0.0078109206006038,43,92,True
273,189.0,189.0,0.811278124459133,3.0,2,1.0,0.748061656951876,10,2,True
274,77.8333333333333,87.0,2.4276114952399905,1.0,2,2.8333333333333304,0.0078109206006038,28,11,False
275,68.1666666666667,72.3333333333333,2.20307130606271,1.0,2,95.6666666666667,8.867545560441939e-11,15,6,False
276,184.0,89.0,1.0,3.0,2,25.0,0.0078109206006038,5,1,True
277,49.625,74.3333333333333,2.10644084700039,0.75,2,32.25,8.867545560441939e-11,79,27,False
278,110.25,75.3333333333333,1.30617542695083,1.5,2,17.75,8.867545560441939e-11,54,20,False
279,187.0,193.5,0.4912373418243329,3.0,2,204.5,0.748061656951876,28,0,False
280,0.0,192.5,0.9989802737140192,0.0,1,0.0,210.0,133,0,True
281,110.25,5.0,1.18239034925146,1.5,2,37.0,1.9375,220,1,True
282,194.5,95.0,0.970950594454669,3.0,2,45.5,0.0078109206006038,4,1,True
283,130.0,96.0,1.4219115073546398,2.0,2,17.3333333333333,0.0078109206006038,20,3,True
284,156.666666666667,185.5,0.0650907696958496,2.0,2,29.0,0.748061656951876,373,220,True
285,24.8333333333333,12.5,3.1717328818814905,0.333333333333333,3,109.0,0.0185438953384832,912,271,True
286,0.0,13.5,0.914125521175103,0.0,1,0.0,15.0,243,0,False
287,143.0,9.0,0.703933343193903,2.0,2,40.6666666666667,1.9921875,103,0,True
288,6.745762711864411,99.0,4.45863343221717,0.101694915254237,2,0.305084745762712,0.0078109206006038,9734,0,True
289,106.25,96.8333333333332,1.71768569538727,1.5,3,163.0,0.0002286233872078,14,8,False
290,57.0,94.1666666666666,2.31086476161443,0.6,2,85.3,0.0078109206006038,180,13,True
291,214.0,95.1666666666666,0.0339194535836665,3.0,2,30.0,0.0078109206006038,286,279,False
292,201.5,96.1666666666666,0.6193821946787641,3.0,2,13.0,0.0078109206006038,6,7,False
293,43.3,62.3333333333334,2.18121869811153,0.6,2,146.9,8.867545560441939e-11,162,15,True
294,48.0,63.3333333333334,1.3534238582693798,0.666666666666667,2,67.0,8.867545560441939e-11,1233,5,True
295,80.6666666666667,64.3333333333334,1.7472076766727298,1.0,2,91.5,8.867545560441939e-11,169,28,True
296,207.0,168.0,0.845350936622437,3.0,2,68.0,0.748061656951876,9,2,True
297,77.28571428571429,169.833333333333,1.4948032787926,0.857142857142857,2,45.28571428571429,0.748061656951876,333,28,True
298,12.6571428571429,94.9999999999999,4.36470303056677,0.1714285714285709,2,113.657142857143,0.0078109206006038,2075,299,False
299,224.5,97.3333333333332,0.7642045065086199,3.0,2,80.5,0.0078109206006038,7,2,True
300,234.5,99.4999999999998,0.811278124459133,3.0,2,19.5,0.0078109206006038,9,3,True
301,120.0,97.83333333333309,1.33902009225954,1.5,2,209.5,0.0078109206006038,62,3,True
302,124.0,98.83333333333309,1.4820318255547602,1.5,2,71.75,0.0078109206006038,110,19,True
303,11.525,65.0000000000001,4.33336425334783,0.15,2,37.825,8.867545560441939e-11,2218,971,True
304,125.75,13.0,0.471396438599507,1.75,2,62.75,0.126935958862305,237,187,True
305,67.5,65.8333333333334,2.7249552067530503,0.875,2,6.375,8.867545560441939e-11,469,83,True
306,116.25,66.0833333333334,1.26481269480915,1.75,2,304.5,8.867545560441939e-11,129,20,True
307,122.5,13.5,0.50499299496068,1.75,2,109.75,0.126936435699463,114,2,True
308,120.25,62.9166666666667,1.7436867701676002,1.75,2,119.5,8.867545560441939e-11,30,17,False
309,46.9090909090909,146.166666666667,2.83235151902961,0.6363636363636359,2,163.909090909091,0.748061656951876,166,25,False
310,251.5,12.333333333333302,0.468995593589281,3.5,2,105.0,0.126936674118042,7,13,True
311,139.0,62.3333333333334,1.1690802245952,1.75,2,91.25,8.867545560441939e-11,149,32,True
312,109.4,93.9999999999996,2.0095419864446,1.4,3,150.0,0.0002286232916088,12,7,False
313,167.0,13.333333333333302,0.2372546152308239,2.6666666666666696,2,0.666666666666667,0.126936793327332,92,0,True
314,82.75,14.333333333333302,1.897019701008969,1.0,2,16.875,0.126936852931976,362,119,True
315,173.0,127.833333333333,1.1770225546116295,2.6666666666666696,2,143.333333333333,0.748061656951876,21,1,True
316,52.3125,10.5,2.97669965711929,0.5,2,108.5,1.99603271484375,483,55,True
317,0.0,11.5,1.7904148113034202,0.0,1,0.0,15.0,524,0,True
318,110.2,1.0,1.88820307711595,1.8,2,52.2,1.0,187,13,True
319,171.333333333333,2.0,0.7167256591148791,3.0,2,28.0,1.5,29,0,True
320,149.5,3.0,0.50082441333099,2.5,3,80.75,0.962962962962963,5,214,False
321,0.0,4.0,0.0,0.0,1,0.0,3.0,24,0,False
322,185.666666666667,13.916666666666698,0.574828144380386,3.0,2,0.0,0.126936882734299,28,1,False
323,48.8571428571429,62.6666666666667,3.0045559168625293,0.6428571428571429,2,41.2857142857143,8.867545560441939e-11,135,91,True
324,175.0,63.3333333333334,1.2036908806058502,3.0,2,155.333333333333,8.867545560441939e-11,33,4,True
325,265.0,88.4999999999997,0.684038435639042,4.5,2,35.0,0.0078109206006038,18,4,True
326,29.0,89.4999999999997,0.0,4.0,1,0.0,152.0,5,3,False
327,36.4,3.0,3.86962413063125,0.45,2,91.35,1.75,97,73,True
328,180.666666666667,12.0,0.9765579078596972,3.0,2,25.0,1.9960708618164096,74,44,True
329,72.5714285714286,84.5833333333332,2.04275194359517,1.28571428571429,2,0.0,0.0078109206006038,989,0,True
330,115.6,5.0,1.91765949623364,1.8,2,14.8,1.90625,47,35,True
331,186.666666666667,66.1666666666668,1.10469718010153,3.0,2,23.3333333333333,8.867545560441939e-11,51,45,True
332,139.5,67.1666666666668,0.547580671843803,2.25,2,52.0,8.867545560441939e-11,47,0,False
333,31.1904761904762,5.0,3.26707994298197,0.4761904761904761,2,349.142857142857,1.78125,2311,89,True
334,186.333333333333,67.6666666666668,0.662994952256556,3.0,2,10.0,8.867545560441939e-11,145,6,True
335,65.4444444444444,126.999999999999,2.8050497166752897,1.11111111111111,4,274.66666666666697,0.2708333334689239,105,6,True
336,120.4,128.083333333333,0.5710218411817559,1.8,2,49.4,0.748061656951876,81,4,True
337,121.0,128.749999999999,1.24582900568591,1.8,2,41.4,0.748061656951876,131,87,False
338,146.0,131.749999999999,0.919280750384012,2.25,2,12.0,0.748061656951876,164,7,True
339,283.5,133.749999999999,0.970950594454669,4.5,2,53.5,0.748061656951876,5,0,False
340,282.5,134.749999999999,1.0,4.5,2,8.0,0.748061656951876,4,4,False
341,189.666666666667,7.0,1.34201921781952,3.0,2,3.6666666666666696,1.953125,21,1,True
342,192.333333333333,68.5000000000001,1.23266025681582,3.0,2,44.6666666666667,8.867545560441939e-11,32,4,True
343,151.25,138.0,1.46564514842099,2.25,2,42.25,0.748061656951876,41,29,True
344,137.0,86.4999999999999,1.15322200501852,2.25,2,46.75,0.0078109206006038,33,12,True
345,273.5,88.49999999999979,1.0,4.5,2,470.5,0.0078109206006038,4,0,False
346,90.1428571428571,89.49999999999979,1.93708866327001,1.28571428571429,3,56.8571428571429,0.0002286233872078,373,4,True
347,141.0,90.4999999999998,1.18755167315581,2.25,2,416.0,0.0078109206006038,23,20,False
348,149.0,8.0,1.39390173549496,2.25,2,38.5,1.9609375,216,7,True
349,282.5,142.416666666666,1.0,4.5,2,4.0,0.748061656951876,3,1,False
350,30.5882352941176,91.2499999999998,4.12383844904417,0.264705882352941,2,210.85294117647095,0.0078109206006038,35,181,False
351,64.9,92.2499999999998,2.46192823225664,1.0,4,822.5,2.03487771322693e-05,19,2364,True
352,155.5,94.2499999999997,1.4299111709758705,2.25,2,20.75,0.0078109206006038,11,17,False
353,32.4583333333333,95.583333333333,2.9135593877272403,0.375,2,146.333333333333,0.0078109206006038,431,477,True
354,80.6666666666667,97.583333333333,2.62443367524207,1.0,2,41.3333333333333,0.0078109206006038,259,297,True
355,71.1111111111111,98.583333333333,2.39391503919188,1.0,2,85.1111111111111,0.0078109206006038,199,46,False
356,199.333333333333,68.0833333333334,1.19417373425691,3.0,2,6.33333333333333,8.867545560441939e-11,61,11,True
357,125.0,146.5,1.96944920761134,1.8,2,25.0,0.748061656951876,26,11,True
358,7.0,12.0,0.0,4.0,1,13.0,12.0,3,1,True
359,168.25,13.0,1.52164063634332,2.25,2,3.25,1.9676513671875,19,9,True
360,286.5,147.5,0.147310666930454,4.5,2,20.5,0.748061656951876,90,100,False
361,310.5,15.0,0.0695296469948078,4.5,2,13.5,1.96783447265625,49,71,False
362,59.6153846153846,98.7499999999997,2.45216961830348,0.7692307692307689,4,151.69230769230802,2.03525024367786e-05,16,1418,False
363,58.8571428571429,99.7499999999997,3.09113440238446,0.6428571428571429,2,89.7857142857143,0.0078109206006038,274,280,True
364,293.0,100.833333333333,0.371232326640876,4.5,2,1.0,0.0078109206006038,42,0,True
365,315.0,101.833333333333,0.529360865287364,4.5,2,2.5,0.0078109206006038,7,18,False
366,207.333333333333,102.833333333333,0.737368531813812,3.0,2,23.6666666666667,0.0078109206006038,181,7,True
367,301.0,103.833333333333,0.954434002924965,4.5,2,99.0,0.0078109206006038,3,5,False
368,295.5,104.833333333333,1.0,4.5,2,99.0,0.0078109206006038,2,2,False
369,62.9166666666667,105.833333333333,3.172611975770589,0.75,2,79.25,0.0078109206006038,30,73,True
370,318.0,106.833333333333,0.529360865287364,4.5,2,0.5,0.0078109206006038,15,10,False
371,209.666666666667,16.0,0.445465943821275,3.0,2,2.0,1.96786499023438,89,65,True
372,311.5,108.833333333333,0.985228136034252,4.5,2,3.5,0.0078109206006038,4,3,False
373,214.333333333333,17.0,0.966464369761868,3.0,2,1.33333333333333,1.96788024902344,157,19,True
374,138.8,148.5,0.8853569152758459,1.8,2,17.0,0.748061656951876,119,6,True
375,130.6,18.0,1.02753364190563,1.8,2,12.0,1.9678878784179696,298,31,True
376,324.0,110.5,0.529360865287364,4.5,2,7.5,0.0078109206006038,18,7,False
377,221.666666666667,20.0,1.38964091157055,3.0,2,25.0,1.96789360046387,35,1,True
378,163.75,151.5,1.16723777109529,2.25,2,24.75,0.748061656951876,116,6,True
379,170.25,152.5,1.67154390717018,2.25,2,45.75,0.748061656951876,77,31,True
380,308.5,113.333333333333,0.271389587508111,4.5,2,123.0,0.0078109206006038,2,41,False
381,328.0,114.333333333333,0.985228136034252,4.5,2,2.5,0.0078109206006038,4,3,False
382,7.34090909090909,115.333333333333,4.9410586380726,0.1022727272727269,2,208.386363636364,0.0078109206006038,869,594,True
383,172.5,150.916666666667,1.27164499651647,2.25,2,8.5,0.748061656951876,112,40,True
384,315.5,60.4333333333335,0.0602978188014981,4.5,2,30.0,8.867545560441939e-11,165,120,True
385,167.0,116.0,1.67460006189841,2.25,2,66.75,0.0078109206006038,24,4,False
386,230.0,118.0,1.3516441151533898,3.0,2,40.6666666666667,0.0078109206006038,7,2,False
387,117.5,120.0,1.4435310351793602,1.5,3,86.3333333333333,0.0002288323769956,90,40,True
388,63.4166666666667,21.0,3.27335376270417,0.75,2,245.333333333333,1.96789455413818,65,18,False
389,64.4166666666667,22.0,3.27335376270417,0.75,2,0.0,1.96789503097534,18,65,False
390,223.333333333333,61.4333333333335,1.0748818876598,3.0,2,5.33333333333333,8.867545560441939e-11,133,49,True
391,224.666666666667,124.0,1.53049305675748,3.0,2,1.33333333333333,0.0078109206006038,4,5,False
392,178.0,10.3333333333333,1.25834337261367,2.25,2,7.5,1.99607849121094,103,6,True
393,94.875,148.333333333333,2.03283216294068,1.125,2,66.25,0.748061656951876,164,27,True
394,99.1428571428571,149.75,2.32540230719867,1.28571428571429,2,52.28571428571429,0.748061656951876,414,37,True
395,118.714285714286,150.75,2.45053469760955,1.28571428571429,2,69.4285714285714,0.748061656951876,106,87,True
396,174.75,152.75,0.879506460812007,2.25,2,147.5,0.748061656951876,42,15,False
397,323.0,156.75,0.205592508185083,4.5,2,10.5,0.748061656951876,88,5,False
398,87.8,123.5,1.4791317334317402,0.9,2,91.1,0.0078109206006038,447,18,True
399,186.5,126.166666666666,1.28762276934352,2.25,2,40.0,0.0078109206006038,42,1,True
400,30.9565217391304,126.833333333333,4.13013114867116,0.391304347826087,3,1.82608695652174,0.0002286232912153,1722,279,True
401,185.75,32.0,0.701433279574009,2.5,3,42.5,0.9958766197313828,142,3,True
402,331.5,13.666666666666698,0.1256580501725669,4.5,2,7.0,1.99608492851257,105,11,False
403,358.5,5.5,0.696212260125146,4.5,2,21.5,1.8125,16,0,False
404,354.5,10.0,0.529360865287364,4.5,2,8.5,1.8427734375,15,10,True
405,226.666666666667,125.1,0.9917601481809732,3.0,2,48.0,0.0078109206006038,54,6,True
406,189.75,31.5,1.4696977761136298,2.25,2,56.0,1.9678955000126697,190,22,True
407,114.0,126.416666666667,2.09770853523479,1.28571428571429,2,106.714285714286,0.0078109206006038,499,6,True
408,104.714285714286,127.416666666667,2.04724940564205,1.28571428571429,2,135.857142857143,0.0078109206006038,678,53,True
409,230.333333333333,130.55,1.33628623116887,3.0,2,206.0,0.0078109206006038,3,32,False
410,249.333333333333,131.55,1.42763157110731,3.0,2,105.333333333333,0.0078109206006038,23,9,True
411,31.0,132.55,0.7642045065086199,3.5,1,0.0,219.0,13,5,False
412,70.3636363636364,131.416666666666,2.56045343713612,0.818181818181818,2,157.636363636364,0.0078109206006038,268,39,True
413,78.8,129.733333333333,1.95636933291864,0.9,2,149.7,0.748061656951876,326,102,True
414,11.0,109.966666666667,0.0,6.0,1,51.0,221.0,53,51,False
415,30.0,110.966666666667,0.0,4.0,1,372.0,222.0,16,0,False
416,155.8,111.166666666667,1.43604909756672,1.8,2,110.0,0.0078109206006038,266,20,True
417,103.125,111.666666666667,1.91390695371603,1.125,2,131.875,0.0078109206006038,955,107,True
418,72.4545454545455,114.516666666667,1.98748917819982,0.9090909090909092,3,133.090909090909,0.0002288326547443,147,11,True
419,241.666666666667,116.516666666667,1.47721700146248,3.0,2,489.333333333333,0.0078109206006038,11,5,False
420,265.66666666666697,121.516666666667,0.6111417341594979,3.0,2,49.6666666666667,0.0078109206006038,44,1,True
421,377.5,120.85,0.881290899230693,4.5,2,41.5,0.0078109206006038,10,0,False
422,371.5,119.683333333333,1.0,4.5,2,1.5,0.748061656951876,5,1,True
423,88.4,122.85,2.2006662143634905,0.9,2,100.4,0.0078109206006038,1457,525,True
424,49.12,123.85,3.84996642007543,0.4,2,373.76,0.0078109206006038,924,43,True
425,245.333333333333,124.85,0.8269501165883321,3.0,2,21.3333333333333,0.0078109206006038,60,42,True
426,205.0,8.88333333333333,0.5847364732597541,2.25,2,63.0,0.12693690508604,122,67,False
427,206.0,9.88333333333333,0.5847364732597541,2.25,2,2.0,0.126936908811331,67,122,True
428,164.0,121.8,1.65912096326664,1.8,2,79.2,0.0078109206006038,103,7,True
429,248.333333333333,123.8,0.93730124130749,3.0,2,12.0,0.0078109206006038,88,0,False
430,184.5,124.8,1.50987593131824,2.25,2,196.5,0.0078109206006038,96,3,False
431,146.0,23.5,1.13911531403924,1.5,2,83.8333333333333,1.96789550009998,218,58,False
432,381.0,132.783333333333,0.811278124459133,4.5,2,243.0,0.0078109206006038,12,0,False
433,34.0,21.0,0.0,5.0,1,25.0,22.0,1,1,False
434,213.25,12.85,0.5085818381787729,2.25,2,34.75,0.1269369123037899,199,124,True
435,73.9166666666667,0.0,2.66972338180544,0.75,3,302.5,0.0,1588,170,True
436,387.5,126.166666666667,0.836640741941167,5.0,2,123.0,0.0078109206006038,15,0,False
437,193.5,27.5,0.819422679531409,2.5,2,273.75,1.96789550012222,62,327,False
438,209.0,18.5666666666667,1.03203295866545,2.5,2,461.5,0.126936912531164,51,0,True
439,260.33333333333303,29.5,0.918918342091986,3.3333333333333304,2,378.666666666667,1.96789550012225,69,3,True
440,131.0,22.5666666666667,2.51977119833746,1.25,2,201.75,0.126936912534575,66,10,True
441,397.0,94.13333333333394,0.45868581620054,5.0,2,0.0,0.748061656951876,22,9,False
442,3.0,30.1666666666667,0.453716339186945,1.0,1,4.0,46.0,13,8,False
443,265.0,121.483333333334,0.716175747993518,3.3333333333333304,2,220.0,0.0078109206006038,36,0,False
444,272.0,17.0,1.55665670746282,3.3333333333333304,2,398.666666666667,1.84374983981252,5,2,False
445,190.0,3.0,1.02757843083246,2.0,2,48.8,1.75,322,41,True
446,2.6666666666666696,125.683333333334,1.27979863803416,0.666666666666667,1,223.666666666667,262.0,30,1,False
447,215.0,31.0,1.27740568327047,2.5,2,207.5,1.96789550012225,206,0,True
448,277.66666666666697,130.61666666666702,0.953013885331597,3.3333333333333304,3,5.33333333333333,0.0002286232912153,15,4,False
449,167.0,25.35,2.0394885087309,1.6666666666666698,2,48.1666666666667,0.126936912534774,126,6,True
450,222.75,26.35,1.22404231965057,2.5,2,79.0,0.126936912534788,266,39,True
451,287.66666666666697,5.0,1.4926140680171298,3.3333333333333304,2,13.0,1.9375,14,0,False
452,274.33333333333303,31.3333333333333,1.19879445019463,3.3333333333333304,2,216.333333333333,1.96789550012225,44,2,True
453,126.375,34.380952380952394,2.5562227406835,1.25,2,42.75,8.867545560441939e-11,95,47,True
454,6.0,6.0,0.0,4.0,1,44.0,6.0,8,0,False
455,281.66666666666697,28.6666666666667,1.18167423855991,3.3333333333333304,2,538.0,0.1269369125348,31,3,True
456,424.5,21.0,0.970950594454669,5.0,2,82.5,1.84374984703027,5,0,False
457,281.66666666666697,30.5833333333333,0.360559864375575,3.3333333333333304,2,5.33333333333333,0.1269369125348019,107,1,True
458,1.0,31.5833333333333,0.0,1.0,1,0.0,48.0,4,3,False
459,297.66666666666697,32.5833333333333,0.8451064151274781,3.3333333333333304,2,188.333333333333,0.1269369125348019,34,18,True
460,53.0,33.5833333333333,0.0,6.0,1,0.0,50.0,17,0,False
461,427.0,24.0,0.91829583405449,5.0,2,48.5,1.8437498472339904,6,3,False
462,279.66666666666697,26.0,1.5,3.3333333333333304,2,95.6666666666667,1.84374984725582,12,0,True
463,226.25,33.9833333333333,0.5270814401590029,2.5,2,43.25,0.1269369125348019,67,33,False
464,0.0,28.0,0.0,0.0,1,0.0,38.0,243,0,True
465,80.2,125.25,2.10041741112421,0.666666666666667,2,208.266666666667,0.0078109206006038,1356,16,True
466,184.2,34.4833333333333,1.33762705784767,2.0,2,297.6,0.1269369125348019,116,5,False
467,424.0,35.4833333333333,0.5032583347756461,5.0,2,172.0,0.1269369125348019,12,6,False
468,424.0,28.5,0.479832023616128,5.0,2,11.0,1.8437498472617293,21,8,False
469,445.0,31.166666666666604,0.479832023616128,5.0,2,71.0,1.96789550012225,11,18,True
470,436.0,35.0,0.970950594454669,5.0,2,71.0,1.84374984726255,3,2,False
471,300.66666666666697,38.0,0.549425819734981,3.3333333333333304,2,50.0,1.84374984726256,72,11,True
472,223.75,40.0,1.62041629954191,2.5,2,88.5,1.84374984726256,28,28,False
473,65.1904761904762,41.0,3.42986582099195,0.4761904761904761,2,173.285714285714,1.84374984726256,257,43,True
474,434.5,42.0,1.0,5.0,2,229.5,1.84374984726256,6,0,False
475,296.0,44.0,1.14883485428092,3.3333333333333304,2,275.33333333333303,1.84374984726256,18,3,False
476,289.66666666666697,48.0,0.597345488767474,3.3333333333333304,2,664.0,1.84374984726256,54,1,False
477,472.0,51.0,0.8631205685666309,5.0,2,0.0,1.84374984726256,12,2,True
478,166.666666666667,52.0,1.95145117469228,1.6666666666666698,2,12.333333333333302,1.84374984726256,146,2,False
479,457.0,53.5,0.970950594454669,5.0,2,93.0,1.84374984726256,5,0,False
480,229.0,54.5,0.8071372201399,2.5,2,0.0,1.84374984726256,434,0,True
481,477.0,62.25,0.970950594454669,5.0,2,7.5,1.84374984726256,4,1,True
482,98.6666666666667,31.3333333333333,1.80055338945699,0.916666666666667,2,33.5833333333333,1.96789550012225,565,58,True
483,450.0,4.0,0.6722948170756379,5.5,2,55.5,1.875,15,2,False
484,228.75,71.9999999999999,1.1402463752033605,2.75,2,270.5,1.84374984726256,402,109,True
485,197.6,73.9999999999999,1.7820695604456398,2.2,2,49.4,1.84374984726256,157,36,True
486,452.5,6.0,0.7219280948873621,5.5,2,313.0,1.96875,14,1,False
487,321.0,74.4999999999999,0.953871924257284,3.6666666666666696,2,34.6666666666667,1.84374984726256,91,79,True
488,0.0,75.4999999999999,0.0,0.0,1,0.0,83.0,82,0,False
489,112.666666666667,77.4999999999999,2.39853859459786,1.22222222222222,2,430.111111111111,1.84374984726256,389,9,True
490,141.714285714286,35.895238095238106,2.18708947123514,1.57142857142857,2,14.7142857142857,0.1269369125348019,484,14,True
491,184.666666666667,36.8119047619048,1.8907467386900905,1.8333333333333304,2,109.833333333333,0.1269369125348019,41,14,True
492,232.25,115.083333333334,1.47820511161196,2.75,2,288.0,0.0078109206006038,529,5,False
493,230.75,29.416666666666604,1.43761869450531,2.75,2,217.75,1.96789550012225,50,27,True
494,333.33333333333303,117.502380952381,1.33467914105159,4.0,2,11.666666666666698,0.0078109206006038,11,2,False
495,172.666666666667,7.0,1.59958633295297,2.0,2,127.166666666667,1.984375,512,90,True
496,89.0,78.0833333333333,2.10552959342162,0.923076923076923,2,198.0,1.84374984726256,283,206,True
497,189.8,79.0833333333333,1.31932067731317,2.4,2,205.2,1.84374984726256,244,63,True
498,214.0,44.7785714285714,0.8452267645008579,2.4,2,52.6,0.1269369125348019,423,191,True
499,174.5,120.654761904762,2.04380707215542,2.1666666666666696,4,419.166666666667,2.03487771322693e-05,62,6,False
500,195.0,121.654761904762,2.01511236685777,2.0,2,27.0,0.0078109206006038,40,34,False
501,489.5,124.630952380952,0.970950594454669,6.0,2,7.0,0.0078109206006038,4,1,False
502,190.0,125.630952380952,2.46772662931161,2.0,2,103.5,0.0078109206006038,21,2,False
503,480.5,129.607142857143,0.574635697837679,6.0,2,1.0,0.0078109206006038,14,8,False
504,259.0,131.607142857143,1.5949774385035402,3.0,2,4.5,0.0078109206006038,138,52,True
505,122.0,10.0,2.0609830887755303,1.33333333333333,2,184.333333333333,1.998046875,198,213,True
506,268.0,1.0,0.999839237929548,3.0,2,4.5,1.0,326,183,True
507,126.333333333333,2.0,2.20450979941334,1.33333333333333,2,16.3333333333333,1.5,609,191,True
508,209.8,5.0,1.6821519010237398,2.4,3,90.8,0.991769547325103,190,94,True
509,480.5,79.8333333333333,0.156491062905702,6.0,2,13.5,1.84374984726256,42,46,False
510,193.8,80.8333333333333,0.969054357403884,2.4,2,46.0,1.84374984726256,289,44,True
511,476.5,8.0,0.650022421648354,6.0,2,19.0,1.953125,12,0,False
512,500.0,80.1666666666666,0.881290899230693,6.0,2,17.0,1.84374984726256,9,1,True
513,483.5,11.0,0.7219280948873621,6.0,2,48.0,1.9990234375,4,1,False
514,261.25,17.0,1.50572314173559,3.0,2,128.5,1.9999008178710904,257,85,True
515,100.727272727273,41.802380952381,2.33425407761661,1.09090909090909,2,190.54545454545504,0.1269369125348019,758,175,True
516,46.459459459459495,77.1666666666666,4.27029101128861,0.324324324324324,2,438.432432432432,1.84374984726256,310,115,True
517,51.961538461538495,80.4999999999999,4.18111354007353,0.4615384615384621,2,268.961538461538,1.84374984726256,223,75,True
518,492.0,23.0,0.954434002924965,6.0,2,39.5,1.99991571903229,4,4,False
519,61.07142857142861,26.0,4.0960149008713405,0.4642857142857139,3,150.285714285714,0.9999997676832528,834,124,True
520,332.0,78.4999999999999,1.12738148523571,4.0,2,280.0,1.84374984726256,58,8,True
521,532.0,79.4999999999999,0.91829583405449,6.0,2,23.5,1.84374984726256,6,3,False
522,73.8823529411765,27.0,2.9472487563836003,0.7058823529411771,2,278.529411764706,1.99991594254971,975,39,True
523,378.666666666667,28.0,0.718864416746046,4.66666666666667,2,95.0,1.9999159500002897,72,4,True
524,547.0,2.0,0.970950594454669,7.0,2,12.5,1.0,4,1,False
525,86.1333333333333,66.73333333333339,2.74534456718636,0.933333333333333,2,312.2,1.84374984726256,36,208,True
526,80.8,6.0,2.40786665261867,1.0,3,426.066666666667,0.661179698216735,341,57,True
527,542.0,27.5,0.91829583405449,7.0,2,2.5,1.99991595558822,7,2,False
528,534.5,8.0,0.811278124459133,7.0,2,7.5,1.4609375,10,2,False
529,520.0,8.0,0.881290899230693,7.0,2,678.5,1.4921875,9,1,False
530,512.0,9.0,0.811278124459133,7.0,2,179.5,1.49609375,10,2,False
531,60.53846153846151,10.0,3.39126607692886,0.538461538461538,2,210.538461538462,1.498046875,813,110,True
532,529.5,11.0,0.985228136034252,7.0,2,160.5,1.4990234375,5,2,False
533,530.5,12.0,0.5032583347756461,7.0,2,0.0,1.49951171875,27,0,False
534,279.5,13.0,1.95914791702724,3.5,2,49.75,1.499755859375,8,4,False
535,10.0,14.0,0.0,6.0,1,340.0,13.0,3,0,False
536,362.0,16.0,0.80036082789557,4.66666666666667,2,0.333333333333333,1.49992370605469,70,5,True
537,534.0,18.0,0.954434002924965,7.0,2,4.0,1.49994659423828,5,3,False
538,54.9047619047619,24.0,3.59935495561894,0.666666666666667,2,17.571428571428598,1.49995410442352,977,977,True
539,23.7966101694915,26.0,5.0695102501659015,0.254237288135593,4,624.2372881355931,0.6823527006587629,276,168,True
540,101.083333333333,27.0,2.93089738659404,1.16666666666667,2,176.833333333333,1.4999542087316498,153,6,True
541,365.333333333333,29.5,0.584600894629432,4.66666666666667,2,61.0,1.99991595701431,82,3,True
542,526.5,31.0,0.74959525725948,7.0,2,241.5,1.4999542222358302,13,1,False
543,350.333333333333,32.0,0.803071727324102,4.66666666666667,2,41.0,1.49995422270149,53,1,True
544,553.5,0.0,0.970950594454669,7.0,2,31.5,0.0,4,1,False
545,530.0,61.5333333333334,0.985228136034252,7.5,2,1088.0,1.84374984726256,7,0,False
546,192.666666666667,34.0,1.8276514676045,2.5,2,345.333333333333,1.49995422305074,88,60,True
547,280.5,37.0,1.27913023447142,3.75,3,447.5,0.666666573744373,79,9,True
548,570.0,38.0,0.529360865287364,7.5,2,74.0,1.4999542231598797,17,8,False
549,88.0,42.0,3.09971263699243,1.06666666666667,4,397.333333333333,0.6823527006587641,233,117,True
550,387.333333333333,44.0,1.37095059445467,5.0,2,129.666666666667,1.4999542231661298,14,1,False
551,574.5,45.0,0.91829583405449,7.5,2,0.0,1.49995422316618,7,2,True
552,197.5,48.0,2.0888400352209,2.5,2,130.0,1.49995422316623,81,61,False
553,296.5,50.0,1.1398373294034,3.75,2,63.75,1.49995422316624,112,7,True
554,361.0,51.0,0.659459211658581,5.0,2,41.0,1.49995422316624,91,2,True
555,273.0,52.0,1.06764982070543,3.75,2,37.25,1.49995422316624,132,0,False
556,552.0,29.5,0.591672778582327,7.5,2,54.5,1.99991595707161,14,7,True
557,2.57142857142857,81.74047619047609,2.50818588194861,0.5714285714285711,1,307.428571428571,303.0,286,87,False
558,184.42857142857105,17.7166666666666,1.87689993596115,2.14285714285714,2,180.285714285714,1.96789550012225,550,141,True
559,551.0,24.6996031746032,0.811278124459133,7.5,2,178.5,0.1269369125348019,4,0,False
560,53.148148148148096,25.6662698412698,3.73935840033646,0.555555555555556,2,428.703703703704,0.1269369125348019,1000,234,True
561,284.0,5.5,1.5680859870987098,3.75,2,245.5,1.9580078125,621,236,True
562,264.6,92.5238095238097,2.23226289702427,3.0,2,331.6,0.0078109206006038,12,3,False
563,581.0,47.5,0.353359335021421,7.5,2,190.5,1.49995422316624,22,23,True
564,563.5,93.5000000000002,0.301378643593086,7.5,2,204.5,0.0078109206006038,39,17,False
565,557.0,94.5000000000002,0.5435644431995961,7.5,2,492.0,0.0078109206006038,17,7,False
566,225.666666666667,12.0,0.9840886783593292,2.5,2,117.666666666667,1.62451171875,286,11,True
567,166.625,13.0,1.89836025245935,1.875,2,401.375,1.624755859375,143,35,True
568,43.1428571428571,93.5845238095241,4.501499574533249,0.535714285714286,2,911.214285714286,0.0078109206006038,550,259,True
569,187.5,95.8162698412702,2.40563906222957,2.5,2,7.83333333333333,0.0078109206006038,8,0,False
570,378.666666666667,96.7000000000004,1.47721700146248,5.0,2,7.33333333333333,0.0078109206006038,13,3,False
571,92.1333333333333,27.3234126984127,2.76461712743267,1.0,2,336.4,0.1269369125348019,456,35,True
572,85.4285714285714,100.628571428572,2.87286258622689,0.7142857142857142,4,47.04761904761912,2.0345050931588e-05,56,20,False
573,288.0,106.228571428572,1.55795527340691,3.75,2,163.0,0.0078109206006038,196,56,False
574,386.333333333333,107.228571428572,0.432104846453069,5.0,2,8.66666666666667,0.0078109206006038,268,9,True
575,69.1153846153846,17.0,3.4406585338886297,0.6923076923076921,3,276.11538461538504,0.995876619731253,779,104,True
576,24.4444444444444,0.0,3.99241876462992,0.5,2,322.472222222222,0.0,1273,244,True
577,29.2727272727273,0.0,2.8155753707605804,1.18181818181818,1,100.545454545455,0.0,588,41,False
578,23.357142857142897,1.0,1.64247287914436,0.9285714285714292,1,817.8571428571429,1.0,585,579,True
579,25.75,20.5,2.52235415317389,1.625,1,447.375,37.0,78,10,False
580,7.75,22.5,3.31866973867923,0.916666666666667,1,0.0,39.0,20,14,False
581,1.0,23.5,0.0,1.0,1,1.0,40.0,3,1,False
582,3.0,0.0,1.97126427083592,1.2,1,193.6,0.0,125,8,True
583,14.0,0.0,0.0,6.0,1,109.0,0.0,12,0,False
584,2.0,4.0,0.0,2.0,1,14.0,4.0,16,2,False
585,20.75,19.1186507936508,0.7479802831711079,3.5,1,75.0,100.0,154,1,True
586,54.5,1.0,0.99498482818597,5.5,1,404.0,1.0,23,1,False
587,8.0,0.0,0.0,5.0,1,143.0,0.0,10,5,False
588,78.0,5.0,0.6734503665674519,6.5,1,147.5,5.0,128,98,True
589,37.75,0.0,1.65080111036568,4.0,1,88.5,0.0,69,17,True
590,19.0,2.0,0.0,5.0,1,289.0,2.0,16,2,False
591,25.285714285714302,7.0,2.04762361821226,2.28571428571429,1,178.85714285714295,6.0,466,15,True
592,6.0,8.0,0.0,5.0,1,30.0,7.0,3,0,False
593,5.0,2.0,0.0,4.0,1,239.0,2.0,32,5,True
594,22.0,12.0,0.0,8.0,1,52.0,10.0,0,1,False
595,2.0,3.0,0.0,2.0,1,65.0,3.0,2,0,False
596,74.0,4.0,0.0,12.0,1,98.0,4.0,3,3,False
597,15.0,5.0,0.0,7.0,1,351.0,5.0,3,2,True
598,18.875,5.0,2.57244992627869,2.25,1,449.625,4.0,109,4,False
599,16.0,0.0,0.0,8.0,1,195.0,0.0,4,2,False
600,39.6666666666667,0.0,1.19145315442169,4.0,1,778.333333333333,0.0,25,6,False
601,64.0,0.0,0.0,15.0,1,20.0,0.0,1,0,True
602,17.0,16.0,0.0,9.0,1,30.0,14.0,1,1,False
603,56.0,7.0,0.0,11.0,1,110.0,7.0,0,5,False
604,39.0,0.0,0.927526588431676,7.0,1,175.5,0.0,31,4,True
605,82.0,17.0,0.0,10.0,1,199.0,15.0,0,2,False
606,69.0,0.0,0.783776947484701,8.5,1,19.0,0.0,30,0,False
607,37.75,0.0,0.774601613871298,5.25,1,352.5,0.0,153,5,True
608,18.8,0.0,1.79013918870652,2.6,1,485.0,0.0,49,63,True
609,19.0,0.0,0.0,7.0,1,450.0,0.0,1,1,False
610,20.0740740740741,12.0,3.78235490663795,1.03703703703704,3,732.407407407407,0.4999990591617879,125,21,False
611,10.0,21.0,0.0,7.0,1,6.0,19.0,5,3,False
612,22.0,13.0,0.0,9.0,1,121.0,13.0,10,2,False
613,2.0,3.0,0.0,2.0,1,1133.0,3.0,13,2,False
614,29.4285714285714,2.0,2.69026039096838,3.5714285714285694,1,400.714285714286,2.0,34,18,True
615,15.6111111111111,0.0,5.31562135659268,0.5185185185185179,2,972.703703703704,0.0,159,121,True
616,1.0,1.0,0.0,1.0,1,1743.0,1.0,0,5,False
617,3.0,2.0,0.0,3.0,1,820.0,2.0,0,3,False
618,29.0,0.0,0.0,12.0,1,12.0,0.0,3,4,False
619,69.0,19.0,0.0,20.0,1,71.0,15.0,1,1,False
620,18.372549019607803,21.0,4.74975293328316,0.7450980392156858,3,137.843137254902,0.500001286237638,3755,396,True
621,30.0,22.0,1.2323754495368502,4.66666666666667,1,521.333333333333,18.0,151,121,True
622,27.0,23.0,0.0,10.0,1,33.0,20.0,3,2,True
623,35.0,1.0,0.0,13.0,1,13.0,1.0,3,1,False
624,20.0,1.0,1.4365926126309698,3.4,1,138.0,1.0,265,85,False
625,39.75,1.0,1.25274540842172,7.0,1,23.75,1.0,209,45,True
626,27.1666666666667,4.0,2.89902087482495,2.6666666666666696,3,45.9166666666667,0.604938271604938,784,74,True
627,10.0,5.0,1.65620640482967,2.0,1,505.5,5.0,138,126,False
628,2.0,0.0,0.448864488723029,0.5,1,750.0,0.0,31,1,False
629,13.666666666666698,6.0,1.5696670098234902,5.33333333333333,1,3.0,6.0,26,0,False
630,31.0,0.0,0.0,16.0,1,161.0,0.0,3,0,False
631,34.55,1.5,3.24617589247054,2.1,1,272.45,3.0,633,57,True
632,30.0,7.0,0.0,12.0,1,9.0,7.0,52,0,False
633,4.5,0.0,0.91829583405449,3.0,1,753.0,0.0,7,2,False
634,27.6842105263158,1.0,2.6202779952695,2.4210526315789505,3,531.526315789474,0.666666666666667,280,1,False
635,68.3333333333333,0.0,1.49370954643224,9.0,1,132.0,0.0,12,9,False
636,39.0,1.0,1.03713230987173,4.33333333333333,1,332.66666666666697,0.0,69,1,False
637,16.1111111111111,1.5,2.8842286453200097,2.0,1,781.666666666667,2.0,140,14,False
638,45.0,3.0,1.51264474782106,6.66666666666667,1,347.666666666667,2.0,22,4,False
639,13.727272727272696,0.0,3.3927474104487803,1.72727272727273,2,1434.4545454545498,0.0,13,13,False
640,31.0,1.0,0.0,13.0,1,68.0,1.0,31,5,True
641,51.4,3.0,1.73975234307518,6.0,1,229.6,4.0,27,20,False
642,3.0,2.0,0.0,3.0,1,58.0,2.0,1,1,False
643,3.0,5.5,0.0,2.0,1,1266.0,6.0,2,9,False
644,1.0,0.0,0.0,1.0,1,2052.0,0.0,3,0,False
645,27.7,0.0,2.98070706259868,2.6,1,103.7,0.0,258,69,False
646,42.0,1.0,0.0,13.0,1,78.0,1.0,8,1,False
647,22.0,2.0,0.7642045065086199,8.5,1,54.0,2.0,6,3,False
648,1.0,13.0,0.0,1.0,1,9.0,13.0,18,1,False
649,17.695652173913,5.0,3.8157136734013,1.56521739130435,2,496.9565217391298,0.84375,144,55,True
650,85.0,7.5,0.0,21.0,1,0.0,9.0,0,3,False
651,0.0,0.0,2.53212517218071,0.0,1,0.0,0.0,300,0,False
652,17.6666666666667,10.0,1.97467809502176,3.0,1,681.5,12.0,51,12,False
653,2.0,4.0,0.0,2.0,1,281.0,4.0,17,1,False
654,31.5,11.0,1.0366472295287,6.0,1,40.0,13.0,260,20,True
655,41.0,0.0,0.0,18.0,1,35.0,0.0,1,1,False
656,70.0,3.5,0.0,16.0,1,29.0,3.0,4,0,False
657,34.7272727272727,4.5,2.53831712429002,3.18181818181818,1,107.636363636364,4.0,950,3,False
658,19.0,5.5,1.54975878111251,4.0,2,16.5,0.9921875,347,8,False
659,65.3333333333333,6.5,0.206399392837092,10.0,3,49.3333333333333,0.4999237921048621,150,34,False
660,28.2083333333333,0.0,3.618064703977472,1.625,1,36.25,0.0,623,86,False
661,26.0,15.0,0.999473020185984,6.0,1,262.5,17.0,36,1,False
662,13.3030303030303,16.0,4.01044000393806,1.12121212121212,5,5.303030303030299,0.250000004095934,2583,78,False
663,11.0,0.0,0.996038361365918,5.5,1,493.0,0.0,49,5,False
664,0.833333333333333,5.0,2.26672699590246,0.666666666666667,4,1.5,0.000244140625,89,30,False
665,0.0,15.5,1.12331800667408,0.0,1,0.0,1.0,144,150,False
666,0.0,16.5,0.0,0.0,1,0.0,0.0,0,8,False
667,5.628571428571429,17.0,3.8438334885058905,0.914285714285714,5,0.6,0.0080000008273264,2918,220,True
668,0.25,17.0,1.68130335289695,0.25,1,1.75,0.0,36,45,False
669,0.0,19.0,0.0,0.0,1,0.0,4.0,34,51,False
670,0.285714285714286,0.0,3.83044932623567,0.19047619047619,2,78.8571428571429,0.0,2676,231,False
