File,CountDeclMethodPrivate,CountDeclMethodDefault,AvgEssential,CountDeclClassVariable,CountDeclClassMethod,AvgLineComment,CountDeclClass,CountDeclMethodProtected,CountDeclInstanceVariable,CountDeclMethodPublic,RatioCommentToCode,AvgLineBlank,PercentLackOfCohesion,MaxInheritanceTree,CountClassDerived,CountClassCoupled,CountClassBase,CountInput_Mean,CountInput_Min,CountOutput_Min,CountPath_Min,MaxNesting_Mean,OWN_COMMIT,MINOR_COMMIT,MINOR_LINE,MAJOR_LINE,target
0,0,0,1,1,0,3,1,0,2,8,0.9,0,58,2,0,7,1,1.25,1,2,1,0.272727272727273,0.0,0,3,1,False
1,0,0,2,0,0,1,1,0,3,3,0.81,0,44,3,0,2,1,3.0,2,3,1,1.2,0.0,0,3,1,False
2,16,0,12,0,0,8,1,1,5,2,0.23,3,75,1,0,0,1,3.73684210526316,1,1,1,1.38095238095238,0.0,0,1,3,False
3,0,0,1,1,0,5,1,0,1,3,1.68,0,33,2,0,3,1,1.33333333333333,1,3,1,1.0,0.0,0,3,1,False
4,0,0,10,2,0,18,1,0,7,2,0.76,9,55,3,0,1,1,5.5,2,2,1,4.5,0.0,0,2,1,True
5,0,0,1,0,0,2,1,0,0,2,2.67,0,0,2,0,3,1,0.5,0,1,1,0.8,0.0,0,3,0,False
6,0,0,4,1,0,2,1,0,1,2,1.06,4,25,3,0,1,1,3.5,2,4,2,3.25,0.0,0,4,0,False
7,2,0,3,2,0,0,1,0,7,2,0.77,3,61,3,0,1,1,4.75,3,2,1,1.83333333333333,0.0,0,2,1,False
8,0,0,1,1,0,3,1,0,1,6,0.68,0,41,2,0,6,1,1.5,1,2,1,0.888888888888889,0.0,0,3,1,False
9,0,0,1,1,0,3,1,0,2,8,1.05,0,58,2,0,7,1,1.25,1,2,1,0.272727272727273,1.0,0,2,1,False
10,0,0,2,0,0,2,1,0,3,5,0.82,0,53,3,0,2,1,2.6,1,1,1,1.0,1.0,0,2,1,False
11,6,0,2,0,0,7,1,1,2,0,0.48,0,78,1,0,0,1,2.42857142857143,2,4,2,2.22222222222222,1.0,0,1,2,False
12,1,0,1,25,1,2,1,0,2,5,0.34,0,93,2,0,5,1,2.5,1,3,1,1.0,0.0,0,1,0,False
13,0,0,55,3,1,57,1,0,0,1,0.23,1,0,1,0,0,1,6.0,6,2,55,3.0,0.0,0,1,0,False
14,0,0,1,0,0,0,1,0,1,2,0.75,2,0,3,0,2,1,3.0,3,3,1,0.75,0.0,0,1,0,False
15,0,0,1,1,0,2,1,1,1,4,0.73,0,60,3,0,1,1,2.6,1,3,1,1.5,0.0,0,1,1,False
16,0,0,1,1,0,3,1,0,2,7,0.89,0,57,2,0,7,1,1.71428571428571,1,2,1,0.333333333333333,1.0,0,2,2,False
17,0,0,2,0,0,2,1,0,3,5,0.82,0,53,3,0,2,1,2.2,1,1,1,1.0,0.0,0,2,0,False
18,19,0,3,0,0,7,1,1,8,0,0.43,1,76,1,0,0,1,5.1,2,1,1,2.86363636363636,0.0,0,1,2,False
19,2,0,2,5,1,2,2,1,5,5,0.5,1,71,3,0,2,1,4.875,1,1,1,1.0,0.0,0,1,0,False
20,1,0,2,5,1,3,2,0,8,5,0.63,1,66,3,0,2,1,5.0,1,1,1,0.666666666666667,0.0,0,1,0,False
21,1,0,2,2,0,3,1,0,3,3,0.62,0,55,3,0,1,1,6.0,3,2,1,1.33333333333333,0.0,0,1,0,False
22,0,0,2,2,0,5,1,0,7,3,0.71,0,59,3,0,1,1,8.33333333333333,3,2,1,1.4,0.0,0,1,0,False
23,0,0,1,1,0,5,1,0,3,9,1.05,0,63,2,0,6,1,1.77777777777778,1,1,1,0.666666666666667,0.0,0,3,1,False
24,0,0,1,0,0,3,1,0,3,7,0.9,0,57,3,0,2,1,2.57142857142857,1,1,1,0.888888888888889,0.0,0,3,1,False
25,16,1,2,0,0,2,1,0,5,1,0.29,0,86,1,0,0,1,3.33333333333333,2,1,1,1.5,0.0,0,2,2,False
26,1,0,1,0,5,5,1,0,0,4,0.77,0,0,1,0,0,1,2.2,1,2,2,2.0,0.0,0,3,1,False
27,0,0,1,0,0,0,1,0,2,2,0.95,0,0,3,0,3,1,4.5,4,5,1,1.0,1.0,0,1,0,False
28,0,0,1,0,6,2,1,0,0,6,1.35,0,0,1,0,0,1,3.33333333333333,2,1,1,0.0,1.0,0,1,0,False
29,0,0,1,0,0,0,1,0,0,2,1.05,0,0,3,0,3,1,2.5,2,2,1,0.75,1.0,0,1,0,False
30,0,0,1,0,0,0,1,0,0,2,1.29,0,0,3,0,2,1,2.5,2,2,1,0.75,1.0,0,1,0,False
31,1,0,1,30,1,2,1,0,2,5,0.31,0,94,2,0,6,1,3.16666666666667,1,3,1,1.0,1.0,0,1,2,False
32,0,0,10,3,1,0,1,0,0,1,0.13,5,0,1,0,0,1,6.0,6,2,22,2.0,1.0,0,1,2,False
33,0,0,3,0,0,2,1,1,1,1,1.3,0,0,4,0,0,1,4.5,3,2,1,1.5,1.0,0,2,1,False
34,0,0,1,0,0,0,1,0,1,2,0.82,2,0,3,0,2,1,3.0,3,3,1,0.75,1.0,0,2,1,False
35,0,0,2,0,0,2,1,0,2,3,0.85,0,33,3,0,2,1,2.33333333333333,1,1,1,1.4,1.0,0,2,1,False
36,16,0,2,36,1,5,1,0,4,5,0.37,0,96,1,0,0,1,4.14285714285714,1,1,1,0.956521739130435,1.0,0,1,2,False
37,0,0,1,1,0,3,1,0,1,5,1.08,0,70,4,0,1,1,2.2,0,2,1,1.5,1.0,0,1,0,False
38,0,0,1,0,0,0,1,0,3,4,0.74,0,33,4,0,1,1,2.5,0,1,1,0.5,1.0,0,1,0,False
39,0,0,1,0,0,0,1,0,1,4,1.0,0,0,4,0,1,1,2.25,2,2,1,0.5,1.0,0,1,0,False
40,0,0,1,0,0,0,1,0,0,1,1.18,0,0,2,0,6,1,2.0,2,5,1,0.5,0.0,0,1,0,False
41,0,0,4,0,0,0,1,0,2,2,0.48,0,25,3,0,1,1,3.5,2,4,1,1.5,0.0,0,1,0,False
42,0,0,1,0,0,0,1,0,0,1,0.83,1,0,2,0,2,1,0.0,0,5,2,1.0,0.0,0,3,0,False
43,1,0,3,0,0,1,1,0,0,1,0.57,0,0,2,0,4,1,2.0,1,7,2,2.5,0.0,0,2,0,False
44,1,0,1,0,0,9,1,0,0,1,1.36,0,0,2,0,4,1,2.5,0,2,1,0.75,0.0,0,1,0,False
45,1,0,1,0,0,0,1,0,0,1,0.48,0,0,2,0,6,1,1.5,0,5,1,2.25,0.0,0,1,0,False
46,0,0,1,0,0,6,1,0,0,2,0.8,9,0,2,0,4,1,2.5,0,5,2,1.0,0.0,0,2,0,False
47,0,0,1,0,0,0,1,0,1,9,0.24,0,0,2,0,5,1,1.77777777777778,0,2,1,0.454545454545455,0.0,0,1,0,False
48,0,0,1,0,0,0,1,0,1,9,0.24,0,0,2,0,3,1,1.77777777777778,0,1,1,0.454545454545455,0.0,0,1,0,False
49,0,0,1,0,0,1,1,0,2,7,0.37,1,21,2,0,4,1,1.42857142857143,0,2,1,1.55555555555556,0.0,0,1,0,False
50,0,0,1,0,0,1,1,0,2,7,0.38,1,21,2,0,2,1,1.42857142857143,0,1,1,1.55555555555556,0.0,0,1,0,False
51,1,0,1,0,0,0,2,2,0,3,0.33,0,0,3,0,6,1,1.0,0,0,1,0.888888888888889,1.0,0,1,0,False
52,0,0,1,0,0,0,1,2,0,2,0.45,0,0,2,0,5,1,0.25,0,0,1,0.5,1.0,0,1,0,False
53,1,0,1,0,0,0,2,2,0,3,0.35,0,0,3,0,5,1,0.833333333333333,0,0,1,0.555555555555556,1.0,0,1,0,False
54,0,0,3,0,0,0,1,1,7,3,0.23,5,64,2,0,5,1,3.0,0,2,1,1.66666666666667,1.0,0,1,2,False
55,0,0,1,0,0,2,1,2,2,2,0.46,0,50,2,0,2,1,1.5,0,1,1,0.666666666666667,0.0,0,2,0,False
56,0,0,1,0,0,0,1,2,0,2,0.45,0,0,2,0,6,1,0.5,0,0,1,1.0,1.0,0,1,0,False
57,0,0,1,0,0,0,1,2,0,2,0.54,0,0,2,0,6,1,0.25,0,0,1,0.5,1.0,0,1,0,False
58,1,0,1,0,0,0,2,2,0,3,0.35,0,0,3,0,6,1,0.833333333333333,0,0,1,0.888888888888889,1.0,0,1,0,False
59,0,0,1,0,0,0,1,0,0,2,0.66,3,0,2,0,4,1,2.5,0,1,1,0.75,0.0,0,2,0,False
60,0,1,1,0,0,0,1,0,0,0,3.2,0,0,1,0,0,1,1.0,1,0,1,2.0,0.0,0,2,0,False
61,0,1,1,0,0,6,1,0,0,0,4.0,0,0,0,2,2,0,1.0,1,1,1,0.0,0.0,0,2,1,False
62,0,0,1,0,0,1,1,0,1,7,0.75,0,42,2,0,0,1,1.0,0,1,1,0.444444444444444,0.0,0,2,0,False
63,0,0,1,0,0,10,1,0,0,1,1.59,4,0,1,0,4,2,2.0,2,5,5,2.0,0.0,0,2,1,False
64,1,0,1,0,3,7,1,0,1,7,0.81,1,50,1,0,4,1,3.5,1,3,1,1.0,0.0,0,1,1,False
65,1,0,1,1,0,4,3,0,11,16,0.53,1,82,2,0,20,2,2.94117647058824,0,1,1,1.23809523809524,0.0,0,1,1,False
66,0,0,1,0,1,8,1,0,1,3,1.34,1,33,1,0,4,1,3.66666666666667,3,1,1,0.6,0.0,0,2,1,False
67,0,0,1,0,0,0,1,1,0,1,1.0,1,0,2,2,0,1,3.0,3,1,1,0.0,0.0,0,2,0,False
68,0,0,1,0,0,0,1,0,1,4,0.76,0,25,3,0,1,1,0.5,0,1,1,0.0,0.0,0,2,0,False
69,0,0,1,1,0,3,1,0,4,3,0.7,1,46,2,0,8,1,2.0,1,1,1,0.0,0.0,0,2,0,False
70,0,0,1,0,0,0,1,0,1,4,0.8,0,25,3,0,1,1,0.5,0,1,1,0.0,0.0,0,2,0,False
71,0,0,7,0,1,7,1,0,0,1,0.81,0,0,1,1,0,2,3.0,3,5,7,4.0,1.0,0,1,0,False
72,0,1,1,0,0,7,1,0,0,0,3.71,0,0,0,2,2,0,1.0,1,1,1,0.0,1.0,0,1,0,False
73,0,0,0,0,0,0,1,0,0,0,6.0,0,0,0,1,0,0,0.0,0,0,0,0.0,1.0,0,1,0,False
74,0,0,1,0,1,3,1,0,3,5,0.69,1,53,1,0,3,1,6.2,4,1,1,1.125,1.0,0,1,1,False
75,0,0,1,0,0,0,1,2,3,5,0.62,0,66,1,3,3,2,1.28571428571429,0,1,1,1.1,0.0,0,1,0,False
76,3,0,1,6,0,0,2,4,16,10,0.41,0,90,1,5,13,2,4.23529411764706,0,1,1,0.9,0.0,0,2,1,False
77,0,0,1,0,0,1,1,0,0,3,0.82,0,0,1,0,2,2,2.66666666666667,0,1,1,1.2,0.0,0,1,0,False
78,0,3,1,0,0,0,5,2,7,11,0.34,0,70,2,0,4,2,2.3125,0,0,1,0.681818181818182,1.0,0,2,1,False
79,0,0,1,0,0,2,1,0,5,11,1.04,0,72,1,0,0,1,2.54545454545455,1,1,1,0.0,0.0,0,1,0,False
80,0,0,1,0,0,1,1,0,0,11,2.6,0,0,0,1,3,0,0.818181818181818,0,0,1,0.0,0.0,0,1,2,False
81,1,2,1,6,0,1,3,0,10,7,0.16,0,92,3,0,4,2,5.0,1,1,1,1.5,0.8,0,2,0,True
82,0,0,1,0,0,1,1,1,0,0,0.54,2,0,2,0,6,2,3.0,3,18,16,5.0,0.0,0,1,1,False
83,0,0,1,0,0,8,1,0,0,2,4.0,0,0,0,1,1,0,0.5,0,1,1,0.0,0.0,0,1,0,False
84,1,1,1,2,0,0,2,1,9,6,0.25,0,80,2,1,6,1,4.11111111111111,0,1,1,1.41666666666667,0.8,0,1,1,True
85,0,0,0,0,0,0,1,0,0,0,7.0,0,0,2,0,0,1,0.0,0,0,0,0.0,0.0,0,1,0,False
86,0,0,1,0,0,2,1,0,0,5,2.9,0,0,0,4,2,0,0.8,0,0,1,0.0,0.0,0,1,0,False
87,0,0,1,0,0,1,1,2,5,3,0.55,1,64,2,1,3,1,2.6,1,2,1,1.14285714285714,1.0,0,2,0,False
88,2,0,1,1,2,3,1,1,0,0,0.49,2,66,2,0,11,2,3.33333333333333,2,6,1,1.8,0.0,0,2,1,False
89,1,0,1,1,0,0,1,1,1,2,0.78,0,62,2,0,2,1,1.0,0,1,1,0.5,0.0,0,2,0,False
90,0,0,1,0,0,7,1,1,0,0,0.82,1,0,2,1,9,2,4.0,4,12,1,0.0,0.0,0,2,1,False
91,0,0,1,0,0,4,1,1,0,0,0.53,1,0,3,0,5,1,3.0,3,10,24,5.0,0.0,0,2,1,False
92,5,0,2,2,0,1,1,1,7,3,0.3,0,76,2,0,4,1,4.0,0,2,1,1.81818181818182,1.0,0,2,0,False
93,0,0,1,0,0,2,1,0,11,18,0.62,0,84,1,0,14,1,5.27777777777778,1,1,1,0.5,0.8,0,3,1,False
94,1,0,1,0,2,8,1,0,0,1,0.69,4,0,1,0,7,1,0.5,0,2,1,0.0,0.0,0,1,0,False
95,1,0,1,0,0,3,1,0,3,5,1.45,0,66,1,0,3,1,3.66666666666667,2,1,1,0.111111111111111,0.0,0,2,0,False
96,0,0,1,0,0,2,1,0,4,5,1.24,0,60,1,0,0,1,6.8,6,1,1,0.0,0.0,0,1,1,False
97,0,2,1,0,0,2,1,0,10,12,0.99,0,78,1,0,1,2,4.5,1,1,1,0.25,0.0,0,1,1,False
98,1,0,1,1,0,0,1,0,4,6,0.82,0,77,2,0,5,1,1.42857142857143,0,1,1,0.9,0.0,0,2,2,False
99,0,0,1,0,0,0,1,1,0,2,1.64,0,0,2,0,2,1,0.333333333333333,0,1,1,0.0,0.0,0,1,1,False
100,0,0,1,0,0,0,1,0,0,2,1.18,0,0,2,0,2,1,1.0,0,2,1,0.75,1.0,0,1,1,False
101,0,0,1,0,0,0,1,0,0,2,1.24,0,0,2,0,2,1,0.5,0,2,1,0.75,0.0,0,1,1,False
102,0,0,1,0,0,0,1,0,0,2,0.74,2,0,2,0,6,1,3.5,2,2,1,0.0,1.0,0,3,0,True
103,1,0,1,4,0,1,1,0,4,6,0.98,0,75,2,0,3,1,2.28571428571429,0,1,1,0.444444444444444,0.0,0,2,1,False
104,0,0,1,0,0,2,1,0,2,4,0.65,0,50,2,0,2,1,1.5,0,1,1,1.16666666666667,1.0,0,1,0,False
105,0,0,1,5,0,1,1,0,0,2,0.64,2,50,2,0,6,1,3.0,1,2,1,0.75,1.0,0,3,0,True
106,0,0,1,0,0,0,1,0,0,2,1.25,0,0,2,0,3,1,0.5,0,2,1,0.0,0.0,0,1,1,False
107,0,0,1,0,0,0,1,0,0,2,1.62,0,0,2,0,2,1,0.5,0,2,1,0.0,1.0,0,1,1,False
108,1,2,1,1,0,3,1,4,5,13,1.03,0,87,1,18,5,2,6.3,1,0,1,0.318181818181818,1.0,0,1,1,False
109,0,0,1,0,0,2,1,1,0,8,0.73,0,0,2,3,9,1,1.55555555555556,1,1,1,1.36363636363636,0.0,0,1,0,False
110,1,1,1,1,0,0,2,0,9,7,0.41,0,71,2,0,10,1,2.33333333333333,0,0,1,1.25,1.0,0,1,0,False
111,0,0,1,0,0,1,1,1,0,2,0.56,0,0,3,0,4,1,1.33333333333333,0,2,1,1.8,0.0,0,2,0,False
112,0,0,1,10,0,2,1,6,0,1,0.52,0,82,2,4,5,1,5.42857142857143,0,1,1,1.33333333333333,0.0,0,2,0,False
113,0,0,1,0,0,0,1,1,0,2,0.47,0,0,4,0,4,1,2.0,1,2,1,1.8,0.0,0,2,0,False
114,0,0,1,0,0,2,1,1,0,2,0.62,0,0,3,0,4,1,1.33333333333333,0,2,1,2.4,0.0,0,2,0,False
115,0,0,1,0,0,2,1,1,0,2,0.61,0,0,3,0,4,1,1.66666666666667,0,2,1,2.4,0.0,0,2,0,False
116,0,0,1,0,0,1,1,1,0,2,0.53,0,0,4,0,4,1,2.0,1,2,1,2.4,0.0,0,2,0,False
117,0,0,1,0,0,0,1,1,1,4,0.51,0,19,3,2,4,1,2.2,1,1,1,1.71428571428571,0.0,0,1,0,False
118,0,0,1,0,0,0,1,1,0,2,1.71,0,0,2,1,1,1,0.666666666666667,0,1,1,0.0,0.0,0,1,0,False
119,0,0,1,0,0,0,1,0,0,2,2.09,0,0,4,0,1,1,0.5,0,2,1,0.0,1.0,0,1,2,False
120,0,0,1,0,0,0,1,0,0,2,2.09,0,0,3,1,1,1,1.0,0,2,1,0.0,1.0,0,1,2,False
121,0,0,1,0,0,0,1,0,0,6,0.96,0,0,3,1,2,1,0.5,0,1,1,0.0,0.0,0,1,1,False
122,0,0,1,0,0,0,1,1,1,4,0.88,0,60,4,0,4,1,1.2,0,1,1,0.428571428571429,0.0,0,2,1,False
123,0,0,1,0,0,0,1,0,0,2,2.8,0,0,4,0,1,1,0.5,0,1,1,0.0,0.0,0,1,2,False
124,0,0,1,0,0,0,1,0,1,9,0.88,0,77,3,2,2,1,0.555555555555556,0,1,1,0.0,0.0,0,2,0,False
125,0,0,1,0,0,1,1,0,2,4,1.28,0,50,2,0,2,1,1.0,0,1,1,0.5,0.0,0,2,0,False
126,8,0,1,1,0,1,2,1,12,14,0.28,0,79,2,0,4,2,4.65217391304348,1,1,1,1.26923076923077,0.8,0,3,0,True
127,0,0,1,0,0,0,1,0,0,6,1.17,0,0,3,0,2,1,0.166666666666667,0,1,1,0.0,0.0,0,1,0,False
128,1,0,1,2,0,0,1,0,5,6,0.37,0,79,2,0,6,1,2.14285714285714,0,1,1,0.888888888888889,1.0,0,1,0,False
129,1,0,4,0,0,6,1,0,1,4,0.28,2,0,1,0,5,1,5.2,2,1,1,3.25,0.0,0,1,0,False
130,4,0,1,1,0,5,1,0,5,12,0.45,0,71,1,0,1,1,5.125,2,1,1,1.33333333333333,0.666666666666667,0,3,1,False
131,0,0,7,0,1,7,1,0,0,1,1.13,0,0,1,0,0,1,3.0,3,5,7,4.0,0.0,0,1,0,False
132,0,0,1,2,8,4,1,0,0,8,1.02,0,31,1,0,0,1,5.25,4,3,1,0.3,1.0,0,2,0,False
133,0,0,0,5,0,0,1,0,0,0,2.11,0,0,1,0,0,1,0.0,0,0,0,0.0,0.0,0,1,0,False
134,2,0,1,0,2,1,1,0,3,10,0.36,0,66,1,0,4,1,1.66666666666667,0,1,1,0.428571428571429,0.0,0,1,1,False
135,0,0,1,0,0,7,1,0,0,3,5.71,0,0,0,1,1,0,1.33333333333333,1,1,1,0.5,0.0,0,1,0,False
136,1,0,1,0,0,4,1,0,6,6,0.91,0,61,1,0,10,1,5.14285714285714,1,1,1,0.777777777777778,1.0,0,1,0,False
137,0,0,1,0,0,3,1,0,2,5,1.72,0,40,1,0,0,2,3.2,1,1,1,0.428571428571429,0.0,0,1,0,False
138,0,0,1,0,0,5,1,0,0,1,4.0,0,0,0,1,3,0,1.0,1,1,1,0.0,0.0,0,1,0,False
139,3,0,1,2,1,3,2,0,12,16,0.51,0,77,1,0,1,1,4.0,1,1,1,0.590909090909091,1.0,0,1,0,False
140,0,0,1,0,1,6,1,0,0,1,0.3,10,0,1,0,11,1,1.0,1,11,1,1.25,0.5,0,1,1,False
141,0,0,2,0,0,7,1,0,1,2,1.11,0,0,1,0,1,1,1.5,1,2,1,2.25,1.0,0,1,0,False
142,0,2,1,0,0,2,2,0,3,6,0.37,0,37,1,0,2,2,3.0,2,1,1,1.72727272727273,0.0,0,1,0,False
143,1,0,2,1,0,5,1,0,0,2,0.84,0,66,1,0,1,1,4.0,2,1,1,2.2,0.0,0,1,0,False
144,0,0,1,0,0,3,2,0,2,3,1.36,0,0,1,0,4,2,4.33333333333333,3,2,1,0.428571428571429,0.0,0,1,0,False
145,4,2,1,1,2,1,3,1,3,1,0.32,0,60,2,0,8,1,3.5,2,1,1,0.916666666666667,0.0,0,1,0,False
146,0,0,1,0,0,2,1,0,3,2,1.17,0,16,1,0,5,2,4.0,4,3,1,0.75,0.0,0,1,0,False
147,1,0,1,1,0,3,1,0,3,3,0.7,0,50,1,0,5,1,5.5,2,1,1,0.666666666666667,1.0,0,1,0,False
148,0,0,1,1,1,1,1,0,0,1,0.74,0,100,1,0,7,1,2.0,2,6,1,1.5,1.0,0,1,0,False
149,0,0,2,3,2,6,1,6,0,4,0.25,0,90,2,0,25,2,5.5,0,1,1,2.75,0.0,0,1,2,False
150,0,0,1,0,0,0,1,0,4,8,0.6,0,75,1,0,1,2,1.5,1,1,1,0.0,1.0,0,1,1,False
151,0,0,1,0,0,0,1,0,6,2,1.17,0,50,1,0,0,1,5.0,0,2,1,1.4,0.0,0,1,0,False
152,0,0,1,0,2,2,1,0,5,3,0.97,0,33,1,0,2,1,3.66666666666667,1,1,1,2.4,0.0,0,1,0,False
153,0,3,1,12,5,0,4,1,23,27,0.18,0,90,1,0,10,1,3.74193548387097,1,1,1,0.833333333333333,0.0,0,1,0,False
154,0,0,1,0,0,0,1,0,4,15,0.27,0,78,1,0,2,1,2.53333333333333,0,1,1,0.588235294117647,0.0,0,1,1,False
155,0,0,1,0,1,1,1,1,6,10,0.7,0,66,1,0,0,1,2.72727272727273,0,1,1,0.230769230769231,0.0,0,1,0,False
156,1,0,1,3,2,1,2,1,3,4,0.22,1,73,1,0,0,2,3.33333333333333,1,1,1,2.8,0.0,0,1,1,False
157,1,1,1,3,2,0,2,0,7,9,0.12,0,81,2,0,1,1,3.45454545454545,1,1,1,1.07142857142857,0.666666666666667,0,1,0,False
158,1,0,1,1,1,0,1,0,0,2,1.19,0,66,4,0,1,1,0.666666666666667,0,1,1,0.0,0.0,0,1,0,False
159,2,0,1,3,3,4,2,1,1,10,0.32,2,90,3,0,11,1,1.69230769230769,0,1,1,0.6875,0.833333333333333,0,2,0,True
160,2,1,2,5,1,2,1,1,0,6,0.34,0,86,2,0,4,1,1.9,0,1,1,1.75,0.0,0,1,1,False
161,1,0,1,1,0,5,1,0,0,2,0.33,7,66,2,0,13,1,1.66666666666667,1,1,1,1.8,1.0,0,1,0,False
162,0,0,1,0,0,0,1,6,2,0,0.47,0,25,1,0,3,1,8.33333333333333,1,1,1,1.11111111111111,0.0,0,3,0,False
163,1,0,2,1,0,0,1,10,6,0,0.15,2,71,1,0,1,1,7.54545454545455,2,1,1,2.07692307692308,0.0,0,2,1,False
164,0,0,1,0,0,2,1,0,5,15,0.49,0,89,2,0,7,1,1.86666666666667,0,1,1,0.941176470588235,0.0,0,1,2,False
165,0,0,1,0,0,0,1,1,5,7,0.26,2,42,2,0,4,1,4.25,0,0,1,1.0,0.0,0,1,1,False
166,0,0,1,3,0,0,1,1,5,7,0.31,1,54,2,0,3,1,5.125,1,1,1,0.6,0.0,0,2,2,False
167,0,0,1,0,0,0,1,0,1,4,1.05,0,25,2,0,0,1,0.5,0,1,1,0.0,0.0,0,3,0,False
168,0,0,1,0,0,0,1,0,4,5,0.05,21,19,2,0,4,1,8.0,3,1,8,3.71428571428571,0.0,0,1,2,False
169,1,0,1,0,2,0,1,0,0,2,1.69,0,0,1,0,0,1,2.33333333333333,0,1,1,0.0,0.0,0,2,0,False
170,0,0,1,0,0,0,1,6,2,0,0.31,0,25,1,0,3,1,8.66666666666667,1,1,1,1.11111111111111,0.0,0,3,0,False
171,0,0,1,0,0,1,1,0,5,17,0.33,1,84,2,0,8,1,2.05882352941176,0,1,1,0.842105263157895,0.0,0,2,2,False
172,0,0,1,0,0,0,1,1,5,7,0.19,2,44,2,0,4,1,4.125,0,0,1,1.0,0.0,0,1,1,False
173,0,0,1,3,0,0,1,1,5,7,0.23,1,54,2,0,3,1,5.125,1,1,1,0.6,0.0,0,2,2,False
174,0,0,1,0,0,0,1,0,1,4,1.15,0,25,2,0,0,1,0.5,0,1,1,0.0,0.0,0,2,0,False
175,1,0,2,1,0,0,1,10,6,0,0.1,2,71,1,0,1,1,8.0,2,1,1,2.07692307692308,0.0,0,2,1,False
176,0,0,1,0,0,0,1,0,4,4,0.07,15,18,2,0,4,1,6.5,3,1,8,3.16666666666667,0.0,0,1,2,False
177,0,0,1,0,1,0,1,0,0,1,2.3,0,0,1,0,0,1,1.0,1,1,1,0.0,0.0,0,1,0,False
178,0,0,1,0,0,0,1,0,0,2,2.0,0,0,1,0,0,2,1.0,1,1,1,1.2,0.0,0,1,0,False
179,0,1,1,0,0,3,1,0,0,0,5.75,0,0,0,2,0,0,1.0,1,1,1,0.0,0.0,0,1,0,False
180,0,1,1,0,0,5,1,0,0,0,5.2,0,0,0,3,1,0,1.0,1,1,1,0.0,0.0,0,3,0,False
181,0,0,1,0,0,4,1,0,0,2,4.29,0,0,0,2,1,0,1.0,1,0,1,0.0,0.0,0,2,0,False
182,2,0,1,1,2,5,1,2,15,3,0.4,0,72,1,1,1,2,6.0,2,1,1,1.11111111111111,0.0,0,1,2,False
183,1,0,1,1,0,7,2,0,5,20,0.54,0,85,2,0,14,1,5.38095238095238,1,1,1,1.20833333333333,0.0,0,3,1,False
184,0,0,1,0,0,0,1,0,0,2,2.22,0,0,1,0,1,2,0.0,0,0,1,0.0,0.0,0,2,0,False
185,0,0,1,0,0,3,1,0,5,9,0.9,0,77,1,0,6,2,4.11111111111111,0,0,1,0.636363636363636,0.0,0,2,1,False
186,3,0,1,0,7,6,1,0,0,4,0.76,0,0,1,0,8,1,5.28571428571429,2,2,1,1.88888888888889,0.0,0,2,1,False
187,0,0,1,0,0,5,1,0,0,3,4.5,0,0,0,2,2,0,1.0,1,0,1,0.0,0.0,0,3,0,False
188,0,0,1,1,0,1,1,0,2,6,1.0,0,61,1,0,1,2,2.5,0,1,1,0.375,0.0,0,2,0,False
189,0,0,1,0,1,1,1,0,0,3,0.49,2,0,1,0,0,2,1.33333333333333,1,1,1,1.8,0.0,0,1,0,False
190,0,0,1,0,0,1,1,0,2,3,0.97,0,0,1,0,1,2,3.33333333333333,2,3,1,0.6,0.0,0,3,0,False
191,0,0,2,2,0,0,1,0,0,2,0.6,1,75,2,0,1,1,5.0,5,2,1,0.75,1.0,0,2,1,False
192,0,1,1,0,0,1,1,0,5,6,0.9,0,62,1,0,0,1,3.57142857142857,1,1,1,0.0,0.0,0,3,0,False
193,0,3,1,1,0,2,1,0,8,6,0.57,0,77,1,0,1,1,2.88888888888889,1,1,1,1.09090909090909,0.0,0,1,2,False
194,0,1,2,0,5,6,3,0,2,7,0.51,0,25,2,0,9,2,3.25,2,2,1,1.0,0.0,0,2,1,False
195,0,0,1,0,0,2,1,0,2,5,1.22,0,40,1,0,0,1,2.2,1,1,1,0.0,0.0,0,2,0,False
196,1,1,1,1,0,0,6,4,19,39,0.17,1,76,2,0,36,2,2.88888888888889,0,0,1,0.384615384615385,0.0,0,2,2,False
197,5,0,2,0,2,2,2,0,8,9,0.38,1,76,1,0,20,2,4.64285714285714,2,1,1,2.05555555555556,0.0,0,2,0,False
198,12,1,1,15,1,2,2,0,9,3,0.46,0,87,1,0,3,1,5.375,1,1,1,0.894736842105263,0.0,0,2,0,False
199,4,0,1,2,10,6,12,0,5,22,0.81,1,95,1,0,5,2,2.57692307692308,0,1,1,0.625,0.0,0,2,1,False
200,16,0,1,19,12,2,11,6,22,75,0.56,0,95,2,0,15,2,3.19587628865979,0,0,1,0.724770642201835,0.0,0,2,4,True
201,6,2,2,7,4,5,4,0,13,9,0.66,0,72,2,0,6,1,4.11764705882353,1,1,1,1.22727272727273,0.0,0,2,2,False
202,5,0,2,2,2,9,1,1,1,3,0.65,3,81,1,0,0,1,3.11111111111111,1,2,1,2.27272727272727,0.0,0,2,1,False
203,1,0,2,1,1,9,1,1,6,2,1.02,1,67,3,0,2,1,4.75,3,1,1,1.5,0.0,0,2,1,False
204,10,1,1,2,4,1,3,0,4,5,0.56,1,88,2,0,21,2,3.3125,0,0,1,2.0,1.0,0,2,4,True
205,8,0,1,1,3,1,1,0,0,2,0.24,1,90,2,0,9,1,3.5,1,1,1,2.91666666666667,0.0,0,2,2,False
206,0,0,1,0,1,8,1,0,2,3,0.63,2,33,1,0,8,1,6.33333333333333,3,3,1,4.66666666666667,0.0,0,1,1,False
207,3,0,1,5,0,4,1,0,3,5,1.01,0,68,2,0,1,1,5.25,2,2,1,1.18181818181818,1.0,0,1,2,False
208,1,2,1,1,2,0,3,1,2,1,0.35,0,50,2,0,6,1,2.8,1,1,1,1.0,0.0,0,1,1,False
209,0,0,1,0,1,0,1,0,0,1,0.78,4,0,1,0,4,1,2.0,2,7,4,1.0,0.0,0,2,0,False
210,0,0,1,0,1,8,1,0,2,3,0.59,2,33,1,0,7,1,5.66666666666667,3,3,1,3.8,0.0,0,2,1,False
211,0,0,1,0,0,8,1,0,12,9,1.13,0,77,3,1,0,1,4.66666666666667,1,1,1,0.454545454545455,0.0,0,1,2,False
212,0,0,2,0,0,17,1,4,0,1,0.65,2,0,2,0,5,1,2.8,2,2,1,2.125,1.0,0,1,3,False
213,0,10,1,0,0,5,1,0,0,0,5.38,0,0,0,1,0,0,2.0,0,0,1,0.461538461538462,0.0,0,1,0,False
214,1,0,1,0,0,0,1,0,6,13,0.4,0,70,1,0,0,2,2.07142857142857,0,1,1,0.5,0.0,0,1,1,False
215,0,0,2,0,0,7,1,1,5,4,0.63,0,56,2,0,1,1,5.2,2,2,1,1.57142857142857,0.0,0,1,0,False
216,11,0,2,11,3,3,4,9,32,33,0.26,0,100,2,1,28,2,5.54716981132075,0,0,1,1.29310344827586,0.0,0,1,1,False
217,0,0,0,0,0,0,1,0,36,0,0.01,0,0,0,2,0,0,0.0,0,0,0,0.0,0.0,0,1,0,False
218,27,0,5,8,1,0,1,1,11,7,0.0,0,87,1,0,3,2,4.8,1,1,1,1.64864864864865,0.0,0,1,0,False
219,0,0,1,0,1,7,1,0,8,2,2.74,0,93,1,0,0,1,1.5,1,1,1,0.75,0.0,0,1,0,False
220,0,0,1,4,2,4,1,2,1,4,0.67,0,96,2,0,0,1,3.5,0,1,1,1.125,0.0,0,1,0,False
221,0,0,1,3,0,0,5,0,1,10,0.23,2,45,2,0,15,2,2.7,1,0,1,0.625,0.0,0,1,0,False
222,1,0,1,1,0,0,1,0,6,6,0.21,2,32,2,0,20,1,5.71428571428571,2,2,1,0.333333333333333,0.5,0,3,1,False
223,0,0,1,0,0,2,2,0,0,4,0.21,8,0,2,0,3,2,0.25,0,2,1,0.714285714285714,0.0,0,1,1,False
224,0,0,1,3,0,0,5,0,1,9,0.24,2,55,2,0,15,2,2.44444444444444,1,0,1,0.6,0.0,0,1,1,False
225,1,0,1,0,0,0,2,0,9,7,0.25,0,61,2,0,6,1,3.0,0,1,1,0.545454545454545,0.0,0,2,0,False
226,0,0,1,1,0,1,4,2,4,32,0.17,0,94,3,0,18,1,2.02941176470588,0,1,1,0.538461538461538,0.0,0,1,2,False
227,1,0,1,0,0,2,1,0,3,5,0.29,1,16,2,0,4,1,7.33333333333333,3,2,1,2.66666666666667,1.0,0,2,0,False
228,0,0,1,0,0,2,3,0,3,5,0.93,3,22,2,0,4,2,2.8,0,1,1,0.333333333333333,0.0,0,2,1,False
229,2,0,2,4,1,1,1,0,3,12,0.28,0,71,2,0,4,1,3.42857142857143,1,1,1,1.3125,1.0,0,1,0,False
230,0,0,1,0,0,4,1,0,2,3,1.8,0,33,1,0,2,2,5.33333333333333,2,1,1,0.0,0.0,0,2,0,False
231,1,0,1,1,0,2,6,1,14,13,0.36,0,73,3,0,19,2,3.66666666666667,0,1,1,1.0,0.0,0,2,0,False
232,6,2,1,10,1,6,3,1,13,30,1.14,0,93,2,0,23,1,2.66666666666667,1,1,1,0.75,1.0,0,1,1,False
233,0,0,1,0,0,0,1,0,8,19,0.29,0,81,2,0,5,1,1.89473684210526,1,1,1,0.142857142857143,0.0,0,2,0,False
234,1,0,3,0,1,21,1,0,0,1,1.34,0,0,1,0,10,1,2.5,0,1,1,1.5,0.0,0,2,1,False
235,0,0,2,0,0,1,1,0,1,4,0.64,0,0,2,0,3,1,2.25,1,1,1,1.33333333333333,0.0,0,2,0,False
236,3,0,1,0,0,0,1,1,2,9,0.13,0,57,2,0,16,1,3.92307692307692,1,2,1,0.0,0.0,0,2,0,False
237,1,0,1,1,0,1,1,2,4,5,0.19,0,40,2,0,15,1,4.25,2,3,1,1.1,1.0,0,1,0,False
238,0,0,2,0,0,0,1,0,1,5,0.81,0,0,1,0,1,2,1.4,1,1,1,0.625,0.0,0,2,0,False
239,0,0,2,0,0,0,1,0,1,5,0.96,0,19,1,0,0,2,1.2,0,1,1,0.428571428571429,0.0,0,2,0,False
240,0,3,1,0,0,6,1,0,0,0,6.33,0,0,0,2,0,0,1.0,1,0,1,0.0,0.0,0,2,0,False
241,0,0,2,0,0,1,1,1,1,5,0.97,0,16,3,0,6,2,2.33333333333333,1,1,1,0.375,0.0,0,2,0,False
242,0,2,1,0,0,0,1,0,0,0,3.8,0,0,0,2,1,0,0.0,0,0,1,0.0,0.0,0,2,0,False
243,0,0,1,0,0,0,1,1,4,4,0.61,0,55,3,0,3,1,2.0,0,1,1,1.0,0.0,0,2,0,False
244,0,0,1,0,0,0,1,0,2,11,0.31,0,40,3,0,13,2,1.63636363636364,0,1,1,0.307692307692308,0.0,0,1,1,False
245,0,0,1,0,1,0,1,0,0,1,2.71,0,0,1,0,0,1,3.0,3,2,1,0.0,0.0,0,2,0,False
246,3,0,1,0,0,0,1,0,2,8,0.24,0,72,2,0,16,1,2.09090909090909,0,2,1,0.307692307692308,0.0,0,2,0,False
247,0,0,1,0,0,4,1,0,0,1,0.61,1,0,2,0,13,1,2.0,2,15,1,0.0,0.0,0,2,0,False
248,0,0,1,0,0,1,1,0,6,1,0.82,0,0,1,0,1,1,5.0,5,10,3,2.5,0.0,0,2,0,False
249,6,0,7,2,0,10,1,0,5,1,0.24,0,71,2,0,1,1,5.42857142857143,3,3,1,2.7,0.0,0,1,0,False
250,10,0,10,3,0,14,1,0,9,1,0.26,0,83,2,0,1,1,5.0,3,1,1,3.23076923076923,0.0,0,1,0,False
251,16,0,10,3,0,14,1,0,13,1,0.25,0,89,2,0,1,1,4.70588235294118,3,1,1,3.26315789473684,0.0,0,1,0,False
252,12,0,10,4,0,14,1,0,14,1,0.23,0,85,2,0,1,1,5.46153846153846,1,1,1,2.73333333333333,0.0,0,1,0,False
253,13,0,13,2,0,21,1,0,11,1,0.26,0,85,2,0,1,1,4.71428571428571,3,1,1,4.0625,0.0,0,1,0,False
254,7,0,12,3,0,16,1,0,8,1,0.25,0,81,2,0,1,1,4.5,3,1,1,3.8,0.0,0,1,0,False
255,7,0,11,3,0,15,1,0,7,1,0.25,0,81,2,0,1,1,4.375,3,1,1,3.8,0.0,0,1,0,False
256,11,0,12,3,0,16,1,0,11,1,0.21,0,86,2,0,1,1,4.33333333333333,3,1,1,3.57142857142857,0.0,0,1,0,False
257,17,0,17,4,0,27,1,0,15,1,0.31,0,88,2,0,1,1,5.27777777777778,3,2,1,3.35,0.0,0,1,0,False
258,33,0,5,0,0,8,1,0,4,1,0.19,0,97,2,0,1,1,3.05882352941176,1,1,1,2.08333333333333,0.0,0,2,0,False
259,5,0,6,2,0,8,1,0,4,1,0.22,0,72,2,0,1,1,4.83333333333333,2,2,1,1.875,0.0,0,1,0,False
260,12,0,10,2,0,13,1,0,9,1,0.25,0,86,2,0,1,1,4.23076923076923,2,1,1,2.6,0.0,0,1,0,False
261,11,0,11,1,0,15,1,0,12,1,0.21,0,87,2,0,1,1,4.25,3,1,1,3.71428571428571,0.0,0,1,1,False
262,11,0,7,1,0,9,1,0,10,1,0.2,0,88,2,0,1,1,3.41666666666667,3,1,1,2.78571428571429,0.0,0,1,0,False
263,11,0,12,1,0,17,1,0,13,1,0.22,0,86,2,0,1,1,4.33333333333333,3,1,1,3.5,0.0,0,1,0,False
264,5,0,6,2,0,8,1,0,4,1,0.21,0,72,2,0,1,1,4.83333333333333,2,2,1,1.875,0.0,0,1,0,False
265,0,0,3,0,0,0,1,25,6,2,0.21,0,58,1,16,1,1,19.3703703703704,0,1,1,0.931034482758621,0.0,0,1,1,False
266,1,0,1,0,2,0,1,0,0,1,0.26,4,0,1,0,1,1,1.5,1,2,1,3.0,0.0,0,3,0,False
267,0,0,1,0,0,1,1,0,2,3,1.04,0,33,2,0,6,1,2.66666666666667,2,2,1,0.666666666666667,0.0,0,3,0,False
268,0,0,1,1,0,3,1,0,2,2,0.74,0,16,3,0,2,1,5.5,5,8,2,1.0,0.0,0,3,0,False
269,0,0,1,0,0,0,2,0,0,4,1.29,0,0,2,0,5,2,1.25,0,1,1,0.428571428571429,0.0,0,2,0,False
270,0,1,1,0,0,4,1,0,0,0,5.4,0,0,0,2,0,0,1.0,1,1,1,0.75,1.0,0,4,1,False
271,0,1,2,0,0,0,2,0,5,5,0.47,1,50,1,0,4,2,4.5,0,0,1,0.555555555555556,1.0,0,5,1,False
272,0,0,1,0,0,0,2,1,3,6,0.71,0,75,1,0,1,2,1.28571428571429,0,0,1,0.4,1.0,0,5,1,False
273,7,0,2,1,5,7,1,1,6,8,0.77,1,84,1,0,22,1,4.9375,1,1,1,1.22222222222222,1.0,0,3,3,True
274,0,0,5,0,0,2,1,0,3,1,1.52,2,33,1,0,0,1,4.0,4,1,5,1.0,1.0,0,3,2,False
275,0,1,1,0,0,0,1,1,0,0,1.54,0,0,2,0,1,1,2.0,2,2,1,0.0,1.0,0,3,1,False
276,2,0,2,0,2,4,1,0,3,2,0.66,4,58,1,0,0,1,4.25,3,1,1,1.83333333333333,0.0,0,1,2,False
277,0,0,1,0,0,0,1,0,4,7,0.2,3,17,2,0,11,1,3.71428571428571,3,7,1,1.11111111111111,0.0,0,1,0,False
278,0,0,1,0,0,0,1,0,0,1,1.11,0,0,2,0,3,1,1.0,1,6,1,0.0,0.0,0,1,0,False
279,2,0,1,0,0,2,1,1,3,1,0.41,4,41,2,0,13,1,3.25,2,3,1,0.5,1.0,0,4,1,True
280,0,10,1,0,0,5,1,0,0,0,5.38,0,0,0,1,0,0,1.4,0,0,1,0.461538461538462,0.0,0,1,0,False
281,1,0,1,0,0,0,1,0,6,13,0.4,0,70,1,0,0,2,2.07142857142857,0,1,1,0.5,0.0,0,1,1,False
282,0,0,2,0,0,7,1,1,5,4,0.63,0,56,2,0,1,1,5.2,2,2,1,1.57142857142857,0.0,0,1,0,False
283,9,0,2,1,4,0,3,12,34,25,0.06,0,91,2,0,17,2,5.39130434782609,0,0,1,1.42,0.0,0,1,0,False
284,0,0,0,0,0,0,1,0,26,0,0.02,0,0,0,2,0,0,0.0,0,0,0,0.0,0.0,0,1,0,False
285,15,0,5,8,1,0,1,1,11,7,0.0,0,88,1,0,3,2,4.34782608695652,1,1,1,1.48,0.0,0,1,0,False
286,0,0,1,0,0,0,1,0,0,2,1.31,0,0,3,0,5,1,3.5,3,2,1,1.0,0.0,0,2,0,False
287,1,0,1,0,0,0,1,0,2,6,0.8,0,57,1,0,4,1,2.28571428571429,0,1,1,0.333333333333333,0.0,0,2,0,False
288,0,0,1,0,0,0,1,6,3,9,0.28,0,82,2,4,1,1,3.0,0,1,1,0.764705882352941,0.0,0,2,0,False
289,0,0,2,0,0,0,2,0,2,9,0.24,0,71,3,0,6,2,2.66666666666667,0,1,1,1.0,0.0,0,2,0,False
290,0,2,1,0,0,2,1,0,0,0,3.5,0,0,0,3,1,0,2.0,2,0,1,0.0,0.0,0,2,0,False
291,0,0,1,0,0,0,1,1,4,8,0.36,0,63,2,0,4,1,2.77777777777778,0,1,1,0.636363636363636,0.0,0,2,0,False
292,0,0,1,0,0,1,1,0,0,2,1.12,0,0,3,0,6,1,3.5,3,2,1,0.0,0.0,0,2,0,False
293,0,0,2,0,0,0,1,0,0,4,0.47,0,0,3,0,6,2,2.25,0,2,1,1.66666666666667,0.0,0,2,0,False
294,0,2,1,0,0,0,5,1,1,14,0.27,0,83,2,3,6,3,1.76470588235294,0,0,1,0.130434782608696,0.0,0,2,0,False
295,0,0,1,0,0,0,1,1,4,10,0.69,0,72,1,0,10,1,3.27272727272727,1,1,1,0.384615384615385,0.0,0,1,1,False
296,0,0,1,0,2,0,1,0,0,2,0.64,0,0,1,0,3,1,5.0,5,3,2,1.0,0.0,0,2,0,False
297,0,0,1,0,0,0,1,1,2,6,0.36,0,71,3,0,4,1,2.28571428571429,0,1,1,1.0,0.0,0,2,0,False
298,0,0,1,1,0,0,2,1,2,14,0.41,0,88,1,3,2,2,1.93333333333333,0,0,1,0.277777777777778,0.0,0,2,1,False
299,0,0,1,0,0,0,1,0,1,5,0.5,0,60,3,0,4,1,2.4,0,1,1,0.857142857142857,0.0,0,2,1,False
300,0,0,1,0,0,0,1,3,5,4,0.21,0,62,3,0,4,1,3.14285714285714,0,1,1,1.88888888888889,0.0,0,2,0,False
301,0,0,1,0,0,0,1,0,0,1,2.43,0,0,2,0,0,1,2.0,2,1,1,0.0,0.0,0,2,0,False
302,0,2,1,0,0,0,2,0,9,4,0.27,0,42,2,0,8,1,6.0,3,1,1,0.888888888888889,0.0,0,3,0,False
303,0,0,1,0,1,0,1,0,2,3,0.39,0,33,1,0,3,1,4.33333333333333,3,3,1,1.4,0.0,0,3,0,False
304,0,3,1,0,0,0,1,0,3,1,0.48,0,50,1,0,9,1,3.25,1,1,1,1.0,0.0,0,2,0,False
305,0,0,1,0,1,0,1,0,3,2,0.42,0,66,2,0,1,1,1.5,1,1,1,0.75,0.0,0,2,1,False
306,0,0,1,0,1,0,1,0,5,25,0.17,0,96,2,0,3,1,1.2,0,1,1,0.0,0.0,0,2,1,False
307,0,0,1,0,1,0,1,0,8,44,0.1,0,97,2,0,4,1,1.25,0,1,1,0.0652173913043478,0.0,0,2,1,False
308,7,0,1,2,0,2,2,0,6,9,0.65,0,72,2,0,16,2,4.4375,0,1,1,0.85,0.0,0,1,2,False
309,5,0,1,1,0,3,2,0,6,14,0.89,0,75,2,0,16,2,4.31578947368421,1,1,1,0.818181818181818,0.0,0,1,3,False
310,0,0,1,0,0,0,1,0,1,5,0.69,0,0,2,0,0,1,5.0,2,2,1,0.428571428571429,0.0,0,1,0,False
311,0,0,2,0,0,0,1,0,2,10,0.39,0,60,2,0,1,1,2.9,0,0,1,0.333333333333333,0.0,0,1,0,False
312,1,0,1,19,2,0,1,0,0,1,0.11,0,94,1,0,1,1,4.0,1,2,1,0.0,0.0,0,1,1,False
313,0,0,1,0,1,0,2,0,0,5,0.33,2,0,1,0,3,2,1.4,0,1,1,0.0,0.0,0,2,0,False
314,0,0,1,0,0,0,1,0,8,17,0.29,0,88,1,0,0,1,1.70588235294118,0,1,1,0.0,0.0,0,1,0,False
315,0,0,1,0,1,0,2,0,0,3,0.4,4,0,1,0,3,2,2.33333333333333,0,1,1,0.0,0.0,0,1,0,False
316,0,0,1,0,0,0,1,1,3,2,0.78,0,22,2,0,3,1,2.66666666666667,2,3,1,0.0,0.0,0,2,0,False
317,0,0,1,0,0,0,1,1,3,3,0.62,0,25,2,0,3,1,2.5,2,3,1,0.0,0.0,0,2,0,False
318,0,0,1,0,0,1,1,1,2,1,1.17,0,0,2,0,3,1,1.5,1,4,1,0.0,0.0,0,1,1,False
319,0,0,1,0,0,1,1,1,2,1,1.17,0,0,2,0,3,1,1.5,1,4,1,0.0,0.0,0,1,0,False
320,0,0,1,0,0,0,1,1,4,4,0.38,0,19,2,0,4,1,3.0,3,4,1,0.0,0.0,0,1,0,False
321,0,1,1,10,0,1,1,0,1,4,0.93,0,94,3,0,2,1,3.2,1,1,1,0.875,1.0,0,1,0,True
322,11,3,5,45,9,5,1,0,18,11,0.28,0,93,1,0,2,1,4.28,1,0,1,0.925925925925926,1.0,0,1,0,True
323,0,0,1,0,0,4,1,2,0,4,0.25,2,0,2,0,2,1,2.0,0,0,1,0.75,1.0,0,1,0,False
324,0,0,1,0,2,17,1,0,0,2,0.77,5,0,1,0,16,1,6.0,2,8,2,4.2,0.0,0,2,1,False
325,0,0,1,0,2,8,1,0,0,2,0.44,6,0,1,0,15,1,6.5,4,11,12,4.25,0.0,0,3,0,False
326,4,0,2,5,5,11,1,0,0,1,0.61,3,72,1,0,7,1,5.2,2,1,1,2.14285714285714,0.0,0,3,2,False
327,0,0,1,0,0,0,1,0,1,2,0.63,1,0,1,0,7,2,2.0,2,2,1,2.0,0.0,0,1,0,False
328,0,1,1,0,1,0,1,0,1,2,0.37,1,33,1,0,6,2,3.33333333333333,2,2,1,2.8,0.0,0,1,0,False
329,0,0,1,0,0,0,1,0,2,2,0.55,2,25,1,0,4,2,2.5,2,2,1,0.0,0.0,0,1,0,False
330,0,0,1,0,0,1,2,1,5,3,0.51,1,12,2,0,10,2,3.0,1,2,1,0.428571428571429,0.0,0,1,0,False
331,0,0,1,0,0,0,1,0,1,2,0.7,1,0,1,0,5,2,2.0,2,2,1,0.0,0.0,0,1,0,False
332,0,0,1,0,0,0,1,0,0,1,0.47,1,0,1,0,4,2,5.0,5,8,9,1.0,1.0,0,1,0,False
333,0,0,1,0,0,0,1,0,2,2,0.86,1,0,1,0,6,2,3.0,3,3,1,0.0,0.0,0,1,0,False
334,0,0,1,0,0,0,1,0,5,2,0.41,1,40,1,0,5,2,4.0,2,2,1,0.75,0.0,0,1,0,False
335,0,0,1,0,0,2,1,0,5,2,0.42,2,30,1,0,7,2,5.5,3,3,1,3.0,0.0,0,1,0,False
336,0,0,1,0,0,0,1,0,0,1,1.23,0,0,1,0,3,2,0.0,0,2,1,0.0,0.0,0,1,0,False
337,0,0,1,0,0,0,1,0,0,1,1.29,2,0,1,0,4,2,1.0,1,5,1,0.0,0.0,0,1,0,False
338,0,0,1,0,0,0,1,0,0,1,1.45,0,0,1,6,2,2,1.0,1,2,1,0.0,0.0,0,1,0,False
339,0,0,1,0,0,0,1,0,1,2,0.67,1,0,2,0,5,1,2.0,2,2,1,0.0,0.0,0,1,0,False
340,0,0,1,0,0,0,1,0,1,2,0.48,0,0,2,0,4,1,2.5,2,2,1,1.5,0.0,0,1,0,False
341,0,0,1,0,0,1,1,0,1,2,0.7,2,0,2,0,5,1,2.0,2,2,1,0.0,0.0,0,1,0,False
342,0,0,1,0,0,0,1,0,1,2,0.48,0,0,2,0,5,1,2.5,2,2,1,1.5,0.0,0,1,0,False
343,0,0,1,0,0,1,1,0,1,2,0.4,0,0,2,0,10,1,2.0,2,2,1,1.5,0.0,0,1,0,False
344,0,0,1,0,0,0,1,0,0,1,2.38,0,0,1,2,2,1,6.0,6,1,1,0.0,0.0,0,1,0,False
345,0,0,1,0,0,0,1,0,1,3,0.76,0,33,1,0,3,2,2.66666666666667,1,1,1,0.6,0.0,0,1,0,False
346,0,0,1,0,0,0,1,0,0,1,0.89,2,0,2,0,6,1,1.0,1,7,1,0.0,0.0,0,1,0,False
347,0,0,1,0,0,0,1,0,0,1,1.12,3,0,1,0,5,2,1.0,1,7,1,0.0,0.0,0,1,0,False
348,0,0,1,0,0,2,1,0,1,2,0.55,0,0,1,0,8,2,2.5,2,2,1,2.25,0.0,0,1,0,False
349,0,0,1,0,0,0,1,0,1,2,0.4,2,0,1,0,11,2,3.0,2,2,1,2.25,0.0,0,1,0,False
350,0,0,1,0,0,1,1,0,1,2,1.04,0,0,1,0,5,2,2.5,2,2,1,0.75,0.0,0,1,0,False
351,1,0,1,1,1,0,1,0,4,5,0.2,1,73,1,1,23,2,3.33333333333333,2,1,1,0.555555555555556,0.0,0,1,0,False
352,0,0,1,0,0,0,1,0,0,1,0.7,1,0,2,0,10,1,6.0,6,9,1,0.0,1.0,0,1,0,False
353,1,0,1,0,17,0,1,0,0,16,0.16,0,0,1,0,1,1,6.0,2,3,1,1.26315789473684,0.0,0,1,1,False
354,0,0,1,0,0,0,1,0,0,1,3.67,0,0,0,6,2,0,3.0,3,1,1,0.0,0.0,0,1,0,False
355,0,0,1,0,0,0,1,0,1,3,0.96,0,0,1,0,2,2,4.0,2,1,1,0.6,0.0,0,1,0,False
356,0,0,1,0,0,3,1,0,0,4,2.33,0,0,2,0,0,1,4.5,0,1,1,0.0,0.0,0,1,0,False
357,0,0,1,0,0,0,1,0,0,1,3.5,0,0,0,13,2,0,5.0,5,1,1,0.0,0.0,0,1,0,False
358,0,0,1,0,0,0,1,0,1,3,0.96,0,0,1,0,2,2,4.0,3,1,1,0.6,0.0,0,1,0,False
359,0,0,1,2,8,1,1,0,2,16,0.37,0,82,1,0,1,1,3.0,1,1,1,0.333333333333333,0.0,0,1,0,False
360,2,0,1,1,0,0,1,2,5,16,0.17,0,89,2,0,18,1,2.4,0,2,1,0.409090909090909,1.0,0,1,1,False
361,0,2,1,0,0,2,1,2,5,1,0.39,2,68,2,0,17,1,2.8,1,1,1,1.42857142857143,0.0,0,1,0,False
362,1,0,1,0,1,4,1,0,0,1,0.93,2,0,1,0,4,1,1.5,0,1,1,1.6,0.0,0,4,2,False
363,1,0,1,0,1,11,1,0,0,1,2.11,2,0,1,0,6,1,3.5,0,1,1,0.0,0.0,0,4,1,False
364,0,2,2,2,3,1,1,0,0,1,0.07,0,33,1,0,0,1,3.0,3,3,2,2.5,0.0,0,1,4,False
365,11,4,2,2,1,0,4,0,42,25,0.03,0,89,2,0,10,2,6.15,0,0,1,1.8,1.0,0,2,3,False
366,0,0,0,0,0,0,1,0,39,0,0.01,0,0,0,2,0,0,0.0,0,0,0,0.0,0.0,0,3,0,False
367,46,0,5,7,0,0,1,1,11,7,0.0,0,85,1,0,3,2,5.12962962962963,1,1,1,1.78571428571429,0.0,0,3,0,False
368,0,0,2,0,0,7,1,1,5,4,0.63,0,56,2,0,1,1,4.6,1,2,1,1.57142857142857,1.0,0,1,1,False
369,0,1,1,0,0,1,1,0,1,1,0.64,0,0,2,0,3,1,4.5,2,2,1,1.5,0.0,0,4,1,False
370,0,0,1,1,0,0,1,3,14,25,0.05,1,80,1,0,0,1,5.0,0,1,1,0.733333333333333,0.0,0,1,1,False
371,0,0,0,1,0,0,1,0,0,0,0.51,0,0,1,0,0,1,0.0,0,0,0,0.0,0.0,0,4,0,False
372,0,0,1,0,2,0,1,0,0,2,0.52,0,0,1,0,2,1,2.0,2,5,3,2.0,0.0,0,4,1,False
373,0,0,1,4,2,4,1,2,1,4,0.67,0,96,2,0,0,1,3.5,0,1,1,1.125,1.0,0,1,1,False
374,1,0,1,1,3,5,1,0,0,3,1.15,2,50,1,0,7,1,4.25,0,1,1,0.0,0.0,0,4,1,False
375,1,1,1,1,2,1,1,0,0,1,0.35,1,66,1,0,3,1,2.66666666666667,0,1,1,2.6,0.0,0,6,1,False
376,3,0,3,4,3,6,1,0,0,1,0.46,4,43,1,0,7,1,4.5,0,1,1,3.0,0.0,0,5,1,False
377,1,0,3,0,1,1,2,0,1,3,0.21,4,0,3,0,10,1,1.75,0,1,1,2.14285714285714,0.0,0,3,4,False
378,0,0,1,0,0,5,1,0,0,1,1.75,0,0,4,0,3,1,1.0,1,3,2,1.0,0.0,0,2,0,False
379,0,0,1,0,0,0,1,0,0,2,1.78,0,0,2,0,1,1,2.0,2,2,1,0.0,0.0,0,2,0,False
380,0,0,1,0,0,2,1,0,0,1,1.83,0,0,3,0,2,1,1.0,1,6,2,2.0,0.0,0,2,0,False
381,2,0,1,0,0,0,1,0,6,9,0.61,0,93,2,0,0,1,1.0,0,1,1,0.5,0.0,0,2,0,False
382,0,0,1,0,0,6,1,2,1,3,2.85,0,60,1,43,1,1,14.0,2,1,1,0.625,1.0,0,6,1,True
383,1,0,1,0,0,0,1,0,2,3,0.82,0,37,3,0,1,1,2.25,1,2,1,0.833333333333333,0.0,0,1,0,False
384,8,1,2,1,0,0,2,0,5,16,0.22,0,77,2,0,1,2,3.08,0,0,1,1.07142857142857,0.75,0,2,0,True
385,0,0,2,2,0,2,1,2,4,3,0.54,1,73,3,3,1,1,3.2,1,1,1,1.71428571428571,0.5,0,5,2,True
386,0,0,2,0,0,24,1,0,2,3,0.57,2,33,3,0,1,1,4.33333333333333,3,2,1,2.4,1.0,0,2,2,False
387,0,0,1,0,0,0,1,0,0,2,1.05,0,0,2,0,3,1,1.0,1,2,1,0.75,1.0,0,3,1,True
388,0,0,2,1,0,0,1,0,1,4,0.53,0,50,3,0,1,1,2.75,1,2,1,1.5,0.666666666666667,0,3,2,True
389,0,0,2,0,0,5,1,0,2,2,1.39,0,0,3,0,1,1,4.0,4,3,1,1.5,0.5,0,2,4,False
390,0,0,1,0,0,1,1,1,0,1,2.4,0,0,4,1,0,1,2.0,1,2,1,0.0,0.0,0,3,0,False
391,0,0,1,0,0,0,1,0,0,2,1.17,1,0,3,0,1,1,8.0,3,2,1,1.5,1.0,0,5,0,False
392,0,0,1,0,0,1,1,1,0,1,2.9,0,0,5,0,0,1,5.5,1,2,1,0.0,0.0,0,4,0,False
393,0,0,1,0,0,2,1,0,2,6,1.32,0,16,2,0,1,1,3.5,2,1,1,0.625,1.0,0,5,0,False
394,0,0,1,0,0,0,1,0,1,2,1.89,0,0,3,0,2,1,3.0,2,4,1,1.5,1.0,0,5,0,False
395,12,2,5,2,1,2,1,0,6,13,0.42,0,74,1,0,0,1,4.03703703703704,1,1,1,1.51724137931034,1.0,0,2,3,False
396,0,0,1,0,0,0,1,0,0,2,1.0,0,0,2,0,3,1,1.0,1,2,1,0.75,1.0,0,4,0,False
397,0,0,1,0,0,3,1,0,2,8,1.0,0,37,3,7,1,1,2.875,0,1,1,0.5,1.0,0,1,0,False
398,0,0,1,2,0,4,2,0,5,16,1.2,0,73,2,0,8,1,7.25,1,1,1,0.35,0.5,0,5,4,True
399,0,0,1,2,0,3,1,0,0,2,0.74,2,50,3,0,2,1,8.0,4,2,1,2.25,1.0,0,4,0,False
400,0,1,1,0,0,3,1,0,3,9,1.23,0,63,3,0,3,1,4.2,1,1,1,1.0,0.6,0,4,0,True
401,11,3,2,27,9,4,1,0,14,10,0.48,0,92,1,0,1,1,3.5,1,0,1,0.961538461538462,0.666666666666667,0,2,0,True
402,0,0,1,1,0,1,2,0,3,7,0.65,0,42,2,0,6,1,2.14285714285714,1,2,1,0.3,1.0,0,6,1,False
403,0,0,1,1,4,6,1,0,2,11,1.47,0,75,3,0,2,1,7.81818181818182,1,1,1,0.769230769230769,0.5,0,5,1,False
404,0,0,1,0,0,0,1,0,1,2,2.21,0,0,3,0,2,1,6.0,4,3,1,0.0,1.0,0,1,0,False
405,1,0,1,2,0,4,1,0,8,25,1.14,0,80,1,0,1,2,14.8846153846154,2,1,1,0.571428571428571,0.4,0,5,3,False
406,0,0,1,0,0,1,1,1,1,1,2.27,0,0,2,44,0,1,23.0,2,1,1,0.0,1.0,0,3,2,False
407,0,0,1,0,0,1,1,2,1,2,2.06,0,25,2,9,0,1,3.25,0,1,1,0.0,0.666666666666667,0,5,1,True
408,0,0,1,0,0,8,1,0,0,4,3.1,0,0,1,18,2,1,31.25,7,0,1,1.0,0.25,0,6,1,True
409,0,0,1,0,0,0,1,0,0,2,1.0,0,0,2,0,3,1,1.5,1,2,1,0.75,1.0,0,4,0,False
410,0,0,1,0,0,1,1,1,0,1,2.1,0,0,4,0,0,1,14.0,1,2,1,0.0,0.0,0,3,0,False
411,0,0,1,0,3,8,1,0,0,3,0.74,0,0,1,0,0,1,5.66666666666667,2,3,2,1.8,1.0,0,3,1,False
412,0,0,1,0,0,3,1,3,13,15,0.51,0,84,1,3,5,2,3.38888888888889,0,1,1,0.476190476190476,0.0,0,1,0,False
413,1,0,1,1,6,1,1,0,0,6,1.16,0,71,1,0,0,1,2.0,0,1,1,0.777777777777778,0.0,0,6,0,False
414,3,0,1,15,6,6,2,0,1,7,0.6,0,91,1,0,1,1,7.6,0,1,1,0.384615384615385,0.0,0,1,3,True
415,0,0,2,0,0,6,2,0,3,19,1.02,0,55,1,0,3,2,28.4210526315789,1,1,1,1.18181818181818,1.0,0,7,0,False
416,3,0,1,12,0,6,4,0,0,15,1.19,1,100,2,0,5,3,14.8333333333333,1,1,1,0.260869565217391,0.0,0,5,4,False
417,0,14,1,0,0,4,1,0,0,4,4.12,0,0,2,3,1,1,4.22222222222222,1,0,1,0.0,1.0,0,2,0,False
418,0,1,1,0,0,6,1,0,0,0,5.2,0,0,2,8,1,1,2.0,2,1,1,0.0,1.0,0,2,0,False
419,1,0,2,7,0,0,1,0,1,2,2.28,1,87,1,0,0,2,1.66666666666667,1,1,1,0.6,0.0,0,1,2,False
420,0,0,1,0,0,0,1,0,0,1,4.0,0,0,1,0,1,2,1.0,1,1,1,0.0,0.0,0,1,0,False
421,0,0,1,0,0,3,1,0,1,4,1.42,0,0,1,0,1,2,2.75,1,2,1,0.666666666666667,0.0,0,2,0,False
422,0,0,1,6,2,7,1,0,0,2,1.14,4,16,1,0,0,1,9.0,9,4,5,1.0,1.0,0,1,4,False
423,0,0,1,0,0,7,1,0,2,2,1.74,0,0,1,0,1,2,7.0,6,2,1,0.75,0.0,0,1,0,False
424,0,1,4,1,2,1,2,1,1,3,0.11,6,33,2,0,16,1,5.4,0,1,1,2.5,1.0,0,1,0,True
425,0,2,1,0,0,1,3,2,10,18,0.39,0,76,3,0,6,1,3.86363636363636,0,0,1,0.538461538461538,1.0,0,5,4,False
426,1,1,1,0,0,6,2,0,9,5,0.66,2,61,1,0,5,1,6.85714285714286,1,1,1,1.3,0.5,0,4,3,True
427,4,2,1,2,2,2,2,0,11,16,0.36,1,85,2,0,6,1,3.36363636363636,0,1,1,1.2,1.0,0,1,0,True
428,0,0,1,0,0,0,1,0,0,1,2.86,0,0,2,0,0,1,10.0,10,1,1,0.0,0.0,0,1,0,False
429,0,5,1,0,0,1,1,3,7,0,0.52,0,50,2,0,1,1,3.75,2,1,1,0.6,0.0,0,1,0,False
430,0,2,1,0,0,7,1,2,11,0,0.86,0,36,2,0,1,1,8.25,7,3,1,1.0,0.0,0,1,0,False
431,0,5,1,0,1,4,3,9,8,6,0.67,1,81,2,2,12,2,3.35,0,0,1,0.916666666666667,1.0,0,1,0,True
432,15,68,1,20,1,2,13,0,161,37,0.28,2,94,2,0,29,2,7.11666666666667,0,0,1,1.37313432835821,0.896551724137931,1,1,1,True
433,0,1,1,0,0,0,1,0,8,1,0.7,0,0,1,0,0,1,9.5,9,2,1,0.0,0.0,0,6,0,False
434,2,2,1,6,0,4,1,0,2,17,0.67,0,88,1,0,6,1,7.76190476190476,3,1,1,0.739130434782609,0.0,0,6,4,False
435,0,0,1,0,0,10,1,0,0,4,4.36,0,0,2,0,0,1,1.0,0,1,1,0.0,0.0,0,2,0,False
436,0,0,1,0,0,1,1,0,4,6,0.97,0,62,2,0,2,1,4.0,1,1,1,0.0,0.0,0,1,0,False
437,10,7,1,0,0,1,3,1,11,15,0.24,0,82,2,0,18,2,6.27272727272727,0,1,1,1.0,1.0,0,5,4,True
438,1,8,1,3,0,2,1,0,4,0,0.33,1,61,1,0,10,1,5.33333333333333,2,1,1,1.27272727272727,1.0,0,3,2,True
439,0,0,1,0,0,0,4,5,3,42,0.28,0,0,2,2,11,2,1.78723404255319,1,1,1,0.0,1.0,0,4,4,True
440,0,0,1,0,0,5,1,0,0,3,5.88,0,0,0,2,0,0,4.0,2,0,1,0.0,1.0,0,2,0,False
441,0,0,1,0,0,22,1,0,0,2,12.57,0,0,0,6,0,0,2.0,2,0,1,0.0,0.0,0,2,0,False
442,5,8,1,1,0,4,3,0,14,12,0.5,1,80,1,0,10,3,6.04,1,1,1,1.82758620689655,1.0,0,2,1,True
443,0,0,3,1,1,1,1,0,2,4,0.56,0,58,1,0,1,2,4.5,2,1,1,1.5,0.0,0,3,0,False
444,0,2,4,26,2,7,1,0,0,0,0.71,0,96,1,0,1,1,13.0,5,2,3,1.75,1.0,0,2,2,True
445,0,0,1,0,0,9,1,4,10,22,1.52,0,76,1,1,11,1,5.30769230769231,1,0,1,0.642857142857143,1.0,0,2,3,False
446,3,1,1,10,18,6,4,12,5,55,1.73,0,95,1,5,24,2,14.9154929577465,0,0,1,0.25,0.4,0,9,3,True
447,29,14,1,15,4,9,1,3,29,65,0.84,2,95,1,0,34,1,15.5585585585586,1,0,1,1.20353982300885,0.964285714285714,1,1,11,True
448,0,0,1,0,0,4,1,0,0,2,2.38,0,0,1,0,1,2,1.5,1,1,1,0.75,0.0,0,1,0,False
449,0,0,1,2,0,4,1,1,0,5,1.85,0,83,3,0,1,1,1.16666666666667,1,1,1,0.0,1.0,0,1,0,True
450,0,0,1,1,0,3,1,1,0,3,1.89,0,75,3,0,1,1,5.5,2,1,1,0.0,1.0,0,1,0,True
451,3,0,1,3,0,5,1,1,7,13,0.72,2,87,2,2,6,1,2.94117647058824,0,0,1,1.36842105263158,1.0,0,1,0,True
452,0,11,1,0,0,2,5,0,14,7,1.12,0,89,2,1,5,1,2.94444444444444,0,0,1,0.416666666666667,1.0,0,1,0,True
453,0,2,1,0,0,1,1,0,0,0,2.75,0,0,1,3,2,1,2.0,1,0,1,0.0,1.0,0,1,0,False
454,2,5,1,0,0,1,2,3,17,7,0.47,0,62,2,1,3,1,4.47058823529412,0,1,1,0.95,0.0,0,1,0,False
455,0,2,1,0,0,4,1,4,3,0,1.13,1,44,1,1,2,1,3.83333333333333,1,0,1,1.5,0.0,0,1,0,False
456,1,7,1,0,0,1,3,0,8,14,0.4,0,78,2,0,6,2,1.72727272727273,0,0,1,0.615384615384615,0.0,0,3,3,False
457,3,1,1,0,0,2,1,5,8,24,0.42,0,78,2,0,15,1,3.57575757575758,0,1,1,0.885714285714286,1.0,0,1,6,True
458,4,7,1,0,2,1,4,8,17,40,0.21,0,75,3,1,17,2,3.69491525423729,0,1,1,0.984375,0.5,0,2,1,True
459,0,1,1,0,0,1,4,5,13,51,0.28,0,86,2,1,15,2,2.50877192982456,0,1,1,0.838709677419355,0.75,0,5,2,True
460,0,0,1,0,0,4,1,0,3,12,1.42,0,50,1,0,0,3,4.5,1,1,1,0.357142857142857,1.0,0,1,0,False
461,0,1,1,0,0,3,2,0,7,10,0.91,0,70,2,0,2,1,3.0,0,1,1,0.714285714285714,0.5,0,1,1,False
462,2,20,2,4,0,3,1,0,13,8,0.38,0,72,1,0,5,1,8.36666666666667,1,1,1,1.375,1.0,0,2,4,True
463,1,0,2,9,15,5,4,3,6,28,0.61,1,92,2,6,7,2,5.875,1,1,1,1.24324324324324,1.0,0,2,6,True
464,0,5,1,0,0,0,1,0,6,0,0.37,0,60,1,0,5,1,4.2,3,2,1,2.14285714285714,0.0,0,3,0,False
465,0,2,1,0,0,0,1,1,0,0,0.76,0,0,2,0,2,1,3.0,2,2,1,0.8,0.0,0,3,0,False
466,8,8,1,2,0,6,3,0,20,3,0.42,2,79,1,0,29,2,8.0,1,1,1,2.17391304347826,0.75,0,6,4,True
467,9,18,1,1,11,2,2,9,32,28,0.23,1,92,3,1,31,1,5.5625,0,1,1,0.880597014925373,0.571428571428571,0,5,6,True
468,0,1,1,0,0,1,1,3,15,8,0.27,0,75,1,3,12,2,6.41666666666667,1,0,1,0.928571428571429,0.0,0,3,3,True
469,0,8,1,0,0,2,1,1,15,4,0.38,1,78,2,0,7,2,5.46153846153846,2,1,1,0.933333333333333,1.0,0,3,3,False
470,4,2,1,0,0,1,1,2,7,7,0.44,0,68,2,0,4,2,2.53333333333333,0,1,1,0.764705882352941,1.0,0,4,3,False
471,0,0,1,1,0,4,1,0,2,3,0.93,0,44,2,0,1,2,4.66666666666667,4,1,1,0.8,0.0,0,2,1,False
472,0,1,1,0,0,1,1,0,3,7,0.54,0,54,1,1,0,2,2.5,1,1,1,1.1,0.0,0,3,0,False
473,0,0,2,0,0,1,1,0,0,2,1.5,0,0,2,0,3,1,0.5,0,0,1,1.5,1.0,0,1,0,False
474,1,1,1,0,0,1,2,0,4,8,0.64,0,55,1,0,2,2,2.0,1,1,1,0.538461538461538,1.0,0,1,0,False
475,0,0,1,1,0,4,1,0,4,5,0.74,0,64,2,0,2,1,4.4,2,1,1,1.28571428571429,0.0,0,1,0,False
476,0,0,1,0,0,0,1,0,0,1,3.71,0,0,2,0,0,1,2.0,2,1,1,0.0,0.0,0,1,0,False
477,1,2,1,0,0,2,1,0,2,9,0.92,0,33,1,0,0,3,40.1666666666667,1,1,1,0.285714285714286,0.0,0,5,2,False
478,2,0,1,1,1,0,1,1,4,6,0.25,0,46,1,0,3,2,4.88888888888889,3,2,1,1.0,0.0,0,2,0,False
479,0,8,1,0,0,4,1,0,0,0,4.67,0,0,0,5,2,0,26.125,5,0,1,0.0,0.0,0,4,1,False
480,0,0,1,0,0,3,1,0,0,5,2.47,0,0,1,6,1,1,28.8,1,0,1,0.857142857142857,0.0,0,4,0,False
481,0,0,1,0,0,5,1,0,0,6,5.67,0,0,0,3,0,0,3.83333333333333,0,1,1,0.0,0.0,0,4,0,False
482,0,5,1,0,0,0,1,0,4,0,0.56,0,25,1,0,0,1,4.8,0,1,1,0.0,0.0,0,3,0,False
483,6,7,2,0,0,2,1,0,12,6,0.37,1,84,1,0,7,1,4.73684210526316,1,1,1,1.19047619047619,1.0,0,4,5,True
484,4,4,2,1,0,2,1,0,14,0,0.51,2,73,1,0,5,1,9.875,6,2,1,1.1,1.0,0,4,3,True
485,0,3,1,0,0,9,1,0,0,1,6.1,0,0,1,6,0,1,10.0,5,1,1,0.0,1.0,0,7,1,False
486,0,0,1,0,0,7,1,0,0,2,8.5,0,0,1,2,1,1,6.0,6,1,1,0.0,0.0,0,3,0,False
487,0,3,1,0,0,0,1,0,5,10,0.33,0,72,1,0,1,1,2.76923076923077,0,1,1,0.2,0.0,0,1,0,False
488,0,0,1,0,0,0,1,0,0,1,1.05,0,0,1,0,1,2,2.0,2,5,3,2.0,0.0,0,1,0,False
489,0,0,1,0,0,6,1,2,2,5,2.91,0,71,1,5,1,1,2.42857142857143,0,0,1,0.0,1.0,0,1,0,False
490,0,0,2,1,0,1,1,0,2,8,1.0,0,58,1,0,0,1,3.0,0,1,1,0.3,0.0,0,3,0,False
491,4,7,1,4,0,4,2,1,16,5,0.32,1,75,2,0,11,2,7.35294117647059,1,1,1,1.95,0.75,0,4,4,True
492,0,1,1,0,0,6,1,0,4,2,0.29,7,8,1,0,9,1,9.0,7,2,1,3.6,1.0,0,4,1,True
493,1,0,1,0,1,1,1,0,0,1,2.71,0,0,1,0,0,1,0.0,0,1,1,0.8,0.0,0,2,0,False
494,0,12,1,0,0,5,1,0,0,0,5.33,0,0,0,1,0,0,1.66666666666667,0,0,1,0.4,0.0,0,2,0,False
495,1,0,1,0,0,0,1,0,6,13,0.4,0,70,1,0,0,2,2.07142857142857,0,1,1,0.5,0.0,0,2,2,False
496,0,0,1,0,3,11,1,6,2,5,1.03,0,63,2,0,8,1,6.45454545454545,3,2,1,2.23076923076923,1.0,0,2,5,False
497,0,0,2,0,0,7,1,1,5,4,0.63,0,56,2,0,1,1,7.4,2,2,1,1.57142857142857,1.0,0,1,1,False
498,15,0,2,12,5,4,4,9,37,42,0.32,0,100,2,5,31,2,7.28787878787879,0,0,1,1.2112676056338,1.0,0,4,7,True
499,0,0,0,0,0,0,1,0,37,0,0.01,0,0,0,2,0,0,0.0,0,0,0,0.0,0.0,0,2,1,True
500,27,0,5,8,1,0,1,1,11,7,0.0,0,87,1,0,3,2,4.88571428571429,1,1,1,1.64864864864865,1.0,0,3,3,True
501,0,0,1,0,1,7,1,0,8,2,2.74,0,93,1,0,0,1,1.5,1,1,1,0.75,0.0,0,1,0,False
502,0,0,1,4,2,4,1,2,1,4,0.67,0,96,2,0,0,1,3.5,0,1,1,1.125,1.0,0,1,1,False
503,1,0,1,3,0,0,2,0,2,11,0.65,0,66,2,0,2,2,5.75,1,1,1,0.333333333333333,0.0,0,6,1,False
504,0,0,1,2,6,3,4,1,5,32,0.58,0,83,2,2,11,2,8.48484848484848,0,1,1,0.789473684210526,0.5,0,6,3,True
505,1,3,1,2,0,1,5,1,25,13,0.21,1,91,2,0,6,1,4.66666666666667,0,1,1,0.916666666666667,0.0,0,4,2,False
506,8,4,1,1,0,3,5,1,14,17,0.56,0,80,2,0,12,2,2.76666666666667,0,1,1,0.694444444444444,1.0,0,4,3,False
507,1,0,1,0,0,0,1,0,2,6,0.61,0,57,3,0,2,1,1.71428571428571,1,1,1,0.444444444444444,0.0,0,1,0,False
508,0,0,1,0,0,1,1,0,2,5,0.74,0,40,2,2,1,1,3.0,1,1,1,0.571428571428571,0.0,0,4,0,False
509,0,0,1,0,0,3,1,1,1,5,1.5,0,50,2,0,0,1,4.66666666666667,0,1,1,0.375,1.0,0,2,0,False
510,2,0,1,0,0,1,2,0,5,8,0.38,0,62,2,1,2,2,3.7,0,1,1,0.538461538461538,1.0,0,3,1,False
511,0,0,1,0,0,0,3,1,7,20,0.29,0,61,2,0,9,2,2.0952380952381,0,0,1,0.2,1.0,0,1,2,False
512,0,0,2,0,0,1,1,0,5,10,0.57,0,42,2,0,3,1,3.4,1,1,1,0.416666666666667,1.0,0,1,2,False
513,0,0,1,0,0,1,1,0,0,6,1.1,0,0,2,11,0,1,1.33333333333333,1,1,1,0.0,0.0,0,2,0,False
514,0,0,1,0,0,1,2,1,4,18,0.54,0,50,2,0,9,2,4.47368421052632,0,1,1,1.0,1.0,0,1,3,False
515,4,0,2,0,0,2,1,0,4,7,0.48,0,63,2,0,2,1,3.18181818181818,0,1,1,1.38461538461538,0.0,0,1,0,False
516,1,0,2,0,0,5,1,2,8,9,0.76,0,69,2,1,3,1,3.5,1,1,1,1.78571428571429,0.0,0,2,1,False
517,0,1,3,0,0,4,1,1,0,0,0.83,1,0,3,0,5,1,6.0,5,2,1,3.0,0.0,0,4,1,False
518,0,0,1,0,0,1,1,2,3,11,0.59,0,79,1,1,0,2,10.9230769230769,1,1,1,0.666666666666667,1.0,0,2,3,False
519,0,0,1,1,0,8,3,0,0,6,2.8,0,100,1,1,4,1,1.0,0,1,1,0.0,1.0,0,1,0,False
520,0,0,1,2,0,0,6,3,3,7,0.13,0,80,2,0,6,2,3.2,1,2,1,1.58823529411765,1.0,0,1,0,False
521,0,0,1,2,0,7,6,0,2,17,3.24,0,100,1,2,8,1,1.35294117647059,1,1,1,0.0,0.0,0,3,1,False
522,0,2,2,4,0,1,16,9,14,19,0.2,0,91,1,12,9,2,4.03333333333333,1,1,1,1.46808510638298,0.5,0,4,3,False
523,0,0,1,0,0,1,1,0,1,2,4.18,0,50,2,0,0,1,3.0,3,2,1,0.0,0.0,0,3,1,False
524,1,3,3,0,0,6,1,1,2,0,0.59,0,30,2,0,3,1,6.0,3,1,1,1.71428571428571,1.0,0,5,0,False
525,1,10,2,1,8,2,8,2,3,23,0.48,0,86,2,0,12,2,3.52777777777778,1,1,1,0.577777777777778,0.5,0,4,5,False
526,0,0,1,0,0,2,1,0,0,1,2.86,0,0,1,17,1,2,12.0,12,1,1,0.0,0.0,0,4,0,False
527,0,0,1,0,0,1,3,1,3,19,0.42,0,66,2,0,6,2,2.1,0,1,1,0.583333333333333,0.0,0,6,2,False
528,0,0,2,0,0,1,1,3,2,6,0.67,0,55,2,3,1,1,3.33333333333333,1,1,1,1.0,0.0,0,3,4,False
529,0,0,1,3,1,3,4,1,8,8,0.83,0,71,1,0,3,2,2.77777777777778,1,1,1,1.14285714285714,0.0,0,1,0,True
530,0,1,1,0,0,1,2,0,1,9,0.88,0,33,3,0,4,2,1.8,0,1,1,0.428571428571429,1.0,0,1,0,False
531,1,0,1,0,0,3,3,1,13,28,0.65,0,66,2,2,9,2,3.53333333333333,0,1,1,0.911764705882353,1.0,0,1,0,False
532,1,1,1,0,0,4,1,0,4,10,1.5,0,85,1,6,1,1,2.25,1,1,1,0.428571428571429,0.5,0,1,1,True
533,0,0,1,0,0,2,1,0,1,8,1.73,0,37,2,4,3,1,2.875,1,1,1,0.3,1.0,0,1,0,False
534,2,0,2,4,1,2,2,0,1,2,2.41,0,80,3,0,6,1,4.0,1,2,1,0.428571428571429,0.0,0,1,0,False
535,0,1,1,0,0,1,2,0,1,8,0.98,0,33,3,0,4,2,1.77777777777778,0,1,1,0.25,1.0,0,1,0,False
536,0,1,1,0,0,1,2,0,1,9,0.92,0,33,3,0,4,2,1.8,0,1,1,0.230769230769231,0.5,0,1,1,False
537,0,1,1,1,0,1,2,0,1,8,1.36,0,40,2,0,4,2,2.0,0,1,1,0.25,1.0,0,1,0,False
538,0,1,1,1,0,1,2,0,1,9,1.25,0,40,2,0,4,2,2.3,0,1,1,0.230769230769231,1.0,0,1,0,False
539,0,1,1,0,0,1,2,0,1,9,0.88,0,33,3,0,4,2,1.8,0,1,1,0.230769230769231,1.0,0,1,0,False
540,0,0,1,0,0,3,1,0,0,5,3.5,0,0,1,3,2,2,1.4,1,1,1,0.0,0.5,0,1,1,False
541,1,0,1,0,0,0,3,1,10,18,0.58,0,71,2,1,9,2,2.3,0,0,1,0.333333333333333,1.0,0,1,0,True
542,0,0,2,2,0,2,3,2,4,11,0.48,0,65,3,0,12,1,3.69230769230769,2,1,1,1.0,1.0,0,6,2,False
543,7,0,1,1,1,8,1,1,10,6,1.25,1,82,3,0,3,1,4.21428571428571,0,1,1,0.8125,0.0,0,2,4,False
544,1,1,1,0,0,5,1,0,4,6,1.33,0,53,1,0,3,2,2.5,0,2,1,0.4,0.0,0,2,2,False
545,0,0,1,0,0,24,1,0,0,1,11.5,0,0,1,27,0,1,12.0,12,0,1,0.0,1.0,0,5,1,False
546,0,1,1,0,0,3,1,0,2,4,1.62,0,40,1,0,2,2,2.0,0,0,1,0.428571428571429,0.0,0,2,0,False
547,0,1,1,0,0,0,1,1,0,0,1.07,0,0,2,0,1,1,4.0,4,1,1,0.75,0.0,0,3,0,False
548,5,3,1,0,0,3,2,0,19,5,0.53,1,78,1,0,13,1,26.1538461538462,1,1,1,0.875,1.0,0,5,3,False
549,1,0,1,0,0,1,2,0,2,15,0.56,0,56,2,2,17,2,17.125,1,1,1,0.421052631578947,0.0,0,7,2,False
550,0,1,1,0,0,0,3,1,7,18,0.22,0,70,2,0,9,2,1.6,0,0,1,0.416666666666667,0.0,0,2,2,True
551,0,0,1,0,0,2,2,1,9,19,0.33,1,65,2,0,13,2,4.2,1,1,1,1.21739130434783,0.0,0,2,4,False
552,0,0,1,0,0,1,3,2,5,27,0.41,0,83,2,1,17,2,3.48275862068966,0,0,1,0.727272727272727,0.0,0,3,6,False
553,0,0,1,0,0,1,1,1,1,6,0.71,0,28,2,3,8,1,3.57142857142857,1,1,1,1.22222222222222,0.0,0,5,1,False
554,0,0,1,0,0,0,1,0,0,6,1.29,0,0,2,0,1,1,0.333333333333333,0,1,1,0.0,0.0,0,2,0,False
555,0,0,1,0,0,3,3,0,12,13,0.4,0,53,3,0,13,2,5.38461538461539,1,1,1,0.882352941176471,0.0,0,2,2,True
556,0,0,1,0,0,0,3,3,4,7,0.43,0,44,4,0,8,2,3.3,1,2,1,0.6,0.75,0,1,2,False
557,0,5,1,0,0,2,1,0,7,0,0.83,0,60,1,0,2,1,4.2,3,3,1,0.714285714285714,0.0,0,4,1,False
558,0,0,1,0,0,2,2,1,9,19,0.36,1,70,2,0,11,2,5.95,0,1,1,0.739130434782609,0.0,0,4,4,False
559,0,1,2,0,0,1,1,1,0,0,1.0,0,0,2,0,1,1,3.5,2,1,1,1.5,0.0,0,4,0,False
560,3,1,1,0,0,2,1,3,9,6,0.54,0,72,2,2,7,1,4.07692307692308,1,1,1,1.2,0.0,0,4,4,False
561,0,1,1,0,0,0,4,0,2,8,0.38,0,0,2,1,4,2,1.33333333333333,0,0,1,0.857142857142857,1.0,0,2,1,False
562,0,0,1,0,0,1,1,0,1,6,0.48,0,0,2,0,8,1,2.5,1,1,1,1.375,0.0,0,4,2,False
563,0,0,1,0,1,5,1,1,1,11,1.08,0,83,1,22,7,3,27.75,2,0,1,0.857142857142857,0.0,0,4,2,False
564,0,0,1,0,0,1,1,0,0,3,2.17,0,0,3,0,2,1,2.33333333333333,0,2,1,0.0,0.0,0,4,1,False
565,1,0,1,0,0,0,1,0,2,9,0.28,0,60,1,0,3,2,2.4,0,1,1,1.5,0.0,0,1,1,False
566,0,0,1,0,0,0,2,0,1,6,1.07,0,0,2,0,4,2,1.5,1,1,1,0.333333333333333,0.0,0,1,0,False
567,0,0,3,0,2,4,1,0,5,7,0.45,1,28,2,0,4,1,6.14285714285714,2,2,1,2.66666666666667,0.0,0,2,1,False
568,0,0,2,0,0,2,1,0,3,9,0.54,0,25,2,0,8,1,3.66666666666667,1,1,1,1.90909090909091,0.0,0,6,1,False
569,0,0,1,0,0,3,1,0,1,2,2.71,0,0,2,1,2,1,2.0,2,2,1,0.0,0.0,0,1,0,False
570,0,0,1,0,1,0,1,0,1,13,0.39,0,7,2,0,13,2,2.76923076923077,1,1,1,0.2,0.0,0,4,2,False
571,1,0,3,0,0,5,1,0,3,6,0.67,0,33,2,0,1,1,2.71428571428571,1,2,1,1.55555555555556,0.0,0,1,1,False
572,0,0,2,0,0,2,1,0,3,6,0.78,0,44,2,0,1,1,2.16666666666667,1,2,1,0.75,0.0,0,2,0,False
573,0,0,1,0,0,1,1,0,2,1,2.56,0,0,1,1,0,2,5.0,5,3,1,0.0,0.0,0,3,0,False
574,0,3,1,2,0,3,3,0,0,6,1.78,0,100,1,10,2,2,1.66666666666667,1,1,1,0.384615384615385,0.0,0,4,1,False
575,0,0,1,0,0,8,1,2,1,7,3.55,0,77,1,17,3,1,16.3333333333333,2,1,1,0.636363636363636,0.666666666666667,0,4,3,False
576,0,11,1,0,0,8,1,0,0,0,5.36,0,0,2,2,12,1,2.45454545454545,2,0,1,0.0,0.0,0,5,1,False
577,0,0,1,0,0,3,1,1,1,21,1.68,0,90,1,3,13,2,12.9545454545455,1,0,1,0.125,0.0,0,5,2,False
578,0,0,1,2,5,11,1,0,0,15,8.33,0,86,1,3,4,2,4.73333333333333,1,1,1,0.176470588235294,0.5,0,2,8,False
579,0,0,1,0,0,0,1,0,1,7,0.92,0,0,2,2,0,1,2.28571428571429,1,2,1,0.0,0.0,0,2,1,True
580,2,1,3,0,0,10,2,1,3,1,0.64,2,58,3,0,5,2,6.2,3,1,1,1.75,0.0,0,3,4,False
581,0,0,1,2,0,3,1,0,1,13,2.4,0,84,1,0,1,2,4.92307692307692,1,1,1,0.466666666666667,1.0,0,4,1,False
582,0,0,1,0,0,2,2,1,0,4,2.09,0,0,1,1,3,2,2.0,1,1,1,0.0,1.0,0,2,2,False
583,0,1,1,0,0,7,1,0,0,0,3.56,0,0,2,2,2,1,1.0,1,1,1,0.0,1.0,0,2,1,False
584,0,0,1,11,0,3,1,0,5,14,1.18,0,82,1,0,1,2,5.07142857142857,2,1,1,0.1875,0.5,0,3,4,False
585,0,0,1,0,0,6,1,0,0,1,4.67,0,0,2,2,2,1,1.0,1,1,1,0.0,0.0,0,1,0,False
586,0,0,1,0,0,2,3,0,6,10,0.88,0,37,1,0,1,1,2.3,1,1,1,0.0,0.0,0,1,0,False
587,0,0,1,0,0,0,1,1,1,7,0.6,0,25,3,0,5,1,1.5,0,1,1,0.6,0.0,0,1,0,False
588,5,1,3,0,2,2,2,0,11,8,0.45,0,76,1,0,4,2,3.78571428571429,2,1,1,1.66666666666667,0.0,0,1,1,False
589,8,0,1,0,0,0,3,1,14,15,0.26,0,76,2,0,7,2,3.79166666666667,1,2,1,0.821428571428571,0.0,0,3,1,False
590,0,0,1,0,0,1,2,0,3,17,0.37,0,36,3,0,3,2,2.05882352941176,0,1,1,0.5,0.0,0,5,0,False
591,0,0,2,0,0,1,1,0,4,12,0.37,0,54,3,0,6,1,5.5,1,1,1,1.21428571428571,0.0,0,5,1,False
592,0,0,1,0,0,2,2,0,6,17,0.37,1,54,3,0,3,2,2.29411764705882,0,1,1,0.65,0.0,0,4,2,False
593,2,0,1,0,0,0,3,1,3,17,0.19,1,40,3,0,4,2,2.85,1,1,1,1.125,0.0,0,4,1,True
594,0,0,1,0,0,1,1,1,0,3,1.5,0,0,2,6,5,1,5.75,3,1,1,0.0,0.0,0,4,0,False
595,0,5,1,0,0,3,1,0,0,0,4.11,0,0,0,7,0,0,19.2,16,1,1,0.0,0.0,0,3,0,False
596,0,0,1,0,0,0,1,2,8,5,0.31,0,62,2,1,4,1,4.14285714285714,2,1,1,0.555555555555556,0.0,0,4,0,False
597,0,0,1,0,0,0,1,0,1,9,0.57,0,0,3,1,5,1,4.88888888888889,1,1,1,0.363636363636364,0.0,0,6,0,False
598,0,0,1,0,0,1,1,0,7,7,0.27,2,61,1,1,10,2,3.57142857142857,1,1,1,0.666666666666667,0.0,0,3,3,False
599,0,0,2,0,0,0,1,0,6,8,0.32,0,58,1,0,3,2,2.125,1,1,1,0.7,0.0,0,1,0,True
600,0,0,1,0,0,0,2,1,6,14,0.28,1,70,2,1,11,2,9.8,0,1,1,0.388888888888889,1.0,0,3,4,False
601,0,1,2,1,0,5,1,1,10,7,0.55,0,56,2,0,7,1,6.33333333333333,1,1,1,1.54545454545455,0.0,0,3,4,False
602,0,1,2,0,0,1,1,0,3,4,0.92,0,53,2,1,4,1,3.0,1,1,1,1.0,1.0,0,3,0,False
603,0,0,1,0,0,1,1,0,3,3,1.53,0,44,1,1,1,2,5.0,1,1,1,0.0,1.0,0,3,1,False
604,0,0,1,0,0,3,1,0,1,3,1.23,0,66,3,0,8,1,4.0,3,3,1,1.4,1.0,0,3,0,False
605,0,1,1,0,0,6,1,0,1,0,4.12,0,0,2,0,2,1,7.0,7,3,1,0.0,0.0,0,2,0,False
606,0,6,1,0,0,1,1,0,0,0,3.82,0,0,2,12,4,1,5.66666666666667,1,0,1,0.0,0.0,0,4,0,False
607,0,0,1,0,0,0,1,1,1,3,1.0,0,50,3,0,5,1,3.5,1,2,1,0.666666666666667,0.0,0,5,1,False
608,0,0,3,2,1,5,1,1,6,5,0.53,1,62,3,0,2,1,3.66666666666667,0,1,1,2.25,0.0,0,3,3,False
609,0,0,1,0,0,0,1,0,0,1,3.33,0,0,2,0,0,1,6.0,6,1,1,0.0,0.0,0,1,0,False
610,2,0,1,1,0,2,1,2,5,10,0.47,0,65,2,4,0,1,3.85714285714286,0,0,1,1.0,0.0,0,3,2,False
611,1,0,1,1,0,4,1,1,3,7,0.9,0,63,2,1,0,1,2.77777777777778,0,0,1,1.18181818181818,0.0,0,2,2,False
612,0,0,1,0,1,4,1,0,1,17,1.39,0,76,1,6,5,1,12.5882352941176,1,0,1,0.526315789473684,0.0,0,5,1,True
613,2,1,1,6,9,2,4,4,11,35,0.42,0,89,3,2,10,1,4.0,0,0,1,0.765957446808511,1.0,0,7,2,True
614,0,0,1,0,0,5,1,0,1,15,1.12,0,86,1,11,0,2,16.1333333333333,4,0,1,0.705882352941177,0.0,0,3,1,False
615,0,0,1,1,0,3,1,0,1,16,0.82,0,93,1,4,1,1,9.4375,1,0,1,0.666666666666667,1.0,0,3,1,False
616,0,0,1,2,0,4,2,1,3,6,1.21,0,75,1,9,2,1,4.85714285714286,1,0,1,1.1,0.666666666666667,0,5,1,True
617,0,0,1,0,0,5,1,0,1,4,4.0,0,50,1,6,1,1,4.0,3,0,1,0.0,1.0,0,2,0,True
618,0,0,1,0,0,0,1,0,0,1,3.29,0,0,2,0,0,1,4.0,4,1,1,0.0,0.0,0,1,0,False
619,0,0,1,0,0,0,1,0,0,1,3.0,0,0,2,0,0,1,3.0,3,1,1,0.0,1.0,0,1,0,False
620,0,0,1,0,1,0,1,0,0,1,0.33,15,0,1,0,6,1,2.0,2,14,480,2.0,1.0,0,1,0,True
621,1,0,1,0,2,0,1,0,0,1,0.49,5,0,1,0,0,1,2.0,2,2,1,2.25,0.5,0,1,0,True
622,1,0,1,0,0,0,3,0,10,17,0.23,0,55,3,0,3,1,2.88888888888889,0,0,1,0.363636363636364,1.0,0,1,3,False
623,1,2,1,1,0,4,2,0,6,10,0.66,1,58,2,0,2,1,3.30769230769231,0,1,1,1.8125,1.0,0,2,0,True
624,0,0,1,2,1,0,2,0,0,7,0.96,0,66,2,0,2,1,0.571428571428571,0,0,1,0.0,0.0,0,1,1,False
625,1,0,1,1,0,3,1,1,2,15,0.61,0,70,2,2,8,2,15.4705882352941,2,1,1,0.736842105263158,1.0,0,4,5,True
626,0,11,1,1,0,0,1,0,5,0,0.55,0,81,1,1,1,2,2.81818181818182,1,1,1,0.230769230769231,1.0,0,5,0,False
627,1,1,1,1,0,0,1,0,7,6,0.37,0,53,2,1,2,2,4.625,1,0,1,1.0,1.0,0,4,1,True
628,2,1,1,1,0,0,1,0,6,10,0.3,0,62,2,1,1,1,5.76923076923077,2,1,1,0.866666666666667,1.0,0,2,3,False
629,0,2,1,0,0,2,2,0,3,9,1.12,0,33,2,0,2,1,2.18181818181818,0,1,1,0.857142857142857,0.5,0,2,1,True
630,0,0,1,0,0,0,2,0,3,7,0.69,0,9,2,0,2,1,2.0,1,1,1,0.3,1.0,0,2,0,False
631,1,0,1,0,0,0,2,0,5,8,0.55,0,50,2,0,2,1,2.66666666666667,1,1,1,0.666666666666667,1.0,0,1,0,True
632,5,0,1,1,0,3,1,0,3,8,0.51,0,50,1,0,3,1,7.30769230769231,3,1,1,1.25,1.0,0,4,2,False
633,1,0,1,8,0,1,1,0,0,0,2.58,0,100,1,0,0,1,0.0,0,1,1,0.0,1.0,0,2,2,False
634,2,0,1,1,0,1,1,2,1,1,0.88,0,50,1,6,0,2,3.6,0,1,1,0.571428571428571,0.0,0,2,1,False
635,2,0,1,0,0,4,1,2,3,8,0.75,0,50,1,16,0,1,12.0833333333333,3,1,1,0.785714285714286,1.0,0,3,4,False
636,4,3,1,0,0,2,2,0,6,12,0.61,0,51,1,0,2,1,3.31578947368421,1,1,1,0.5,0.0,0,1,0,False
637,0,0,2,0,6,5,1,0,0,6,1.05,0,0,1,0,0,1,2.83333333333333,2,2,2,1.0,0.0,0,1,0,False
638,1,0,2,0,1,4,1,0,0,1,1.81,0,0,1,0,0,1,2.0,0,1,1,1.5,0.0,0,3,0,False
639,0,0,1,0,1,1,1,0,0,1,2.12,0,0,1,0,0,1,19.0,19,2,2,1.0,0.0,0,3,0,False
640,0,2,1,0,0,0,6,2,8,9,0.14,0,58,4,0,12,2,2.46153846153846,0,0,1,1.25,1.0,0,1,0,False
641,0,1,1,0,0,0,3,0,3,10,0.17,0,50,3,0,10,1,1.72727272727273,0,1,1,1.06666666666667,0.666666666666667,0,3,1,True
642,1,0,1,0,0,1,2,0,2,2,0.31,3,50,3,0,14,2,2.66666666666667,1,3,1,0.833333333333333,1.0,0,1,1,True
643,0,0,1,0,0,0,1,0,0,1,1.0,0,0,3,0,2,1,2.0,2,6,4,1.0,1.0,0,1,0,True
644,0,0,1,0,0,0,1,0,0,1,0.2,0,0,3,0,4,1,0.0,0,6,1,0.0,1.0,0,2,1,True
645,0,0,1,0,0,0,1,0,2,3,0.29,2,50,3,0,17,1,2.33333333333333,1,8,1,0.0,1.0,0,4,0,True
646,0,0,1,0,0,0,1,0,0,1,1.14,0,0,3,0,4,1,0.0,0,6,1,0.0,1.0,0,3,0,True
647,0,0,1,0,0,0,1,0,0,1,0.7,2,0,3,0,5,1,0.0,0,6,1,0.0,1.0,0,3,1,True
648,0,0,1,0,0,0,1,0,1,29,0.24,0,20,3,0,4,1,2.27586206896552,0,1,1,0.258064516129032,0.625,0,3,0,True
649,0,0,1,0,0,0,1,1,2,4,0.25,0,70,3,0,4,1,1.2,0,2,1,1.28571428571429,0.5,0,5,1,True
650,2,0,1,1,1,1,1,0,0,4,0.31,0,83,3,0,5,1,1.16666666666667,0,1,1,1.0,0.333333333333333,0,2,2,True
651,0,0,1,0,0,0,1,0,0,3,0.6,0,0,3,0,1,1,0.333333333333333,0,2,1,0.0,1.0,0,1,0,True
652,0,3,1,0,4,0,1,0,0,1,0.3,1,0,1,0,4,1,3.0,1,3,1,1.16666666666667,0.0,0,3,1,False
653,0,0,1,0,0,9,1,0,2,1,0.62,14,0,3,0,10,1,8.0,8,21,2,1.0,0.666666666666667,0,2,2,True
654,1,0,1,0,0,4,1,0,0,5,0.29,3,0,3,0,2,1,3.66666666666667,0,4,1,0.5,1.0,0,1,2,True
655,2,0,1,0,0,4,1,0,2,6,0.31,3,87,3,0,15,1,3.5,0,2,1,0.8,0.5,0,5,2,True
656,1,0,1,0,1,2,1,0,0,3,0.53,1,0,3,0,1,1,2.0,0,1,2,1.5,1.0,0,2,1,True
657,1,0,1,56,5,4,1,0,1,4,0.3,0,99,1,0,13,1,7.2,2,1,1,0.428571428571429,1.0,0,5,2,False
658,0,0,1,0,0,0,1,2,3,3,0.55,0,60,3,0,0,1,2.4,0,0,1,0.428571428571429,0.0,0,4,0,False
659,1,0,1,0,0,2,2,0,4,8,0.32,2,65,3,0,13,2,2.22222222222222,0,2,1,1.23076923076923,1.0,0,3,0,True
660,6,0,1,0,0,3,1,0,0,7,0.25,4,0,3,0,12,1,3.38461538461538,0,4,1,0.6,1.0,0,1,2,True
661,1,1,1,3,0,0,4,0,6,8,0.25,1,75,3,2,15,1,3.3,0,0,1,0.933333333333333,1.0,0,1,0,True
662,3,0,1,0,1,1,1,0,1,12,0.24,3,80,3,0,17,1,3.6,0,1,1,1.41176470588235,1.0,0,1,3,True
663,0,0,1,0,0,0,1,0,0,1,0.57,2,0,3,0,10,1,3.0,3,14,2,1.0,1.0,0,1,0,True
664,8,2,1,0,3,4,1,0,1,12,0.29,3,45,3,0,9,1,2.95454545454545,0,1,1,0.666666666666667,0.75,0,3,6,True
665,0,0,1,1,0,1,2,0,1,7,0.2,4,0,3,0,15,1,2.28571428571429,1,1,1,2.2,1.0,0,1,0,True
666,3,0,1,0,0,2,5,0,12,16,0.22,3,70,3,0,22,2,3.57894736842105,1,2,1,1.84,1.0,0,1,0,True
667,4,0,1,0,1,1,1,0,3,3,0.22,4,61,3,0,13,1,3.42857142857143,1,1,1,1.77777777777778,0.666666666666667,0,3,4,True
668,0,0,1,0,0,1,5,1,5,13,0.16,2,50,3,0,22,2,2.71428571428571,0,1,1,0.5,0.5,0,6,1,True
669,0,0,1,0,0,1,1,1,1,2,0.4,2,33,3,0,6,1,2.0,1,2,1,0.6,1.0,0,4,0,True
670,1,0,1,1,0,1,2,1,3,8,0.12,1,41,3,0,14,2,6.5,1,1,1,0.615384615384615,1.0,0,4,2,True
671,0,0,1,0,1,1,4,0,0,9,0.35,1,0,3,0,15,1,1.44444444444444,1,1,1,0.857142857142857,0.5,0,1,5,True
672,2,0,2,0,0,10,1,0,0,2,0.54,6,0,3,0,15,1,4.25,2,1,1,1.5,1.0,0,2,0,True
673,0,0,1,0,0,5,1,0,0,2,0.51,0,0,3,0,2,1,0.5,0,4,1,0.0,1.0,0,4,1,True
674,4,1,1,3,0,1,3,0,8,6,0.17,0,75,3,0,14,1,3.90909090909091,0,1,1,1.2,1.0,0,2,2,True
675,10,0,1,0,2,4,1,0,0,27,0.21,3,0,3,0,33,1,2.64864864864865,0,1,1,1.02564102564103,0.75,0,6,6,True
676,10,2,1,0,3,0,15,18,6,15,0.06,3,94,2,8,22,2,2.28888888888889,0,0,1,0.770491803278688,1.0,0,1,0,True
677,3,2,1,0,2,2,15,0,14,82,0.15,3,40,3,0,42,2,2.29885057471264,0,0,1,1.49514563106796,0.954545454545455,1,1,6,True
678,4,0,2,0,0,3,3,0,3,13,0.15,6,0,3,0,19,2,3.11764705882353,0,1,1,2.19047619047619,1.0,0,1,1,True
679,0,0,1,0,0,0,1,0,1,3,0.48,1,0,3,0,2,1,1.33333333333333,1,1,3,2.6,1.0,0,2,0,True
680,3,0,1,0,0,0,1,0,0,6,0.16,3,0,3,0,12,1,2.0,0,3,1,1.63636363636364,1.0,0,3,0,True
681,2,0,1,0,0,2,1,0,0,1,0.31,4,0,3,0,9,1,3.0,0,9,2,1.6,1.0,0,2,1,True
682,1,0,1,7,2,0,2,0,0,5,0.22,0,80,3,0,12,2,3.66666666666667,0,1,1,1.88888888888889,1.0,0,1,1,True
683,3,1,1,0,0,0,2,0,7,9,0.28,0,63,3,0,18,1,2.61538461538462,0,1,1,0.4375,1.0,0,2,1,True
684,0,1,1,1,0,0,4,1,2,11,0.32,0,50,3,0,14,1,2.07692307692308,1,1,1,0.333333333333333,1.0,0,1,1,True
685,0,0,1,0,0,0,1,1,0,1,0.7,2,0,4,0,4,1,2.0,1,2,1,0.0,1.0,0,4,1,False
686,1,0,1,0,0,1,1,2,5,6,0.22,0,71,3,1,17,1,3.11111111111111,0,2,1,0.363636363636364,0.666666666666667,0,2,0,True
687,7,0,1,1,0,1,2,1,7,3,0.24,1,75,3,0,13,1,3.36363636363636,0,1,1,0.928571428571429,1.0,0,2,2,True
688,5,0,1,0,0,0,1,1,2,6,0.13,1,83,3,0,21,1,2.25,0,5,1,0.285714285714286,0.5,0,4,2,True
689,0,0,1,0,0,0,1,2,2,1,0.11,3,0,3,0,12,1,2.33333333333333,2,2,1,0.0,1.0,0,2,1,True
690,5,9,1,1,2,2,7,0,13,10,0.19,2,90,3,0,20,2,3.54166666666667,0,1,1,1.1875,0.666666666666667,0,1,1,True
691,0,0,1,0,0,2,1,1,4,2,0.3,1,41,3,0,3,1,3.33333333333333,1,2,1,1.6,0.5,0,1,1,True
692,0,0,1,0,0,1,1,1,8,3,0.34,1,46,3,0,14,1,5.5,1,1,1,0.5,1.0,0,4,2,True
693,0,0,1,0,1,1,1,1,3,10,0.21,0,51,3,0,16,1,4.63636363636364,1,1,1,1.30769230769231,1.0,0,4,3,True
694,1,0,1,0,0,1,1,1,3,10,0.15,1,72,3,0,16,1,2.08333333333333,0,1,1,0.357142857142857,1.0,0,3,2,True
695,2,0,1,0,0,3,1,0,1,2,0.45,2,50,3,0,13,1,2.25,0,4,1,0.5,1.0,0,5,0,True
696,1,1,1,3,0,1,4,0,7,8,0.29,2,75,3,2,12,1,3.0,0,0,1,0.933333333333333,1.0,0,1,0,True
697,0,0,1,0,0,0,1,0,0,1,1.0,0,0,3,0,1,1,0.0,0,4,1,0.0,1.0,0,3,0,True
698,0,1,1,0,0,0,3,0,2,5,0.31,1,25,3,0,13,2,2.83333333333333,0,0,1,0.9,1.0,0,1,1,True
699,0,0,1,1,0,2,5,1,16,15,0.16,1,75,3,0,23,2,4.4375,0,0,1,1.13636363636364,0.666666666666667,0,4,3,True
700,1,0,1,4,0,0,2,0,1,3,0.24,4,60,3,0,15,2,5.0,0,1,1,1.71428571428571,1.0,0,1,0,True
701,1,0,1,0,0,1,1,0,0,1,0.78,0,0,3,0,1,1,1.0,0,2,1,0.0,1.0,0,2,1,True
702,0,0,1,0,2,0,1,0,0,2,0.35,5,0,1,0,3,1,2.5,1,5,2,1.75,0.0,0,4,2,False
703,0,0,1,1,0,1,7,1,2,15,0.32,1,100,3,0,6,1,1.6875,0,1,1,0.416666666666667,1.0,0,2,1,True
704,1,0,1,0,0,1,3,0,1,13,0.18,2,50,3,0,22,1,1.5,0,1,1,0.5,1.0,0,3,3,True
705,6,0,1,1,1,1,5,5,4,43,0.15,1,96,3,0,35,2,2.48148148148148,0,1,1,0.466666666666667,0.25,0,6,6,True
706,1,0,1,3,1,0,1,0,6,4,0.27,1,82,3,2,7,1,5.2,1,2,1,1.57142857142857,1.0,0,2,2,True
707,0,0,1,0,0,1,1,0,1,5,0.56,0,60,3,0,1,1,2.4,1,1,1,0.571428571428571,0.0,0,1,0,False
708,0,0,1,2,11,3,4,1,4,24,0.39,0,90,3,0,10,2,4.72,1,1,1,0.966666666666667,0.5,0,4,4,False
709,2,0,1,8,0,0,1,5,2,1,0.37,0,85,3,3,10,1,5.875,3,1,1,0.7,0.5,0,1,1,True
710,4,2,1,0,0,1,3,2,0,11,0.33,0,0,4,0,15,1,3.36842105263158,0,1,1,0.391304347826087,1.0,0,1,0,False
711,4,0,1,0,0,1,1,2,0,13,0.46,0,0,4,0,15,1,3.47368421052632,0,1,1,0.523809523809524,1.0,0,1,0,False
712,4,0,1,0,0,1,1,2,0,7,0.3,0,0,4,0,15,1,2.76923076923077,0,1,1,0.8,1.0,0,1,0,False
713,0,0,1,0,0,0,1,0,1,3,1.0,0,0,2,0,1,1,1.0,0,1,1,0.0,0.0,0,3,0,False
714,0,0,1,0,0,1,4,1,7,15,0.23,0,80,3,0,23,1,2.25,0,1,1,0.714285714285714,0.25,0,1,3,True
715,2,0,1,0,9,2,4,0,0,10,0.32,0,0,1,0,7,2,6.5,0,1,1,1.23529411764706,0.5,0,1,1,False
716,0,0,1,0,0,0,1,0,1,3,0.75,0,0,3,0,3,1,2.66666666666667,2,1,1,0.6,0.0,0,1,0,False
717,0,1,1,0,2,1,4,2,3,8,0.57,0,50,1,0,6,3,2.45454545454545,1,1,1,0.875,1.0,0,1,2,False
718,0,0,1,0,0,0,1,0,1,2,1.07,0,0,2,0,1,1,2.0,2,2,1,0.0,0.0,0,2,0,False
719,1,0,1,0,0,0,1,0,1,20,0.12,1,52,3,0,26,1,1.61904761904762,0,1,1,0.130434782608696,1.0,0,2,4,True
720,0,0,1,2,0,0,1,2,2,14,0.22,0,75,3,0,18,1,3.1875,1,1,1,0.166666666666667,1.0,0,1,2,True
721,0,0,1,0,0,0,1,0,0,30,0.16,0,0,4,1,2,1,0.0,0,2,1,0.0,0.0,0,1,1,False
722,0,0,1,0,0,5,1,0,0,1,2.67,0,0,5,0,2,1,4.0,4,1,1,0.0,0.0,0,2,0,False
723,4,0,1,1,0,0,1,0,2,26,0.08,0,91,3,0,16,1,2.13333333333333,0,1,1,0.125,1.0,0,2,3,True
724,0,0,1,2,1,7,1,5,2,1,0.94,1,62,3,1,20,1,5.66666666666667,1,1,1,0.75,1.0,0,2,1,True
725,0,0,1,0,0,5,1,1,1,4,1.09,1,19,4,0,10,1,1.6,1,1,1,0.0,0.0,0,2,0,False
726,0,0,1,1,1,0,3,0,2,17,0.22,0,82,3,1,22,2,2.35294117647059,0,0,1,0.619047619047619,1.0,0,2,2,True
727,0,0,1,0,0,5,2,1,3,17,0.5,3,90,3,0,24,2,3.44444444444444,1,4,1,1.14285714285714,1.0,0,1,1,True
728,1,0,1,2,0,4,1,1,5,5,0.52,0,51,3,0,17,1,5.28571428571429,4,2,1,0.0,1.0,0,1,2,True
729,0,0,1,0,2,0,1,0,0,4,0.3,2,0,3,0,14,1,2.0,0,1,1,1.0,0.5,0,2,3,True
730,0,0,1,0,0,0,1,0,0,2,0.59,1,0,3,0,5,1,0.5,0,2,1,0.75,1.0,0,3,1,True
731,0,0,1,1,0,0,1,0,0,2,0.49,3,50,3,0,15,1,4.5,1,2,1,1.5,0.5,0,2,2,True
732,0,0,1,0,0,2,1,0,0,1,0.78,5,0,3,0,7,1,0.0,0,12,1,0.0,1.0,0,3,1,True
733,1,0,1,0,1,0,2,0,0,23,0.2,0,0,4,1,13,2,0.416666666666667,0,1,1,0.0,1.0,0,1,2,False
734,0,0,1,0,0,5,1,0,0,1,1.26,0,0,5,0,2,1,4.0,4,1,1,0.0,0.0,0,2,0,False
735,0,1,1,1,2,2,2,0,1,12,0.23,5,79,4,0,21,2,4.07692307692308,0,1,1,0.5,0.0,0,1,0,False
736,5,0,1,1,2,3,3,0,5,12,0.45,0,78,3,0,19,2,3.05882352941176,0,1,1,0.761904761904762,0.0,0,1,0,False
737,0,0,1,0,2,8,1,0,0,3,0.57,9,0,3,0,16,1,3.0,1,2,1,0.0,0.5,0,2,4,True
738,1,0,1,3,1,4,1,0,0,2,0.54,3,33,2,0,17,1,4.66666666666667,1,5,1,0.6,1.0,0,1,0,False
739,0,0,1,1,0,1,2,3,4,15,0.17,3,67,3,0,24,1,3.66666666666667,0,1,1,1.0,1.0,0,2,1,True
740,0,0,1,0,0,1,2,0,0,3,0.52,2,0,3,0,12,2,1.66666666666667,1,0,1,0.5,0.5,0,3,2,True
741,0,0,1,2,1,1,2,0,3,26,0.57,0,89,3,3,23,1,10.7692307692308,0,0,1,0.206896551724138,1.0,0,1,3,True
742,0,0,1,1,0,0,1,1,1,2,0.33,0,33,3,0,11,1,2.66666666666667,1,2,1,0.8,1.0,0,1,0,False
743,2,0,1,0,2,0,3,0,4,8,0.26,1,59,3,0,23,2,1.9,0,1,1,0.214285714285714,0.5,0,5,3,False
744,1,0,1,0,0,6,1,0,0,2,0.22,7,0,3,0,12,1,2.66666666666667,1,4,1,0.6,1.0,0,2,2,True
745,1,0,1,0,0,0,1,0,0,2,0.48,2,0,3,0,18,1,2.0,0,4,1,0.0,1.0,0,2,1,True
746,2,0,1,0,0,2,1,0,0,4,0.29,3,0,3,0,20,1,2.66666666666667,0,2,1,0.75,0.5,0,1,3,True
747,3,0,1,0,2,4,2,1,0,11,0.43,4,0,3,1,23,2,1.8,0,1,1,0.444444444444444,1.0,0,5,2,True
748,4,0,1,0,0,1,1,1,4,7,0.43,0,85,3,0,16,1,1.91666666666667,0,1,1,0.428571428571429,1.0,0,2,1,True
749,2,0,1,0,0,1,2,0,7,7,0.22,2,66,3,0,12,2,3.11111111111111,1,2,1,1.91666666666667,0.5,0,2,3,True
750,0,0,1,0,0,0,1,0,0,2,0.81,1,0,3,0,12,1,1.5,1,2,1,0.0,0.5,0,3,3,True
751,0,0,1,0,0,0,1,1,0,1,1.73,0,0,4,0,3,1,1.0,1,2,1,0.0,0.0,0,2,0,False
752,0,0,1,0,0,3,1,0,0,2,0.43,3,0,3,0,14,1,1.5,1,2,1,1.5,0.5,0,3,3,True
753,0,0,1,1,0,4,2,0,3,17,0.29,4,55,3,0,21,2,2.05882352941176,0,1,1,0.0,1.0,0,5,4,True
754,0,0,1,0,0,3,4,0,4,5,0.26,4,0,3,0,18,2,1.8,0,1,1,0.9,0.333333333333333,0,3,4,True
755,0,0,1,0,0,9,1,0,0,1,0.51,10,0,3,0,14,1,3.0,3,14,2,1.0,1.0,0,1,1,True
756,0,0,1,0,0,0,1,0,0,1,0.7,3,0,3,0,12,1,3.0,3,13,2,1.0,1.0,0,3,2,True
757,1,0,1,0,0,0,1,0,0,2,0.49,0,0,3,0,2,1,2.66666666666667,1,2,1,0.6,1.0,0,2,1,True
758,0,0,1,0,0,1,1,0,0,4,0.3,11,0,4,0,8,1,3.25,0,2,1,0.0,0.0,0,2,1,False
759,3,0,1,0,0,0,1,0,2,4,0.17,2,57,3,0,13,1,2.85714285714286,0,3,1,0.333333333333333,1.0,0,3,2,True
760,4,0,1,0,4,2,1,0,0,2,0.46,1,0,3,0,20,1,1.83333333333333,0,2,1,0.375,1.0,0,1,1,True
761,4,0,1,0,4,0,1,0,0,6,0.28,0,0,3,0,25,1,1.4,0,2,1,0.25,1.0,0,4,2,True
762,0,1,1,0,0,1,4,0,10,17,0.47,1,60,3,1,21,1,4.72222222222222,1,1,1,1.34782608695652,0.333333333333333,0,1,2,True
763,3,0,1,4,2,2,1,0,0,10,0.55,0,82,2,0,15,1,2.15384615384615,0,1,1,0.933333333333333,1.0,0,1,0,False
764,0,0,1,0,0,1,2,0,0,3,0.55,2,0,3,0,13,2,1.66666666666667,1,0,1,0.5,0.5,0,3,1,True
765,0,0,1,0,0,0,6,0,0,13,0.35,0,0,3,0,16,2,0.769230769230769,0,1,1,0.0,0.5,0,3,3,True
766,0,0,1,0,0,0,1,0,0,51,0.13,0,0,4,1,11,1,0.490196078431373,0,1,1,0.0,0.0,0,1,1,False
767,13,0,1,0,2,0,2,0,11,22,0.17,2,81,2,0,24,2,4.45714285714286,0,1,1,0.5,1.0,0,4,2,False
768,0,0,1,0,0,1,1,0,0,2,0.35,1,0,3,0,15,1,1.5,1,2,1,0.75,1.0,0,1,1,True
769,0,0,1,1,0,3,3,1,6,8,0.32,2,43,3,0,17,2,3.11111111111111,1,1,1,0.230769230769231,1.0,0,2,1,True
770,1,0,1,0,0,2,1,0,2,9,0.14,2,50,3,0,27,1,4.7,1,1,1,2.33333333333333,1.0,0,4,2,True
771,0,4,1,0,0,1,3,0,9,4,0.3,0,82,3,0,11,2,3.875,1,2,1,1.75,0.666666666666667,0,1,2,True
772,2,0,1,0,0,5,1,0,0,5,0.34,2,0,3,0,21,1,2.71428571428571,0,3,1,1.11111111111111,0.5,0,3,7,True
773,0,1,1,0,2,5,1,0,0,1,0.44,4,0,1,0,14,1,3.5,3,3,1,2.25,0.0,0,4,1,False
774,1,0,1,5,2,1,1,0,0,1,0.31,6,50,1,0,14,1,5.0,3,4,3,2.0,0.0,0,4,2,False
775,0,0,1,0,3,4,1,0,0,3,1.28,0,0,1,0,2,1,3.0,2,1,1,0.8,0.0,0,3,2,False
776,0,2,1,0,0,1,2,0,8,23,0.46,0,83,3,7,6,1,6.08,1,0,1,0.75,1.0,0,1,0,True
777,0,0,1,0,0,6,1,0,3,3,1.26,0,33,3,0,2,1,2.66666666666667,0,3,1,1.2,0.0,0,2,0,False
778,0,0,1,0,0,1,1,0,3,5,0.59,1,60,3,0,3,1,3.2,1,2,1,1.0,1.0,0,2,0,True
779,2,0,1,0,1,0,3,2,5,21,0.22,0,61,3,0,16,1,2.2,0,0,1,0.482758620689655,1.0,0,3,0,True
780,0,1,1,1,0,4,2,0,2,1,0.4,0,0,3,0,3,1,3.5,3,4,3,2.0,1.0,0,1,1,True
781,0,0,1,0,0,0,2,0,1,4,2.0,0,66,3,0,2,1,0.5,0,0,1,0.428571428571429,1.0,0,1,2,True
782,2,0,1,0,0,1,5,0,10,24,0.25,2,66,3,0,20,1,1.92307692307692,0,0,1,0.90625,0.666666666666667,0,2,1,True
783,0,0,1,0,0,3,1,0,0,1,0.92,2,0,3,0,0,1,1.0,1,9,5,4.0,1.0,0,1,0,True
784,3,0,1,2,0,0,1,0,1,2,0.3,0,66,3,0,8,1,2.2,0,2,1,0.857142857142857,1.0,0,1,0,True
785,0,0,1,0,2,2,1,0,0,2,0.22,13,0,1,0,6,1,2.5,1,2,2,3.25,0.0,0,2,2,False
786,0,0,1,0,0,8,1,0,0,1,0.72,4,0,3,0,15,1,2.0,2,19,2,1.0,1.0,0,2,1,True
787,0,0,1,0,0,0,1,0,0,1,0.43,9,0,3,0,14,1,2.0,2,21,2,1.0,1.0,0,2,1,True
788,1,1,1,0,2,4,1,0,0,2,0.42,2,0,3,0,14,1,2.5,0,1,1,1.0,0.5,0,2,5,True
789,3,0,1,5,1,2,1,0,0,2,0.36,3,76,3,0,14,1,3.6,0,1,1,1.28571428571429,0.5,0,2,5,True
790,2,0,1,1,0,6,2,0,1,3,0.45,2,75,3,0,16,2,3.6,1,6,1,2.5,1.0,0,1,0,True
791,2,0,1,4,2,0,3,0,4,5,0.16,2,62,2,0,9,1,4.14285714285714,2,2,1,2.27272727272727,0.0,0,3,3,False
792,0,0,1,0,4,0,1,0,0,4,0.55,0,0,1,0,3,1,6.0,3,1,1,1.66666666666667,1.0,0,2,0,True
793,0,0,1,0,3,1,1,0,0,3,0.25,0,0,1,0,0,1,9.0,1,1,1,1.2,0.0,0,2,0,False
794,0,0,1,0,0,0,1,2,0,2,1.32,0,0,2,118,1,1,21.5,0,1,1,0.5,0.5,0,1,1,True
795,7,0,1,0,0,2,1,0,0,7,0.43,0,0,3,0,3,1,1.35714285714286,0,1,1,0.6875,0.5,0,2,3,True
796,0,0,1,0,1,1,2,1,0,7,0.28,1,0,3,0,2,1,1.375,0,1,1,0.272727272727273,1.0,0,4,2,True
797,0,2,2,0,2,2,1,0,0,2,0.83,1,0,3,0,1,1,1.0,0,2,2,1.5,1.0,0,1,1,True
798,0,0,1,0,0,0,1,0,0,1,1.0,3,0,3,0,1,1,0.0,0,2,1,0.0,1.0,0,3,0,True
