commit_id,nuc,aexp,ns,age,asexp,la,target
0,1.1304347826087,17,1,63.9565217391304,0.0,0,False
1,1.6666666666666698,55,1,182.666666666667,5.0,107,False
2,4.59375,54,1,63.0625,43.0,747,True
3,3.95714285714286,84,5,81.6857142857143,0.248705151960469,1411,True
4,12.8823529411765,105,5,25.7647058823529,0.248705151960469,344,True
5,13.8666666666667,130,2,71.6,0.925731596536934,85,True
6,0.5,140,2,160.5,0.992015776457265,364,True
7,12.166666666666698,143,1,9.66666666666667,125.0,35,True
8,12.04,4,3,34.16,0.3950617283950621,477,True
9,12.3,94,4,23.3,0.333333333099346,63,True
10,16.4375,36,3,30.3125,1.16664213516768,136,True
11,3.0,37,1,141.0,30.0,2,True
12,17.3333333333333,1,1,1.6666666666666698,1.0,670,False
13,8.33333333333333,0,2,142.833333333333,0.0,108,True
14,29.3333333333333,129,2,15.666666666666698,0.9999830429637,244,True
15,27.625,9,1,6.125,8.0,94,True
16,10.0,140,1,8.0,100.0,9,True
17,7.5,146,2,83.5,0.999979436880816,64,True
18,1.0,24,1,13.0,2.0,136,False
19,0.0,27,1,0.0,5.0,117,True
20,11.0,29,5,87.2857142857143,0.2484001024,213,True
21,3.0,30,1,2.0,8.0,11,True
22,4.0,31,1,0.0,9.0,21,False
23,1.0,19,2,2.0,0.999994277954102,33,True
24,1.0,32,1,5.0,10.0,36,False
25,1.17391304347826,33,1,3.95652173913043,11.0,652,True
26,5.27777777777778,35,3,9.94444444444444,0.4506154019874021,291,True
27,14.7857142857143,22,2,14.0714285714286,0.999996900558472,392,True
28,10.6428571428571,39,2,12.142857142857098,0.8122549066447391,237,True
29,4.0,41,1,0.0,15.0,2,True
30,8.375,201,3,78.625,0.499999973804617,258,True
31,14.4285714285714,296,3,8.571428571428571,0.487044030597536,98,True
32,4.36363636363636,297,3,17.9090909090909,0.487044030597536,32,True
33,2.0,298,1,25.0,12.0,18,False
34,3.4166666666666696,43,2,25.1666666666667,0.035522699314015,643,True
35,0.0,204,2,0.0,0.99997946054223,535,True
36,9.0,46,1,9.0,18.0,10,False
37,10.0,48,1,3.0,19.0,29,True
38,11.5,49,1,14.0,20.0,118,True
39,15.25,53,2,63.5,0.812254906647453,230,True
40,3.28571428571429,30,1,49.6666666666667,4.0,202,True
41,6.1111111111111125,55,1,55.5555555555556,22.0,167,True
42,1.09090909090909,209,1,0.363636363636364,11.0,1720,True
43,1.0,210,1,0.0,12.0,29,False
44,5.4,44,5,315.5,0.250562584616634,98,True
45,7.33333333333333,0,1,38.3333333333333,0.0,40,True
46,5.0,319,1,74.6666666666667,13.0,40,True
47,20.0,58,1,7.0,24.0,5,False
48,10.2307692307692,60,2,23.7692307692308,0.812254906647453,187,True
49,22.0,61,1,0.0,26.0,1,False
50,10.4,63,1,6.0,27.0,77,True
51,17.0,0,3,215.5,0.0,44,False
52,11.333333333333302,64,2,4.33333333333333,0.812254906647453,37,True
53,5.86885245901639,321,2,74.2950819672131,0.9256591200828548,2610,True
54,20.8333333333333,41,2,120.333333333333,0.999997219987108,78,True
55,13.0,323,1,1.0,15.0,6,False
56,4.0,324,1,27.0,16.0,9,True
57,4.0,325,1,18.0,17.0,1,False
58,22.4,0,3,90.2,0.0,176,True
59,24.875,17,2,58.25,0.4951095581054689,117,True
60,29.7058823529412,1,2,87.88235294117649,0.0,384,True
61,16.0,1,1,96.0,0.0,2,False
62,4.5,0,3,64.0,0.0,698,True
63,3.5,6,1,108.5,2.0,43,False
64,7.71428571428571,12,1,139.142857142857,3.0,124,True
65,19.3333333333333,0,2,59.6666666666667,0.0,218,True
66,4.0,9,1,249.0,0.0,6,True
67,0.0,10,1,0.0,1.0,100,True
68,6.0,14,1,226.0,4.0,10,True
69,29.8333333333333,8,1,18.0,8.0,493,True
70,7.96875,335,2,130.71875,0.9256591200828548,499,True
71,6.0,15,1,52.0,5.0,14,True
72,11.583333333333302,336,3,15.958333333333302,0.487044030597536,370,True
73,19.0,337,1,0.0,21.0,6,True
74,1.0,338,1,3.0,22.0,11,False
75,17.6666666666667,340,2,2.6666666666666696,0.9256591200828548,5,True
76,6.8148148148148096,11,2,128.185185185185,0.00146484375,533,True
77,12.0,12,1,1.0,3.0,26,False
78,9.94444444444444,74,2,55.9444444444444,0.812254906647453,393,True
79,5.66666666666667,53,2,129.0,0.99999721998779,3,False
80,5.33333333333333,350,1,28.6666666666667,25.0,45,True
81,22.1875,59,3,126.8125,0.502217563507488,1521,True
82,11.5,58,2,0.0,0.99999721998779,21,False
83,5.0,59,2,0.0,0.99999721998779,2,False
84,29.5714285714286,12,2,48.57142857142861,0.999755859375,358,True
85,7.0,63,1,0.0,14.0,1,False
86,14.5,15,1,29.5,1.0,15,True
87,35.8823529411765,65,2,46.23529411764712,0.99999721998779,490,True
88,10.7307692307692,7,3,80.0384615384615,0.281664380429813,287,True
89,20.4074074074074,17,2,40.574074074074105,1.12224578857422,732,True
90,22.41,3,2,137.29,0.625,412,True
91,11.0,0,1,18.0,0.0,3,False
92,7.83333333333333,66,2,23.5,0.99999721998779,6,False
93,11.0,1,1,29.0,0.0,1,False
94,14.0,12,2,31.0,0.786865234375,20,True
95,3.0,19,1,96.0,7.0,2,False
96,5.5,3,2,520.0,0.0,105,False
97,0.0,4,1,0.0,1.0,82,False
98,24.5,17,1,12.5,4.0,5,False
99,7.36363636363636,0,1,27.2727272727273,0.0,397,True
100,12.0,17,1,17.0,2.0,53,True
101,17.7714285714286,1,4,139.628571428571,0.0,194,True
102,13.0,68,1,5.0,17.0,1,False
103,26.875,69,2,31.0,0.99999721998779,161,True
104,12.0,18,1,28.0,5.0,4,False
105,1.2,1,1,15.0,1.0,36,False
106,0.0,70,1,0.0,19.0,46,False
107,13.333333333333302,18,2,44.22222222222221,1.0001182556152302,332,True
108,13.333333333333302,3,2,33.4285714285714,0.75,1512,True
109,9.0,20,1,314.0,18.0,11,False
110,10.0,44,1,0.0,40.0,0,False
111,11.0,21,1,6.0,19.0,11,False
112,10.3333333333333,31,1,10.3333333333333,1.0,168,True
113,14.3636363636364,72,2,38.54545454545449,0.99999721998779,156,True
114,14.0,0,1,8.0,0.0,18,True
115,15.333333333333302,0,2,64.0,0.0,192,True
116,8.0,19,1,26.25,6.0,6,True
117,20.0,15,1,4.0,6.0,2,True
118,4.11111111111111,1,1,68.1111111111111,1.0,1330,True
119,34.0,0,1,19.0,0.0,2,False
120,10.0,2,2,14.666666666666698,0.75,21,True
121,12.375,7,5,71.875,0.248,370,True
122,28.5,4,1,34.5,2.0,12,True
123,18.0,6,1,5.0,1.0,6,False
124,21.0,5,1,21.0,3.0,1,False
125,19.0,3,1,5.0,2.0,6,False
126,21.0,5,1,0.0,4.0,4,False
127,12.0,6,1,0.0,5.0,1,False
128,12.0,14,1,61.0,10.0,6,False
129,9.375,15,2,37.875,0.976593017578125,130,True
130,4.0,0,1,103.0,0.0,3,False
131,9.2,9,2,5.9,1.15625,386,True
132,7.0,2,1,21.0,1.0,2,False
133,24.0,4,1,6.0,3.0,1,False
134,10.625,11,2,10.0,1.15869140625,37,True
135,7.66666666666667,12,1,25.6666666666667,9.0,169,True
136,22.0,13,1,30.0,1.0,8,False
137,11.333333333333302,24,1,6.33333333333333,8.0,52,False
138,29.8823529411765,10,3,127.588235294118,0.499991532456096,945,True
139,35.2857142857143,28,3,78.5714285714286,0.384775520997269,174,True
140,25.2916666666667,12,2,57.1666666666667,1.000244140625,463,True
141,36.25,20,2,13.125,0.7872695922851559,36,True
142,11.208333333333302,13,3,19.1666666666667,0.541221571789405,379,True
143,1.3076923076923102,30,2,1.23076923076923,1.5832483768463102e-08,264,True
144,30.0,14,1,4.0,11.0,3,False
145,14.75,0,3,112.75,0.0,21,False
146,19.952380952381,3,2,13.666666666666698,1.0,842,True
147,12.0,18,1,1.0,3.0,20,False
148,32.0,2,1,6.0,0.0,2,False
149,3.8333333333333295,7,4,4.58333333333333,0.45440673828125,494,True
150,12.4,18,2,14.9,0.976634979248047,458,True
151,10.5833333333333,28,3,8.41666666666667,0.500000628085844,180,True
152,27.0,0,1,2.0,0.0,1,True
153,22.969696969697,2,2,37.8484848484849,0.75,457,False
154,23.969696969697,49,2,1.0,0.999885559082008,251,False
155,11.916666666666698,15,2,8.75,1.15945434570312,71,True
156,9.30434782608696,16,4,16.4347826086957,0.349939731415361,276,True
157,17.25,11,1,146.75,4.0,65,True
158,23.6666666666667,12,1,0.333333333333333,5.0,63,True
159,3.68965517241379,32,6,14.1034482758621,0.199077646398216,1685,True
160,23.6666666666667,18,2,0.666666666666667,1.15950393676758,7,False
161,21.0,19,1,0.0,15.0,0,False
162,0.5714285714285711,21,2,12.857142857142902,0.0,335,True
163,5.0,1,1,31.0,0.0,17,False
164,9.0,24,1,0.0,5.0,2,False
165,23.4,21,2,4.0,1.15950918197632,145,True
166,6.75,26,2,53.75,0.6250731199979781,51,True
167,3.0,22,2,89.0,1.15950965881348,1,False
168,1.45,77,2,17.8,1.11060239855323e-06,270,True
169,2.0,78,1,2.0,2.0,2,False
170,3.75,35,1,16.5,6.0,183,True
171,1.0,36,2,12.0,0.3829851777554721,336,True
172,1.35714285714286,37,1,16.1428571428571,8.0,772,True
173,4.4,5,1,13.4,1.0,751,True
174,13.45,13,2,43.65,1.00048828125,450,True
175,49.0,4,1,2.0,2.0,5,False
176,1.0,6,1,13.0,0.0,22,False
177,20.6,23,2,8.6,1.15950989723206,104,True
178,2.6666666666666696,38,1,1.33333333333333,9.0,253,False
179,1.21875,1,1,6.90625,0.0,172,True
180,0.833333333333333,7,1,0.5,1.0,539,True
181,19.5714285714286,28,2,39.7142857142857,0.62507313862443,256,True
182,2.92307692307692,6,3,32.2307692307692,0.493827160493827,363,True
183,2.0,8,1,10.0,2.0,4,False
184,24.5,24,2,9.0,1.15951001644135,43,False
185,0.941176470588235,2,1,5.941176470588241,1.0,1359,True
186,51.0,81,1,5.0,26.0,9,False
187,2.3333333333333304,9,1,8.33333333333333,3.0,36,True
188,9.6,3,2,45.2,0.5,31,True
189,2.0,10,1,12.0,4.0,118,False
190,10.0,23,1,179.0,1.0,36,False
191,42.0,5,1,16.0,3.0,6,True
192,1.0,3,1,1.0,2.0,386,True
193,0.0,0,1,0.0,0.0,721,True
194,18.5454545454545,9,2,31.3636363636364,0.9375,286,False
195,30.4,8,2,11.6,0.99609375,17,True
196,36.4,0,2,13.7,0.0,129,True
197,8.0,43,2,16.5,0.3829851777768449,97,True
198,35.533333333333296,16,2,42.1333333333333,1.00070190429688,216,True
199,33.3076923076923,33,2,11.923076923076902,0.6250731438631191,63,True
200,13.1111111111111,84,1,17.2222222222222,29.0,142,True
201,44.0,3,3,1.6666666666666698,0.5185185185185179,285,True
202,3.0,45,1,19.0,14.0,59,False
203,19.0,35,3,10.4,0.25925947503889,297,True
204,2.46153846153846,11,2,12.076923076923098,0.01513671875,980,True
205,5.4,26,2,3.4,0.9331698417663572,73,True
206,2.73684210526316,12,1,1.8421052631578896,6.0,247,True
207,2.375,11,4,17.0,0.00390625,57,True
208,2.0,25,1,32.0,2.0,82,False
209,6.0,13,1,0.0,7.0,1,False
210,6.0,14,1,0.0,8.0,16,False
211,1.51612903225806,9,3,15.032258064516098,0.3767210282985321,1237,True
212,12.25,28,1,8.5,23.0,83,True
213,5.0,15,1,1.0,9.0,1,False
214,9.18181818181818,29,2,5.18181818181818,0.933169862255454,63,True
215,14.5,86,1,164.75,30.0,66,True
216,18.772727272727305,37,3,5.5454545454545485,0.25925947503889,531,True
217,2.5,46,1,2.0,15.0,6,False
218,14.0,30,2,2.6666666666666696,1.15951011981815,46,True
219,19.2307692307692,10,2,23.2307692307692,1.1943359375,477,True
220,65.6666666666667,17,2,16.6666666666667,1.00071716308594,27,True
221,1.44444444444444,38,1,3.44444444444444,14.0,114,True
222,18.0,4,4,202.8,0.328125,117,True
223,1.33333333333333,27,2,12.0,5.96046447753906e-07,124,False
224,23.84210526315789,10,2,8.263157894736839,1.0,41,True
225,2.37931034482759,16,1,13.9655172413793,10.0,662,True
226,3.25,17,1,12.75,11.0,51,True
227,4.8,1,1,14.8,1.0,223,True
228,4.2222222222222205,18,1,9.33333333333333,12.0,155,True
229,26.3636363636364,34,3,6.81818181818182,0.541222343178608,190,True
230,4.5,52,1,5.0,20.0,187,True
231,8.66666666666667,53,1,1.6666666666666698,21.0,140,True
232,60.0,90,1,1.0,32.0,81,False
233,19.1428571428571,12,3,40.4285714285714,0.4874934376534739,84,True
234,6.28571428571429,54,1,13.5714285714286,22.0,161,True
235,4.6153846153846105,55,2,25.576923076923105,0.382985177777041,167,True
236,12.529411764705904,38,2,20.9411764705882,1.15951012158985,270,True
237,6.28571428571429,57,1,1.57142857142857,25.0,763,True
238,0.0,62,1,0.0,2.0,19,True
239,8.2,13,5,829.533333333333,2.048e-08,54,True
240,9.81818181818182,65,5,3.36363636363636,0.2000000001638419,428,True
241,5.81818181818182,42,6,10.0909090909091,0.204758346692506,1059,True
242,28.6666666666667,68,1,0.666666666666667,19.0,8,True
243,25.0,93,1,0.4,33.0,27,True
244,1.0,15,1,0.0,0.0,0,False
245,1.0,15,1,1.0,5.0,1,True
246,21.0,94,3,3.75,0.499999997713617,38,True
247,5.428571428571429,31,2,3.71428571428571,0.28729015076533,156,True
248,1.5625,19,1,6.6875,13.0,1464,True
249,28.0,40,1,6.0,15.0,1,False
250,1.0,16,1,0.0,0.0,1,False
251,15.8,0,2,11.0,0.0,163,True
252,10.0,21,1,0.0,15.0,9,True
253,4.25,22,1,15.0,16.0,67,True
254,8.5,23,1,1.0,17.0,12,True
255,1.0,77,1,3.5,11.0,176,True
256,14.5,47,1,7.5,35.0,79,True
257,3.0,79,1,1.0,12.0,10,True
258,64.0,1,1,13.0,1.0,3,False
259,2.0,17,1,434.0,6.0,19,False
260,9.0,25,1,7.0,19.0,16,False
261,3.0,26,1,20.727272727272695,20.0,40,True
262,5.75,27,1,12.75,21.0,25,False
263,65.0,0,1,2.0,0.0,1,False
264,6.0,0,1,29.0,0.0,69,True
265,45.0,0,1,23.0,0.0,1,False
266,66.0,0,1,4.0,0.0,1,False
267,26.25,21,3,178.0,0.487494902422369,45,True
268,15.916666666666698,52,2,30.5,1.15951012159541,313,True
269,3.5,0,1,7.5,0.0,71,True
270,40.0,53,1,0.0,37.0,20,True
271,6.08333333333333,54,5,10.3333333333333,0.2583206186677569,198,True
272,40.0,76,1,20.0,33.0,9,True
273,4.2,29,1,0.0,23.0,184,True
274,1.0,55,1,29.0,1.0,20,False
275,21.8,21,4,44.6,0.2552083321691039,458,True
276,2.47058823529412,30,1,5.941176470588241,24.0,634,True
277,5.0,22,1,0.0,7.0,2,False
278,9.0,3,2,19.4,0.375,17,True
279,12.5,101,1,1.5,4.0,20,True
280,0.7,31,1,0.5,25.0,996,True
281,37.0,0,1,24.5,0.0,17,True
282,71.0,0,1,1.0,0.0,1,False
283,16.96,1,3,183.92,0.0,34,False
284,0.0,34,1,0.0,0.0,3,False
285,16.0,33,1,6.0,27.0,38,True
286,30.3333333333333,0,2,7.66666666666667,0.0,6,False
287,5.0,61,3,84.7073170731707,0.25925947503889,64,False
288,30.0,59,1,3.0,40.0,5,True
289,7.4,0,4,47.2,0.0,193,True
290,18.0,28,4,291.777777777778,0.0793505497328131,720,False
291,0.0,0,1,0.0,0.0,3,False
292,13.5,1,1,5.0,0.0,5,True
293,11.6363636363636,35,5,16.272727272727302,3.0720000004194304e-06,181,True
294,18.0,63,2,56.875,0.625073144048366,69,True
295,2.35714285714286,35,1,15.0714285714286,29.0,1417,True
296,16.0,64,3,281.66666666666697,0.25925947503889,19,False
297,2.875,36,1,27.9375,30.0,1170,True
298,3.5,21,1,19.0,7.0,20,True
299,28.5147058823529,33,2,139.529411764706,0.932863002642989,727,True
300,4.75,4,1,34.5,3.0,203,True
301,1.79487179487179,103,1,25.5897435897436,5.0,1361,True
302,74.0,0,1,26.0,0.0,3,False
303,49.5,36,2,4.0,0.93286300280306,18,True
304,3.0,24,1,33.0,8.0,0,False
305,4.0,39,1,76.0,3.0,40,True
306,3.3333333333333304,40,2,61.3333333333333,6.0349702835083e-07,56,False
307,1.8,104,1,2.86666666666667,6.0,776,True
308,7.5,105,1,20.75,7.0,71,True
309,14.4285714285714,69,2,85.5714285714286,0.375005375234687,35,True
310,2.05128205128205,106,1,22.61538461538461,8.0,912,True
311,14.5,107,1,0.0,9.0,27,False
312,13.0,7,1,82.0,2.0,1,False
313,29.0,71,1,41.0,25.0,7,False
314,2.1842105263157903,108,1,7.84210526315789,10.0,607,True
315,34.1538461538462,8,2,53.7692307692308,0.98828125,208,True
316,3.70491803278689,109,1,18.1639344262295,11.0,472,True
317,2.0,0,1,17.5,0.0,27,False
318,7.18181818181818,110,3,2.09090909090909,8.615718326248898e-10,670,True
319,3.64,111,1,20.4,13.0,283,True
320,75.0,0,1,15.0,0.0,9,False
321,1.0,39,1,123.0,33.0,0,False
322,4.82142857142857,75,3,313.571428571429,0.5925928083722231,75,True
323,24.0,77,2,36.3333333333333,0.625073144048366,37,True
324,2.3333333333333304,41,1,21.3333333333333,35.0,11,False
325,1.0,42,1,128.0,36.0,0,False
326,14.5,113,1,6.0,15.0,13,False
327,3.0,114,1,0.0,16.0,8,True
328,3.4,43,1,66.2,37.0,58,False
329,5.28571428571429,115,1,4.85714285714286,17.0,154,True
330,2.2,64,1,24.8,4.0,512,True
331,9.0,44,1,9.0,38.0,3,False
332,3.0,65,1,0.0,5.0,5,False
333,2.0,45,1,0.0,39.0,42,True
334,2.0,36,1,31.0,2.0,4,False
335,0.5,66,1,0.5,6.0,95,True
336,3.5,46,2,360.5,0.0158691406249858,6,False
337,9.33333333333333,47,1,5.0,41.0,26,True
338,4.5,48,1,3.0,42.0,4,True
339,3.0,49,1,1.5,43.0,123,True
340,4.33333333333333,50,1,2.3333333333333304,44.0,75,True
341,76.0,1,1,13.0,1.0,29,False
342,22.0,51,1,0.0,45.0,1,False
343,4.0,52,1,0.0,46.0,182,True
344,13.8421052631579,6,2,22.3157894736842,1.0,1182,True
345,23.0,53,1,1.0,47.0,28,True
346,0.0,68,1,0.0,7.0,21,False
347,3.6,0,1,13.2,0.0,29,True
348,24.0,55,1,1.0,49.0,23,True
349,12.857142857142902,50,2,263.285714285714,0.932863002821062,266,True
350,4.5,0,1,12.5,0.0,17,False
351,2.0,56,1,16.0,50.0,14,True
352,9.5,0,1,124.0,0.0,29,True
353,16.3333333333333,57,1,19.6666666666667,51.0,71,True
354,9.0,58,1,20.0,52.0,16,False
355,13.6363636363636,60,4,3.54545454545455,8.13802083333333e-05,1343,True
356,2.0,61,1,8.0,55.0,242,True
357,4.0,62,1,0.0,56.0,0,False
358,1.33333333333333,1,1,103.333333333333,1.0,103,False
359,5.6,119,1,22.4,21.0,54,False
360,0.0,120,1,0.0,22.0,50,False
361,30.6666666666667,69,2,7.0,1.15951012159542,205,True
362,1.19565217391304,70,3,23.6086956521739,3.0510504017790203e-21,2611,True
363,4.0,37,1,32.0,3.0,5,False
364,12.0,63,1,2.0,57.0,22,False
365,5.09090909090909,64,2,0.9090909090909092,0.015625,182,True
366,29.0,0,1,49.75,0.0,62,True
367,80.0,0,1,0.0,0.0,6,False
368,4.23076923076923,7,2,75.76923076923079,0.109375,204,False
369,3.5714285714285694,2,1,22.0,0.0,97,False
370,7.428571428571429,121,3,17.7857142857143,0.499999997713617,875,True
371,10.0,65,2,1.25,0.0158691406250071,16,True
372,25.0,122,1,1.0,24.0,1,False
373,8.0625,8,4,9.25,0.3438720703125,251,True
374,14.6,124,2,22.2,1.11060239855323e-06,169,True
375,3.9523809523809503,125,1,34.619047619047606,27.0,91,False
376,5.5,72,1,3.5,10.0,13,True
377,1.0,38,1,7.0,4.0,16,True
378,4.0,84,1,0.0,0.0,3,False
379,2.42857142857143,0,1,11.7619047619048,0.0,153,True
380,7.0,73,1,0.0,11.0,8,True
381,81.0,46,1,10.0,6.0,3,False
382,16.0,6,1,4.0,0.0,1,False
383,26.0,92,2,71.2,0.625073144048366,57,True
384,38.0,0,1,28.0,0.0,37,True
385,24.6666666666667,94,2,3.0,0.625073144048366,46,True
386,24.375,55,4,70.125,0.250061296876425,435,True
387,21.8,74,1,81.0,43.0,115,True
388,37.3181818181818,75,2,36.7272727272727,1.15951012159542,699,True
389,11.0714285714286,97,4,43.25,0.3958141844252779,56,True
390,15.0,0,1,12.0,0.0,1,False
391,39.037037037037,1,3,19.2222222222222,0.333333333333333,1000,True
392,8.875,67,1,8.75,61.0,22,False
393,1.0,99,1,0.0,2.0,0,False
394,7.0,2,1,42.3333333333333,1.0,42,False
395,13.0,85,1,0.0,14.0,8,False
396,11.142857142857098,10,2,22.142857142857103,1.01953125,138,True
397,8.1,5,1,13.2,1.0,163,True
398,32.4736842105263,0,2,64.26315789473679,0.0,135,True
399,6.153846153846152,129,1,0.0,31.0,584,True
400,15.0869565217391,1,4,26.304347826087,0.25,156,True
401,11.2,104,1,106.4,34.0,101,True
402,25.6,86,3,1.4,2.09192399700857e-07,177,True
403,40.0,105,1,2.0,35.0,5,True
404,15.0,61,1,47.5,12.0,7,False
405,26.8333333333333,77,2,19.0,1.15951012159542,39,True
406,50.5,62,1,1.5,13.0,7,False
407,4.33333333333333,106,1,64.6666666666667,36.0,112,False
408,63.0,78,2,5.66666666666667,1.15951012159542,16,False
409,51.5,87,1,0.0,21.0,0,False
410,18.7777777777778,108,2,21.0,0.625073144048366,38,True
411,9.0,68,1,5.0,62.0,2,False
412,2.0,0,1,6.0,0.0,5,True
413,3.0,3,1,268.0,1.0,2,False
414,19.5,65,2,8.5,0.425481317705575,1,False
415,26.0,81,2,1.0,0.933101177155894,8,False
416,15.8181818181818,131,3,6.36363636363636,8.615718326248898e-10,546,True
417,1.2,4,1,6.4,1.0,116,True
418,21.3333333333333,45,1,15.0,10.0,94,True
419,30.1724137931034,111,2,73.79310344827591,0.625073144048366,86,True
420,12.0,70,1,11.0,63.0,16,False
421,8.0,71,1,5.5,64.0,415,True
422,3.25,132,1,48.0,34.0,20,True
423,18.6666666666667,72,1,27.3333333333333,65.0,24,True
424,87.0,84,1,11.0,51.0,21,False
425,57.8,114,2,55.8,0.625073144048366,40,True
426,5.5,5,1,8.5,2.0,4,False
427,9.0,73,1,17.0,66.0,2,False
428,24.0,85,1,6.5,52.0,23,True
429,50.75,116,2,21.0,0.625073144048366,257,True
430,17.8333333333333,27,3,51.3333333333333,0.50003700592092,118,True
431,6.95833333333333,133,2,31.25,1.11060239855323e-06,458,True
432,11.375,10,1,1.0,1.0,288,False
433,1.0,86,2,63.0,2.29650066748099e-13,13,False
434,20.0,87,1,0.0,53.0,57,True
435,2.92307692307692,134,1,66.4615384615385,36.0,81,True
436,15.857142857142902,1,1,1.42857142857143,1.0,454,True
437,6.33333333333333,135,1,10.3333333333333,37.0,15,True
438,9.63636363636364,136,1,25.7272727272727,38.0,57,True
439,34.0,117,1,0.0,4.0,2,False
440,8.53846153846154,11,1,27.3846153846154,2.0,232,False
441,7.33333333333333,12,1,8.66666666666667,3.0,86,True
442,6.0,6,2,26.0,0.171875,120,True
443,3.06666666666667,89,1,22.6666666666667,12.0,1009,True
444,6.2,120,3,37.6,0.148148151122494,105,True
445,29.7777777777778,0,4,53.0,0.0,9,False
446,16.1666666666667,92,1,37.5,55.0,125,True
447,16.043478260869602,28,6,113.347826086957,0.200000084911261,57,True
448,9.33333333333333,2,1,12.666666666666698,1.0,291,True
449,3.4166666666666696,137,1,16.1666666666667,39.0,302,True
450,6.0,91,1,1.6666666666666698,16.0,20,True
451,32.6666666666667,93,1,28.0,56.0,18,True
452,4.8,138,2,30.9333333333333,1.11060239855323e-06,386,True
453,12.0,0,1,31.0,0.0,3,False
454,2.0,6,1,4.0,2.0,23,True
455,8.5,3,1,9.5,2.0,3,False
456,8.34375,139,3,18.15625,0.499999997713617,2349,True
457,57.0,0,1,5.0,0.0,1,False
458,32.5652173913044,73,2,22.826086956521696,0.9328630028210628,732,True
459,27.7,51,2,0.0,0.976639779283112,357,True
460,25.0,13,3,0.166666666666667,0.0123707680313211,656,True
461,16.2,11,3,15.0,0.0183124749501826,104,True
462,2.46666666666667,30,2,9.86666666666667,1.00109722279012,982,True
463,2.36842105263158,7,1,38.3157894736842,3.0,615,True
464,5.627906976744192,4,1,33.2093023255814,3.0,383,True
465,91.0,95,1,2.0,57.0,57,False
466,2.3333333333333304,14,1,30.3333333333333,7.0,39,False
467,20.888888888888896,32,2,0.7777777777777779,1.00109722372144,297,True
468,11.142857142857098,5,1,12.142857142857098,4.0,189,False
469,6.0,75,1,43.0,19.0,6,False
470,2.71428571428571,15,1,6.142857142857139,8.0,174,True
471,2.0,14,1,32.5,5.0,52,False
472,10.0,0,1,415.0,0.0,36,False
473,17.6666666666667,76,1,44.6666666666667,20.0,10,False
474,1.0,0,1,133.0,0.0,1,False
475,10.0,0,2,86.6,0.0,16,True
476,4.142857142857141,15,2,1.42857142857143,0.001983642578125,830,True
477,8.5,1,1,140.0,1.0,49,True
478,5.5,17,1,5.0,9.0,22,True
479,10.3333333333333,140,2,7.33333333333333,1.81979745608504e-23,15,False
480,9.2,19,1,83.4,3.0,59,True
481,23.75,97,2,24.375,0.933101177155894,225,True
482,6.6923076923076925,32,2,37.0769230769231,0.6916961518581961,55,True
483,1.0,16,1,2.0,7.0,5,False
484,9.5,10,1,1.0,6.0,95,True
485,31.625,98,1,12.75,59.0,621,True
486,9.85714285714286,1,1,12.2857142857143,1.0,201,True
487,4.0,0,1,136.0,0.0,21,True
488,12.3636363636364,1,3,106.272727272727,0.0,289,True
489,33.3333333333333,6,2,17.0,0.515625,31,False
490,4.888888888888889,20,1,13.555555555555598,11.0,155,True
491,7.4,99,1,7.2,15.0,498,True
492,2.0,100,1,5.0,60.0,12,False
493,7.0,101,2,9.25,1.159774819969541e-13,166,True
494,3.75,23,1,0.0,13.0,14,True
495,14.666666666666698,145,2,27.3333333333333,1.11060239855323e-06,8,False
496,9.5,146,1,7.0,45.0,21,False
497,6.0,127,1,0.0,5.0,1,False
498,4.0,1,1,3.0,1.0,115,True
499,5.0,132,2,15.0,0.625073144048366,52,True
500,7.4,149,1,37.9,48.0,110,True
501,24.6666666666667,135,1,16.6666666666667,48.0,60,True
502,1.85714285714286,17,1,20.4285714285714,8.0,98,True
503,59.0,0,1,8.0,0.0,1,False
504,2.0,0,1,23.0,0.0,0,False
505,22.2,0,3,22.6,0.0,10,False
506,3.0,18,1,2.0,9.0,8,False
507,2.0,29,1,3.0,15.0,5,False
508,94.0,0,1,26.0,0.0,1,False
509,9.0,6,1,20.0,5.0,3,False
510,26.25,41,1,54.375,19.0,216,True
511,3.0,30,1,33.0,4.0,14,False
512,13.5,3,1,142.0,1.0,79,True
513,7.5,151,1,52.0,49.0,61,True
514,24.75,152,2,20.75,1.11060239855323e-06,93,True
515,13.5,31,1,38.0,16.0,67,True
516,0.0,5,1,0.0,0.0,48,False
517,7.428571428571429,4,1,57.28571428571429,2.0,86,False
518,13.333333333333302,2,2,40.4444444444444,0.75,664,True
519,8.0,42,1,43.0,20.0,3,False
520,23.75,2,1,43.0,0.0,62,True
521,10.0857142857143,2,3,31.8857142857143,0.444444444444444,1944,True
522,61.0,78,1,10.0,21.0,6,True
523,14.0,19,1,30.6666666666667,10.0,16,False
524,5.0,153,1,1.0,51.0,3,False
525,9.5,154,1,93.0,52.0,11,False
526,9.0,106,1,60.0,17.0,73,True
527,17.0,107,1,6.0,18.0,53,False
528,2.0,20,1,5.0,11.0,1,False
529,3.81818181818182,108,2,27.0909090909091,1.159774819969541e-13,554,True
530,19.0,5,1,6.0,3.0,1,False
531,5.41666666666667,2,2,8.41666666666667,0.75,236,True
532,5.0,0,1,29.0,0.0,2,False
533,9.0,156,1,8.0,53.0,8,False
534,4.0,5,1,2.0,4.0,12,False
535,8.22222222222222,3,2,4.66666666666667,1.0,49,True
536,1.5,0,1,192.5,0.0,36,True
537,7.375,0,1,43.375,0.0,133,True
538,95.0,0,1,29.0,0.0,0,False
539,96.0,79,1,0.0,22.0,5,False
540,1.0,39,1,16.0,4.0,1,False
541,46.0,14,2,29.6666666666667,0.53509521484375,113,True
542,21.0,9,1,50.5,8.0,15,True
543,20.8333333333333,4,1,39.8333333333333,4.0,213,True
544,13.5,0,1,16.0,0.0,21,True
545,4.0,5,1,6.0,5.0,37,False
546,4.25,32,1,7.5,17.0,248,True
547,23.0,1,1,30.0,0.0,3,False
548,39.0,0,2,22.0,0.0,4,False
549,3.0,94,1,52.0,17.0,20,True
550,5.0,8,1,14.5,7.0,6,False
551,66.6666666666667,43,2,28.6666666666667,0.0504650694014117,93,True
552,4.36363636363636,158,1,33.545454545454504,55.0,95,True
553,28.0,16,1,67.0,4.0,11,False
554,5.0,159,1,88.0,56.0,2,False
555,7.66666666666667,160,1,77.8888888888889,57.0,84,True
556,54.5,2,1,18.0,1.0,136,True
557,8.0,21,1,41.7948717948718,12.0,431,True
558,24.0,9,1,32.0,8.0,23,True
559,15.416666666666698,11,1,49.6666666666667,10.0,850,True
560,1.0,12,1,0.0,11.0,7,True
561,11.857142857142902,13,1,29.142857142857103,12.0,111,True
562,12.5333333333333,23,1,73.2,14.0,228,True
563,13.642857142857098,24,1,1.64285714285714,15.0,104,True
564,76.0,150,2,34.0,0.625073144048366,12,False
565,15.333333333333302,0,1,82.3333333333333,0.0,61,True
566,3.0,0,1,444.0,0.0,4,False
567,3.0,96,1,139.5,19.0,76,True
568,22.5,10,5,20.375,0.0499999744,709,True
569,22.25,110,1,277.75,61.0,310,True
570,38.5,111,1,0.0,62.0,3,True
571,1.0,11,1,0.0,10.0,9,True
572,19.6666666666667,4,1,135.0,1.0,2,False
573,28.1666666666667,12,5,40.3333333333333,0.050000060416,21,True
574,2.0,14,1,5.0,13.0,14,True
575,13.0,15,1,30.5,14.0,139,True
576,24.0,0,1,12.0,0.0,32,False
577,24.0,154,1,12.0,6.0,6,False
578,35.0,0,1,0.0,0.0,1,False
579,13.0,368,2,94.5,0.9256591200828548,17,True
580,10.0,0,1,22.5,0.0,77,False
581,67.6,2,4,39.4,0.3125,212,True
582,3.0,0,1,104.0,0.0,1,False
583,73.0,156,2,60.5,0.625073144048366,14,False
584,21.7272727272727,157,3,82.5454545454545,0.25925947503889,148,True
585,9.2,18,2,43.0,1.0937461853027302,1599,True
586,15.666666666666698,98,1,45.3333333333333,20.0,28,True
587,0.0,1,1,0.0,1.0,6,False
588,31.875,112,2,35.625,1.15951012159542,147,True
589,25.75,161,3,37.875,2.9873230920378103e-10,123,True
590,4.0,27,1,0.0,17.0,6,False
591,15.5,100,4,81.21428571428571,3.7255321061886406e-09,272,True
592,2.6666666666666696,28,2,21.0,0.0312501154839993,270,True
593,32.636363636363605,114,1,24.5454545454545,65.0,354,True
594,29.0,44,1,2.0,22.0,15,True
595,0.0,13,1,0.0,0.0,13,True
596,19.0909090909091,164,1,37.3636363636364,60.0,232,True
597,28.75,46,1,21.75,23.0,133,True
598,14.0,0,1,4.0,0.0,2,False
599,41.9285714285714,19,2,37.2857142857143,0.125001907348633,452,True
600,3.0,14,1,23.0,12.0,2,False
601,5.0,60,1,129.0,3.0,20,False
602,2.0,2,1,66.0,1.0,19,False
603,37.0,162,1,121.0,56.0,1,False
604,17.5,2,1,3.0,0.0,49,False
605,8.13333333333333,3,3,47.4,0.37037037037037,548,True
606,1.75,4,1,88.0,3.0,26,True
607,63.0,0,1,51.0,0.0,5,False
608,14.5,21,1,22.0,18.0,50,True
609,3.9,29,1,39.4,19.0,442,True
610,14.0,6,1,64.0714285714286,6.0,105,True
611,4.6,15,1,14.6,13.0,538,True
612,15.5,163,1,83.0,57.0,87,False
613,5.0,4,1,118.0,1.0,1,False
614,7.33333333333333,16,3,10.6666666666667,0.4999999883847129,147,True
615,32.5,5,2,25.0,0.15625,2,False
616,9.13333333333333,22,1,29.6,19.0,141,True
617,9.5,23,1,44.9285714285714,20.0,1063,True
618,16.0,49,1,18.5,24.0,32,True
619,4.0,24,1,0.0,21.0,5,False
620,37.8,19,1,19.6,6.0,568,True
621,31.4285714285714,119,1,73.28571428571429,68.0,395,True
622,28.5,120,1,12.0,69.0,23,True
623,5.0,25,1,3.0,22.0,7,True
624,32.0,164,1,3.0,58.0,4,False
625,33.5,121,1,5.0,70.0,65,True
626,20.3333333333333,122,2,2.6666666666666696,0.93310117715601,73,True
627,16.0,7,1,8.0,7.0,85,True
628,4.0,5,1,98.5,0.0,42,False
629,19.8148148148148,0,6,82.7962962962963,0.0,1265,True
630,38.0,50,2,34.045454545454504,1.00109722403067,1449,True
631,7.0,28,1,3.0,25.0,2,False
632,26.0,0,1,3.0,0.0,10,True
633,5.0,6,1,2.0,5.0,88,True
634,50.6666666666667,21,1,1.0,7.0,42,False
635,43.2727272727273,52,3,35.7727272727273,0.500000628085881,837,True
636,9.0,32,1,0.0,20.0,2,False
637,12.0,31,1,5.0,28.0,4,False
638,6.0,32,1,13.0,29.0,0,False
639,13.0,33,1,3.0,21.0,1,False
640,12.0,127,1,61.0,21.0,60,False
641,109.0,2,1,7.0,2.0,1,False
642,2.0,33,1,8.0,30.0,6,True
643,20.6,165,1,24.2,61.0,18,True
644,17.0,34,1,11.0,31.0,9,False
645,15.0,35,1,23.4285714285714,32.0,469,True
646,42.4090909090909,53,3,11.227272727272696,0.500000628085881,265,True
647,15.0,36,1,13.0,33.0,126,True
648,7.33333333333333,37,1,16.6666666666667,34.0,5,False
649,16.0,166,1,7.0,62.0,2,True
650,1.5,38,1,37.0,35.0,20,True
651,12.0,18,2,18.0,0.99993896484375,10,True
652,112.0,131,1,0.0,73.0,73,False
653,40.1818181818182,1,3,43.0,0.333333333333333,474,True
654,16.5,39,1,3.0,36.0,54,True
655,42.8461538461538,134,3,63.7692307692308,0.541222126359395,186,True
656,19.75,40,1,9.5,37.0,189,True
657,56.0,41,1,1.0,38.0,12,False
658,9.33333333333333,19,1,19.0,16.0,50,True
659,35.3333333333333,56,2,10.3333333333333,1.00012397954196,6,False
660,21.61538461538461,26,3,16.538461538461494,0.606921637174361,308,True
661,19.0,3,1,46.0,1.0,189,False
662,6.0,34,1,92.0,22.0,3,True
663,1.0,43,1,27.0,40.0,8,False
664,22.1666666666667,2,2,97.6666666666667,0.0,255,True
665,22.375,168,1,31.75,64.0,152,True
666,41.1666666666667,142,1,71.6666666666667,76.0,43,True
667,9.95,20,1,96.1,17.0,214,True
668,1.5,35,1,20.5,23.0,48,False
669,26.5,8,1,23.0,8.0,19,False
670,7.5,1,1,107.0,0.0,2,False
671,25.6666666666667,9,1,21.3333333333333,9.0,57,True
672,11.5,22,1,34.0,19.0,1075,True
673,18.5555555555556,29,2,50.3333333333333,0.277088761329651,463,True
674,4.0,24,1,0.0,3.0,76,True
675,7.0,62,1,0.0,27.0,5,False
676,10.0,25,1,40.0,21.0,2,False
677,12.0909090909091,169,2,42.5909090909091,1.11060239855323e-06,642,True
678,17.0,37,1,39.7,24.0,277,True
679,20.6666666666667,26,1,40.3333333333333,22.0,12,False
680,6.0,27,1,0.5,23.0,156,False
681,10.0,28,1,8.0,24.0,2,True
682,1.0,4,1,232.0,0.0,2,False
683,115.0,1,1,20.0,0.0,1,False
684,5.0,0,1,196.0,0.0,21,True
685,39.0,7,1,47.0,0.0,1,False
686,7.0,102,1,2.0,22.0,1,False
687,20.0,0,1,142.0,0.0,77,True
688,2.0,45,1,19.0,42.0,0,False
689,27.142857142857103,1,1,21.857142857142897,1.0,19,False
690,6.0,2,1,133.666666666667,0.0,5,False
691,29.0,47,1,10.0,44.0,1,False
692,61.0,48,1,0.0,45.0,1,False
693,26.5,29,2,108.0,0.499938933178782,78,False
694,3.0,170,1,0.0,66.0,11,False
695,1.0,2,1,55.0,2.0,5,False
696,12.375,49,1,34.0,46.0,60,True
697,33.5,6,1,27.5,3.0,19,False
698,7.588235294117651,145,2,73.9411764705882,0.933101177155894,498,True
699,8.0,103,1,56.0,23.0,2,False
700,55.6666666666667,0,2,215.666666666667,0.0,3,False
701,8.0,38,1,37.6,25.0,16,False
702,27.6666666666667,63,2,75.8888888888889,1.00109722403067,321,True
703,116.0,0,1,18.0,0.0,2,False
704,8.5,31,2,18.5,0.500003873836249,164,True
705,3.1666666666666696,6,1,170.666666666667,1.0,58,False
706,42.4285714285714,2,2,40.8571428571429,0.25,106,True
707,59.0,147,1,15.0,79.0,41,True
708,25.2,42,1,16.8,28.0,309,True
709,9.0,7,1,89.25,2.0,539,True
710,6.83333333333333,9,1,123.833333333333,6.0,301,True
711,32.7469879518072,181,4,96.421686746988,0.140625003760094,435,True
712,64.0,43,1,1.0,29.0,4,True
713,4.5,8,1,5.0,3.0,43,False
714,13.5714285714286,51,1,35.5714285714286,48.0,226,True
715,4.2,52,1,36.0,49.0,222,True
716,20.0,32,1,34.0,28.0,2028,True
717,44.0,3,2,10.3333333333333,0.0,33,True
718,119.0,0,1,7.0,0.0,4,False
719,12.5,3,1,21.25,2.0,4,False
720,60.0,36,1,9.0,10.0,34,True
721,11.416666666666698,33,3,66.375,0.166672729845077,617,True
722,66.0,46,1,0.0,31.0,8,True
723,16.5,10,1,5.5,7.0,28,False
724,20.3333333333333,34,1,7.66666666666667,30.0,114,True
725,38.0,64,1,11.0,29.0,1,False
726,63.25,47,1,19.75,2.0,36,True
727,32.0,36,1,11.75,32.0,233,True
728,21.0,54,1,84.5,51.0,26,True
729,28.0,49,1,7.4,32.0,50,True
730,51.1428571428571,0,2,18.2857142857143,0.0,109,True
731,38.0,37,1,7.0,33.0,0,False
732,24.5,55,1,4.0,52.0,50,True
733,42.0,56,2,26.0,1.09375143051147,108,True
734,22.157894736842103,184,2,3.1052631578947403,0.625073144048366,241,True
735,23.7727272727273,61,4,106.0,0.333028161513611,484,True
736,3.0,0,1,3.0,0.0,6,False
737,8.52941176470588,3,5,240.941176470588,0.248,27,True
738,3.5,58,1,13.0,55.0,64,True
739,14.8888888888889,152,2,5.33333333333333,1.15951012159542,131,True
740,39.0,38,1,5.0,34.0,6,False
741,3.6666666666666696,65,2,131.13333333333298,1.00109722403067,551,True
742,2.0,0,1,234.0,0.0,29,True
743,9.0,0,1,71.0,0.0,3,False
744,21.125,60,1,43.625,57.0,431,True
745,1.0,107,1,257.0,25.0,60,False
746,24.88888888888889,189,3,80.7407407407407,0.25925947503889,458,True
747,20.0,66,1,50.0,31.0,3,False
748,3.0,0,1,108.5,0.0,44,False
749,8.0,12,2,16.0,0.808349609375,35,False
750,4.66666666666667,42,1,29.0833333333333,38.0,46,False
751,15.0,0,1,3.0,0.0,1,False
752,48.5,50,1,0.0,33.0,2,False
753,16.071428571428598,67,3,18.90476190476189,0.50003700592107,2462,True
754,1.0,63,1,3.0,60.0,29,True
755,7.17647058823529,0,1,156.588235294118,0.0,227,True
756,10.594202898550698,4,1,73.7101449275362,1.0,465,True
757,19.5416666666667,0,2,55.7083333333333,0.0,672,True
758,23.1358024691358,2,4,38.7037037037037,0.0,2184,True
759,14.5283018867925,51,3,29.188679245283,0.8148402174461321,1627,True
760,38.3,68,2,20.9,1.00109722403067,603,True
761,28.1666666666667,10,1,22.8333333333333,10.0,595,True
762,2.46666666666667,43,1,18.533333333333303,39.0,335,True
763,1.0,44,1,6.0,40.0,0,False
764,19.4,5,1,0.0,2.0,20,False
765,16.0,14,1,0.0,11.0,3,False
766,48.8,153,1,1.0,82.0,52,True
767,6.0,70,1,7.66666666666667,34.0,22,False
768,41.2931034482759,190,4,58.7931034482759,0.140625003760094,1049,True
769,69.3333333333333,154,2,0.666666666666667,0.933101177155894,2,False
770,7.0,52,2,15.5,0.0312501210646549,3,True
771,2.3333333333333304,0,1,125.666666666667,0.0,114,False
772,18.2777777777778,174,1,0.555555555555556,70.0,160,True
773,31.2608695652174,191,4,24.2608695652174,0.1406250037600969,636,True
774,32.0,175,1,8.0,71.0,2,True
775,42.454545454545496,156,2,4.81818181818182,1.15951012159542,211,True
776,9.72727272727273,66,2,6.0,1.09374856948853,87,True
777,3.925,67,1,20.45,64.0,2081,True
778,7.6,46,1,28.4,42.0,23,False
779,35.4444444444444,192,2,3.0,0.625073144048366,183,False
780,8.72727272727273,176,1,3.13636363636364,72.0,153,True
781,43.0,68,1,5.0,65.0,2,False
782,1.5,69,1,0.0,66.0,6,True
783,5.5,47,2,39.5,0.4999351203441551,43,True
784,5.571428571428571,3,3,11.2857142857143,0.0740740740740741,244,True
785,8.75,1,1,3.75,1.0,174,True
786,6.0,0,1,146.0,0.0,72,False
787,8.0,6,1,7.0,3.0,4,False
788,7.29166666666667,15,4,2.875,0.274724346585572,1779,True
789,9.0,49,1,64.5,45.0,49,False
790,21.5789473684211,177,2,10.7368421052632,1.11060239855323e-06,478,True
791,14.0,4,1,70.0,1.0,10,False
792,11.4285714285714,178,1,4.57142857142857,74.0,123,True
793,0.0,5,2,0.0,0.28125,466,True
794,6.0,70,1,6.0,67.0,6,False
795,10.4117647058824,2,1,12.1176470588235,2.0,324,True
796,3.0,52,2,6.888888888888888,0.499935120344165,34,False
797,11.9,179,1,28.5,75.0,87,True
798,17.307692307692303,54,1,9.92307692307692,36.0,99,False
799,30.88,194,2,84.88,0.625073144048366,217,True
800,42.25,158,2,23.25,1.15951012159542,250,True
801,17.5,6,4,7.1,0.10302734375,198,True
802,2.0,180,1,1.0,76.0,1,False
803,22.0,197,4,54.12,0.140625003760094,852,True
804,9.16666666666667,54,2,3.0,0.499935120344166,304,True
805,12.0,55,1,5.5454545454545485,51.0,396,False
806,29.0,0,1,0.0,0.0,4,False
807,18.0,56,1,8.6,52.0,1434,True
808,13.0,0,3,210.0,0.0,26,False
809,29.0,78,1,29.3333333333333,36.0,85,True
810,10.6666666666667,57,1,59.0,53.0,1043,True
811,30.7692307692308,8,2,7.076923076923079,0.21875,171,True
812,7.62068965517241,111,3,67.4137931034483,4.6070946289094095e-14,107,True
813,1.8,2,1,91.0,1.0,0,False
814,11.52,58,1,4.72,54.0,324,False
815,12.2222222222222,3,1,14.1111111111111,3.0,42,False
816,29.0,59,1,0.5,55.0,18,False
817,49.22222222222221,161,1,126.111111111111,87.0,90,True
818,19.0909090909091,72,1,28.0,69.0,1085,True
819,36.0,73,1,7.0,70.0,2,False
820,22.0,74,1,16.0,71.0,231,True
821,1.0,75,1,20.0,72.0,34,True
822,24.0,76,1,20.0,73.0,67,False
823,15.0,181,1,8.0,77.0,24,True
824,25.625,1,6,73.15625,0.166666666666667,602,True
825,27.642857142857103,163,2,37.8571428571429,1.15951012159542,110,True
826,26.0,11,1,10.0,11.0,88,False
827,2.0,77,1,20.0,74.0,30,True
828,1.25,78,1,9.25,75.0,246,True
829,22.285714285714302,79,1,13.357142857142902,76.0,76,True
830,25.0,0,1,2.0,0.0,32,True
831,13.0,184,1,4.0,79.0,1,True
832,13.0,0,1,12.0,0.0,1,False
833,7.0,48,1,5.0,20.0,23,False
834,41.0,0,1,0.0,0.0,7,False
835,8.0,56,2,13.5,0.0312501210646552,351,True
836,5.0,12,1,155.0,12.0,45,False
837,31.0,83,1,3.0,79.0,2,False
838,14.8,1,1,24.0,1.0,79,True
839,71.4,9,2,40.6,0.392578125,57,True
840,9.625,165,2,34.75,1.15951012159542,96,True
841,83.0,85,1,7.0,80.0,3,False
842,26.0,0,1,10.0,0.0,156,False
843,2.0,0,1,146.25,0.0,129,False
844,12.5714285714286,166,1,34.1428571428571,90.0,191,True
845,5.33333333333333,10,1,28.6666666666667,3.0,6,False
846,17.951807228915698,200,3,34.2289156626506,0.25925947503889,1681,True
847,13.8888888888889,88,1,23.11111111111111,82.0,401,True
848,10.1,1,1,344.2,0.0,34,True
849,5.8,11,3,27.2,0.123981777845518,6,False
850,4.66666666666667,2,1,318.33333333333303,0.0,6,False
851,4.0,169,1,24.0,92.0,13,False
852,5.0,170,2,189.285714285714,1.15951012159542,56,False
853,47.0,12,1,4.0,6.0,8,True
854,46.0,79,1,4.0,37.0,33,True
855,11.7213114754098,201,2,18.344262295082,0.625073144048366,253,True
856,84.0,61,1,8.0,40.0,4,False
857,15.5,1,1,111.75,1.0,56,False
858,75.0,0,1,27.0,0.0,1,False
859,28.0,4,2,34.5,0.5625,1,False
860,135.0,171,1,0.0,94.0,1,True
861,10.6666666666667,205,1,57.0,72.0,48,True
862,28.5,48,1,17.0,14.0,3,False
863,9.0,0,1,105.0,0.0,2,False
864,51.0,9,1,0.0,5.0,2,False
865,2.5,92,1,0.0,86.0,55,True
866,15.0,13,1,2.0,13.0,92,False
867,60.5,0,1,1.0,0.0,50,False
868,35.8421052631579,81,4,2.21052631578947,0.333336358267919,270,True
869,19.0,50,1,0.0,2.0,2,True
870,81.6666666666667,35,1,2.3333333333333304,11.0,153,True
871,12.333333333333302,64,2,10.3333333333333,0.0312501210646553,18,False
872,11.7777777777778,18,1,3.6666666666666696,2.0,42,True
873,35.3333333333333,3,4,14.666666666666698,0.0,224,False
874,31.25,6,1,3.75,3.0,128,True
875,26.0,172,1,0.6,95.0,105,True
876,3.0,93,1,7.0,87.0,14,True
877,89.0,0,1,5.0,0.0,4,False
878,11.0909090909091,173,3,12.6818181818182,0.541222126359395,668,False
879,83.0,174,1,2.6666666666666696,97.0,58,False
880,6.0,0,1,0.0,0.0,2,False
881,25.4285714285714,207,1,4.71428571428571,73.0,80,True
882,52.0,11,1,9.0,7.0,2,False
883,41.0,65,1,5.0,43.0,4,True
884,34.0,0,1,8.0,0.0,2,False
885,3.0,12,1,6.0,0.0,199,False
886,4.0,0,1,12.0,0.0,46,False
887,12.5,15,1,12.0,6.0,10,True
888,1.0,187,1,0.0,48.0,26,False
889,14.0,115,2,2.6666666666666696,1.50467105467673e-08,146,False
890,1.0,209,1,0.0,6.0,11,False
891,12.4,190,1,16.0,82.0,16,True
892,3.0,2,1,16.0,2.0,1,False
893,12.0,13,1,17.0,8.0,78,False
894,14.875,20,5,49.2916666666667,0.0352263300713546,168,True
895,21.2857142857143,95,6,20.5714285714286,0.204501028806586,289,True
896,6.66666666666667,96,1,12.833333333333302,90.0,167,True
897,4.0,97,1,21.0,91.0,0,False
898,43.5,65,1,7.5,57.0,64,False
899,3.0,98,1,16.0,92.0,13,True
900,21.0,66,1,0.0,58.0,27,False
901,7.5,2,2,35.25,0.0,487,False
902,22.4545454545455,191,1,16.727272727272698,83.0,179,True
903,6.0,100,1,22.0,94.0,4,True
904,6.5,212,1,14.0,76.0,33,True
905,63.25,7,1,5.25,4.0,51,True
906,42.0508474576271,37,4,13.830508474576302,0.255208332169237,1732,True
907,1.0,62,1,0.0,16.0,0,False
908,47.6666666666667,177,1,1.33333333333333,99.0,175,True
909,38.2,67,2,18.2,0.0312501210646553,188,True
910,36.5,4,1,1.0,2.0,9,False
911,17.25,25,3,16.75,0.0869491376125435,87,True
912,19.0,54,1,29.0,16.0,2,False
913,94.0,68,1,0.0,45.0,6,False
914,25.3076923076923,178,1,2.84615384615385,100.0,516,True
915,29.6666666666667,14,1,20.6666666666667,14.0,178,True
916,34.0,69,1,9.0,46.0,7,False
917,56.75,8,2,6.75,0.73046875,26,True
918,45.0,82,1,6.0,39.0,4,False
919,35.6666666666667,215,1,0.0,78.0,29,False
920,10.0,68,1,33.0,60.0,243,False
921,15.25,9,1,28.0,1.0,80,True
922,48.2,7,2,0.0,0.546875,61,True
923,19.6363636363636,70,2,26.1818181818182,0.0312501210646553,354,True
924,9.0,69,1,29.552631578947395,61.0,229,True
925,6.0,70,1,5.0,62.0,73,False
926,19.5,116,2,4.25,0.3829851610429099,17,False
927,38.0,10,1,1.0,2.0,10,False
928,7.6,15,1,31.4,9.0,16,False
929,3.0,102,1,36.0,95.0,20,False
930,8.5,216,2,0.0,0.625073144048366,6,False
931,36.0,71,1,2.0,48.0,1,False
932,25.3913043478261,9,3,18.521739130434803,0.3387186912564139,641,True
933,3.0,16,1,22.5,10.0,8,False
934,34.5,73,2,19.25,0.50054547196487,515,True
935,62.0,39,2,13.0,0.624954462169626,135,True
936,37.2105263157895,32,2,17.9473684210526,0.95602026511915,278,True
937,8.25,7,2,125.5,0.7734375,119,False
938,47.8181818181818,181,2,7.4545454545454515,1.15951012159542,609,True
939,70.75,104,2,15.0,1.09375143051147,59,True
940,8.0,105,1,38.75,98.0,75,True
941,100.0,76,1,6.0,66.0,4,False
942,4.5,4,1,28.5,4.0,3,False
943,17.6666666666667,77,1,36.4444444444444,67.0,277,True
944,11.0,371,1,2.0,0.0,4,False
945,12.1176470588235,79,1,36.3823529411765,69.0,243,True
946,10.0,1,1,51.0,1.0,1,False
947,1.6666666666666698,223,2,16.0,0.625073144048366,14,False
948,12.0,372,1,1.0,1.0,14,False
949,14.0,0,1,55.0,0.0,110,True
950,40.9,81,1,14.4,70.0,547,True
951,21.465517241379303,106,4,32.1206896551724,0.031250000005457,4452,True
952,29.457142857142895,10,4,16.8285714285714,0.251195907592773,2515,True
953,49.0,40,1,29.0,15.0,41,True
954,40.3333333333333,82,1,3.88888888888889,71.0,788,True
955,13.8888888888889,192,1,26.7777777777778,84.0,84,True
956,38.5,83,1,24.5,72.0,15,False
957,22.71794871794869,0,4,20.7692307692308,0.0,1167,True
958,18.692307692307697,186,1,1.69230769230769,102.0,443,True
959,13.1111111111111,108,2,3.3333333333333304,0.1250038146972659,149,False
960,1.0,3,1,1.0,1.0,19,False
961,19.2307692307692,75,1,44.2692307692308,51.0,3793,True
962,28.5,229,2,28.25,0.250067768813908,1,False
963,23.0,77,1,5.0,53.0,4,False
964,16.5,86,1,39.5,7.0,592,True
965,25.0,0,1,11.5,0.0,72,True
966,9.0,12,1,25.5,6.0,16,True
967,3.2,4,1,31.6,1.0,283,True
968,80.0,41,1,3.0,16.0,43,True
969,37.125,188,2,23.625,1.15951012159542,840,True
970,42.8,13,2,4.0,0.5599365234375,906,True
971,44.0,36,1,4.0,7.0,7,True
972,14.4,89,2,15.2,1.00109722403067,5,False
973,36.23076923076921,189,2,5.3846153846153895,1.15951012159542,315,True
974,20.15,4,1,31.025,4.0,947,True
975,1.0,119,1,37.0,28.0,41,False
976,38.5862068965517,235,2,39.4137931034483,0.625073144048366,230,True
977,14.0,0,1,75.0,0.0,14,False
978,34.1379310344828,237,2,6.68965517241379,0.625073144048366,221,True
979,25.8,190,2,2.6,1.15951012159542,6,False
980,22.142857142857103,91,3,37.8571428571429,0.50003700592107,156,True
981,91.0,195,1,3.0,50.0,1,False
982,33.9090909090909,114,2,16.0454545454545,0.1250038146972659,752,True
983,7.5,0,1,25.0,0.0,15,True
984,10.0,1,1,74.0,1.0,120,True
985,27.52,88,2,18.12,0.999944657087326,1812,True
986,1.625,121,1,34.125,29.0,1350,True
987,1.6,38,1,10.8,15.0,16,True
988,28.2,14,2,1.5,0.56005859375,806,True
989,29.2307692307692,196,3,6.0,0.499999997713617,157,True
990,12.4888888888889,39,3,28.0666666666667,0.099767325632148,3472,True
991,6.857142857142861,55,2,47.28571428571429,0.535186686912385,1685,True
992,21.53846153846149,240,4,15.6153846153846,0.1406250037600969,2271,True
993,25.0,115,1,5.0,100.0,11,False
994,89.0,15,1,2.0,9.0,8,True
995,35.5,10,2,23.6666666666667,0.9990234375,105,True
996,5.77777777777778,6,4,72.5,0.000244140625,828,True
997,5.11764705882353,9,3,38.6470588235294,0.0555301529238429,2044,True
998,44.31578947368421,5,4,14.684210526315804,0.1455078125,128,True
999,1.5,122,1,1.0,30.0,826,True
1000,12.0,89,1,1.0,7.0,3,True
1001,32.0,17,2,1.4,0.560142517089844,140,True
1002,19.9285714285714,63,2,16.2142857142857,0.0001431731730152,701,True
1003,5.0,11,1,82.0,5.0,1,False
1004,2.75,56,1,52.75,18.0,307,True
1005,6.63636363636364,198,2,6.0,1.15951012159542,306,True
1006,31.0,5,1,11.0,5.0,38,False
1007,21.2083333333333,201,3,21.75,0.541222126359395,285,True
1008,4.0,40,1,6.0,17.0,0,False
1009,6.0,20,1,12.0,12.0,20,True
1010,36.2727272727273,202,2,4.0,1.15951012159542,178,True
1011,45.6,92,1,22.0,78.0,166,True
1012,51.25,118,2,1.125,0.1250038146972659,246,True
1013,59.0,246,2,2.0,0.625073144048366,4,False
1014,16.0,0,1,53.0,0.0,12,False
1015,48.7692307692308,3,3,15.3076923076923,0.555555555555555,498,True
1016,31.0909090909091,203,3,11.1363636363636,0.541222134102919,490,True
1017,79.75,119,2,4.25,0.1250038146972659,99,True
1018,19.2857142857143,247,1,6.28571428571429,92.0,77,True
1019,17.1111111111111,10,4,21.6666666666667,0.0039081573486328,731,True
1020,5.0,41,2,11.75,0.394963523206115,273,True
1021,27.75,204,2,5.83333333333333,1.15951012159542,259,True
1022,87.0,65,1,2.0,18.0,123,True
1023,29.3333333333333,1,1,9.66666666666667,1.0,111,True
1024,55.8333333333333,120,2,4.0,0.1250038146972659,266,True
1025,10.0425531914894,42,3,2.82978723404255,0.099767325632148,416,True
1026,20.0,206,2,23.3076923076923,1.15951012159542,504,True
1027,31.0,93,2,24.5,0.4999389360309579,167,True
1028,4.71428571428571,0,2,49.71428571428571,0.0,176,False
1029,39.3125,253,4,18.21875,0.140625003760094,226,True
1030,31.6,207,1,1.5,117.0,162,True
1031,1.2,13,1,28.8,7.0,219,True
1032,48.8888888888889,254,2,2.88888888888889,0.625073144048366,201,True
1033,11.9,22,4,14.0,0.318823421699847,706,True
1034,41.6,94,2,138.6,0.500003874534741,823,True
1035,23.25,43,3,9.875,0.123988053873271,137,True
1036,53.0,200,1,0.0,52.0,1,True
1037,34.5333333333333,208,2,3.2666666666666697,1.15951012159542,157,True
1038,9.1875,209,2,3.375,1.15951012159542,605,True
1039,22.7272727272727,0,2,42.63636363636361,0.0,128,False
1040,9.33333333333333,210,1,23.3333333333333,120.0,83,False
1041,54.5,2,2,0.0,0.75,47,False
1042,57.3333333333333,24,2,1.16666666666667,0.560154974460602,141,False
1043,18.0,25,1,0.0,16.0,1,False
1044,54.0,11,2,3.25,0.12646484375,46,True
1045,18.25,44,4,28.0,0.0836880962317683,44,True
1046,10.0,0,1,35.0,0.0,9,False
1047,11.0,258,1,1.0,98.0,0,False
1048,16.25,259,4,3.75,0.0625000037443944,50,False
1049,51.6315789473684,213,2,10.0,1.15951012159542,323,True
1050,7.5,261,4,6.75,0.0625000037443944,65,False
1051,23.0,101,1,55.0,45.0,56,True
1052,6.75,102,1,68.125,46.0,252,True
1053,21.0,18,1,24.0,17.0,2,False
1054,1.0,202,1,5.0,86.0,0,False
1055,83.3333333333333,216,2,9.93333333333333,1.15951012159542,332,True
1056,17.75,45,2,4.75,0.394963523206883,216,True
1057,34.0,28,2,1.0,0.0156153365969658,242,True
1058,26.2,46,2,38.45,0.394963523206911,397,True
1059,9.0,97,1,7.0,81.0,8,False
1060,11.2222222222222,80,1,27.5555555555556,54.0,372,True
1061,2.0,98,1,1.0,82.0,1,False
1062,25.5714285714286,99,3,3.85714285714286,0.166672727263897,813,True
1063,3.0,100,1,0.0,84.0,3,False
1064,2.0,6,1,102.0,6.0,11,False
1065,22.5,220,1,2.0,125.0,133,True
1066,27.3333333333333,221,1,7.0,126.0,111,True
1067,47.454545454545496,222,2,3.54545454545455,1.15951012159542,288,True
1068,61.0,0,1,6.0,0.0,39,False
1069,1.0,14,1,26.0,8.0,2,False
1070,0.0,15,1,0.0,9.0,241,False
1071,46.0,48,1,9.5,24.0,17,True
1072,4.8,49,2,12.0,0.394963523206927,4,False
1073,4.25,266,1,28.5,102.0,54,False
1074,42.0,101,1,12.333333333333302,85.0,270,True
1075,93.0,224,1,7.0,128.0,46,True
1076,2.6666666666666696,225,2,5.33333333333333,2.2965006674811197e-13,43,False
1077,2.6153846153846203,269,4,3.20512820512821,0.140625003760094,173,True
1078,47.0,19,1,7.0,18.0,8,False
1079,52.5,34,1,2.0,20.0,9,False
1080,44.125,226,1,2.0,129.0,341,True
1081,25.5454545454545,5,2,69.3636363636364,0.96875,32,False
1082,37.875,228,2,11.75,1.15951012159542,151,True
1083,2.0,6,1,108.0,6.0,0,False
1084,21.9545454545455,270,3,9.81818181818182,0.25925947503889,251,True
1085,52.9333333333333,230,2,14.4666666666667,1.15951012159542,663,True
1086,131.0,36,1,5.5,22.0,143,False
1087,115.0,0,1,3.0,0.0,1,False
1088,42.8333333333333,231,1,4.0,134.0,48,False
1089,12.0,126,1,112.0,101.0,1,False
1090,18.3333333333333,81,3,29.5,0.0020578454850922,438,False
1091,48.0,208,1,5.0,88.0,3,False
1092,9.0,129,1,31.4444444444444,33.0,313,True
1093,10.75,209,1,40.0,89.0,4,False
1094,7.5,9,1,73.5,9.0,15,False
1095,1.0,10,1,14.0,10.0,16,False
1096,116.0,106,1,2.0,89.0,2,False
1097,8.0,11,1,15.0,11.0,50,False
1098,25.5,12,1,8.0,12.0,74,True
1099,9.0,274,1,38.75,106.0,104,True
1100,34.9090909090909,210,1,34.9090909090909,90.0,94,True
1101,9.25,109,2,36.125,0.499935120344166,391,True
1102,70.5,40,2,25.0,0.5601550628198311,26,False
1103,83.3333333333333,235,2,14.333333333333302,1.15951012159542,68,False
1104,16.423076923076902,5,2,54.2692307692308,0.96875,612,True
1105,34.7272727272727,236,2,13.272727272727304,1.15951012159542,462,True
1106,26.75,277,2,16.25,0.625073144048366,14,False
1107,76.3333333333333,111,1,10.3333333333333,91.0,254,True
1108,14.0,17,1,29.0,11.0,68,False
1109,51.0,128,1,6.0,103.0,0,False
1110,38.0,7,1,45.0,7.0,7,True
1111,6.5,4,1,66.0,2.0,42,False
1112,6.0,211,1,30.0,91.0,107,False
1113,14.0,1,1,36.0,0.0,18,False
1114,48.0,2,1,1.0,1.0,28,False
1115,30.375,85,1,83.625,57.0,808,True
1116,28.0,86,1,41.0,58.0,4,False
1117,13.0,87,1,13.0,59.0,6,False
1118,13.8,89,1,46.4666666666667,60.0,403,False
1119,33.0,20,1,27.5,19.0,61,True
1120,6.0,0,1,28.0,0.0,1,False
1121,55.0,8,1,41.0,1.0,3,False
1122,14.0,0,1,21.0,0.0,2,False
1123,7.5,5,1,16.0,3.0,7,False
1124,27.0,282,1,0.0,109.0,0,False
1125,5.0,9,1,129.0,0.0,44,True
1126,15.870967741935502,63,4,75.4032258064516,0.12506109575503,419,True
1127,2.0,3,1,35.0,0.0,11,False
1128,17.5,117,2,17.75,0.50054547196487,1012,True
1129,61.6,64,3,35.4,0.608824943948822,327,True
1130,20.0,0,1,63.0,0.0,2,False
1131,2.0,0,1,1.0,0.0,73,False
1132,16.0,5,1,57.0,0.0,10,False
1133,28.052631578947395,118,1,30.052631578947395,97.0,3016,True
1134,7.33333333333333,215,2,26.1666666666667,1.1580833766305099e-23,214,False
1135,51.26315789473679,44,3,8.684210526315791,0.3518517589932921,151,True
1136,23.157894736842103,3,3,55.5789473684211,0.148148148148148,1446,True
1137,32.5,21,1,1.0,20.0,47,True
1138,50.7,133,2,15.2,0.9687485694885252,331,True
1139,34.5,22,1,10.0,21.0,63,False
1140,25.6666666666667,239,1,52.3333333333333,139.0,58,True
1141,52.0,0,1,0.0,0.0,3,False
1142,15.0,134,1,149.0,107.0,99,False
1143,18.4583333333333,119,2,24.25,0.4999389360309579,1480,True
1144,15.8314606741573,120,2,66.59550561797751,0.4999389360309579,3119,True
1145,11.176470588235302,0,1,1.0,0.0,225,False
1146,36.5,1,1,3.5,1.0,96,False
1147,11.0,217,1,49.0,94.0,14,True
1148,18.0,218,2,2.4523809523809503,1.1580833766305099e-23,216,True
1149,18.733333333333302,91,2,50.1333333333333,0.0019531093994177,552,True
1150,4.0,7,1,2.0,3.0,50,False
1151,36.0,4,1,48.0,1.0,42,True
1152,10.0,6,1,138.0,0.0,241,True
1153,21.5,24,1,25.0,23.0,139,True
1154,28.0,25,1,10.0,24.0,52,True
1155,12.25,53,2,45.5,0.198616657661797,99,True
1156,6.0,10,2,51.3333333333333,0.0380859375,44,True
1157,13.333333333333302,138,1,91.5,35.0,66,True
1158,29.0,26,1,2.0,25.0,95,True
1159,26.2083333333333,137,1,29.5833333333333,109.0,2038,True
1160,13.1904761904762,220,4,4.90476190476191,3.63886698551141e-12,1317,True
1161,5.33333333333333,138,1,49.6666666666667,110.0,886,True
1162,12.0,245,1,29.3333333333333,142.0,132,False
1163,67.0,114,2,13.0,1.00109722403067,181,True
1164,21.6666666666667,11,2,6.33333333333333,0.02880859375,262,True
1165,54.4444444444444,247,1,46.8888888888889,143.0,147,True
1166,2.0,55,1,117.0,28.0,28,True
1167,4.55555555555556,139,1,62.5555555555556,111.0,197,True
1168,27.6849315068493,296,4,85.1780821917808,0.395814184425281,505,True
1169,49.2,248,3,28.4,0.541222126359395,628,True
1170,7.5,10,2,50.5,1.060546875,15,False
1171,6.28571428571429,140,1,56.78571428571429,112.0,769,True
1172,61.6666666666667,95,1,21.3333333333333,62.0,84,True
1173,26.3703703703704,141,1,13.6296296296296,113.0,2043,True
1174,33.2,250,1,85.0,145.0,299,True
1175,68.3333333333333,115,2,7.0,1.00109722403067,35,False
1176,29.6346153846154,251,2,78.69230769230771,1.15951012159542,685,True
1177,56.71428571428571,7,2,19.8571428571429,0.53125,103,True
1178,6.21052631578947,143,1,41.894736842105296,114.0,883,True
1179,5.33333333333333,144,1,12.0,115.0,98,True
1180,32.4,223,1,28.9,97.0,485,True
1181,17.6,2,1,42.2,2.0,84,True
1182,21.0,11,1,3.0,9.0,55,True
1183,29.6923076923077,224,1,5.0,98.0,112,True
1184,34.4,225,2,8.4,1.1580833766305099e-23,59,False
1185,52.3333333333333,33,1,45.6666666666667,10.0,15,True
1186,2.0,116,1,71.0,53.0,172,True
1187,1.0,61,1,6.0,8.0,7,False
1188,36.5,0,1,19.5,0.0,56,False
1189,17.0,62,1,3.5,31.0,74,True
1190,30.5471698113208,48,3,30.9622641509434,0.351851758961426,2399,True
1191,36.25,1,1,7.25,1.0,410,True
1192,25.9090909090909,122,2,20.727272727272695,0.999944657087326,58,True
1193,58.1111111111111,4,4,10.3333333333333,0.37109375,240,False
1194,18.692307692307697,148,2,27.92307692307689,0.999999046325684,215,False
1195,26.2222222222222,149,1,36.8888888888889,119.0,732,False
1196,12.5,0,1,108.5,0.0,36,False
1197,72.3333333333333,228,1,25.6666666666667,101.0,17,False
1198,32.2857142857143,229,2,11.4285714285714,1.1580833766305099e-23,16,True
1199,35.4,150,2,0.0,0.999999046325684,287,False
1200,4.68965517241379,151,2,23.724137931034495,0.999999046325684,1716,True
1201,0.88,63,2,22.76,0.330605506897037,993,False
1202,3.5,230,1,0.0,103.0,132,True
1203,134.0,0,1,0.0,0.0,4,False
1204,10.0,300,2,144.0,0.250067768813679,8,False
1205,2.0,15,1,108.0,6.0,27,False
1206,10.3333333333333,154,2,12.1111111111111,0.999999046325684,544,False
1207,21.1666666666667,155,2,12.333333333333302,0.999999046325684,366,True
1208,50.0,118,2,14.8,1.00109722403067,762,True
1209,17.818181818181802,156,2,9.90909090909091,0.999999046325684,683,False
1210,0.5,0,1,7.0,0.0,98,False
1211,13.666666666666698,64,1,14.666666666666698,32.0,7,False
1212,31.0,119,1,2.0,55.0,3,False
1213,23.6666666666667,159,1,2.0,129.0,57,False
1214,49.148148148148096,2,4,31.7407407407407,0.3125,206,True
1215,69.0,2,1,0.0,2.0,13,False
1216,31.25,160,1,1.75,130.0,51,False
1217,21.5,30,1,3.0,27.0,45,False
1218,5.0,31,1,4.0,28.0,72,False
1219,32.75,161,1,1.75,131.0,400,False
1220,55.0,0,1,42.0,0.0,1,False
1221,41.4285714285714,304,4,70.14285714285711,0.333314180680887,69,True
1222,14.877551020408196,252,3,64.6326530612245,0.541222134102919,1398,True
1223,115.0,67,1,2.0,22.0,1,False
1224,61.8,253,1,7.6,148.0,46,True
1225,37.4,305,2,47.8,0.625073144048366,17,False
1226,40.9,121,3,38.5,0.500037005921065,416,True
1227,25.9655172413793,122,3,29.5862068965517,0.50003700592107,1017,True
1228,14.0,45,1,6.0,26.0,2,False
1229,21.52941176470589,3,1,16.8039215686275,0.0,466,True
1230,1.0,13,1,195.0,0.0,22,False
1231,74.0,306,3,34.6666666666667,0.351645839257614,20,False
1232,17.1428571428571,165,1,7.0,134.0,515,False
1233,96.0,0,1,0.0,0.0,2,False
1234,7.5,166,1,36.25,135.0,91,True
1235,15.0,125,1,74.0,11.0,2,False
1236,68.0,0,1,9.0,0.0,2,False
1237,14.555555555555598,167,1,11.8888888888889,136.0,443,True
1238,164.0,16,1,7.0,7.0,3,False
1239,27.0,126,1,0.0,102.0,1,False
1240,8.28571428571429,168,1,4.0,137.0,361,False
1241,73.0,169,1,1.0,138.0,15,False
1242,118.0,311,1,4.0,116.0,5,False
1243,40.105263157894704,128,3,37.3684210526316,0.500000013769807,251,True
1244,43.0,171,1,7.0,139.0,64,False
1245,37.5,172,1,0.0,140.0,2,False
1246,12.333333333333302,0,1,122.666666666667,0.0,101,True
1247,34.4090909090909,68,2,61.0909090909091,0.535186686912386,496,True
1248,47.954545454545496,46,2,19.0454545454545,0.5601550628210961,651,True
1249,33.0,4,2,26.72,0.8125,1258,True
1250,63.0,5,1,0.0,3.0,1,True
1251,7.3,173,1,0.5,141.0,816,False
1252,41.3125,313,2,3.5625,0.625073144048366,212,True
1253,38.8421052631579,17,3,42.47368421052629,0.611116752268618,235,True
1254,64.0,1,1,0.0,0.0,6,True
1255,26.0,47,2,76.75,0.5601550628211099,34,False
1256,34.6666666666667,129,1,21.0,105.0,147,True
1257,19.0,0,1,64.5,0.0,46,True
1258,5.5,314,2,43.0,0.625073144048366,209,True
1259,14.4615384615385,125,1,12.4615384615385,61.0,506,True
1260,6.25,14,1,49.375,6.0,711,True
1261,17.6666666666667,32,3,54.3333333333333,0.499999997418776,103,True
1262,34.9523809523809,256,2,30.3333333333333,1.15951012159542,243,True
1263,45.3333333333333,50,2,3.3333333333333304,0.609741598573168,51,False
1264,8.95454545454546,15,2,46.5454545454545,0.037872314453125,1567,True
1265,6.33333333333333,18,1,88.0,11.0,126,True
1266,46.75,0,2,51.0,0.0,17,False
1267,12.0,176,1,0.0,143.0,1,False
1268,12.5,16,2,0.875,0.03790283203125,273,True
1269,24.733333333333302,133,1,12.4666666666667,108.0,479,True
1270,31.0,134,1,0.0,109.0,30,False
1271,7.125,177,1,6.0,144.0,26,False
1272,35.6666666666667,316,2,2.0,0.250067768813908,9,True
1273,9.428571428571429,35,2,130.428571428571,0.9999999990395742,24,False
1274,39.5,135,3,40.8333333333333,0.166672944087301,615,True
1275,19.05,136,1,66.15,111.0,288,False
1276,17.8333333333333,17,1,5.33333333333333,9.0,540,True
1277,37.8333333333333,318,3,46.1666666666667,0.6109053142965041,90,True
1278,24.26666666666669,259,5,61.1888888888889,0.2583206186677569,116,True
1279,18.888888888888896,131,2,15.1111111111111,0.0493664962445821,74,True
1280,42.4117647058824,319,3,35.6470588235294,0.25925947503889,78,True
1281,53.0,6,2,50.6666666666667,0.875,302,True
1282,29.92307692307689,18,4,2.84615384615385,0.0003217471094103,454,True
1283,4.33333333333333,180,2,21.0,0.999999046325684,28,True
1284,7.5,137,1,16.0,112.0,77,False
1285,5.2,181,1,6.0,147.0,154,True
1286,14.5384615384615,19,1,5.07692307692308,11.0,704,False
1287,21.4,233,3,50.8,2.9873230920378103e-10,7,True
1288,2.0,19,1,127.0,12.0,37,False
1289,34.0,0,1,8.0,0.0,2,False
1290,79.4285714285714,37,3,7.428571428571429,0.384773631577357,145,True
1291,13.375,182,1,8.79166666666667,148.0,330,False
1292,13.5,234,1,4.0,106.0,5,False
1293,53.3333333333333,141,1,2.6666666666666696,116.0,74,True
1294,25.3636363636364,65,2,23.7272727272727,0.3949635232069289,125,True
1295,12.4375,260,1,16.125,154.0,182,False
1296,4.0,142,1,3.0,117.0,24,False
1297,12.666666666666698,52,3,129.666666666667,0.130086868385889,109,True
1298,62.5,261,2,17.625,1.15951012159542,96,True
1299,16.0,143,1,4.66666666666667,118.0,63,False
1300,12.0,144,1,3.0,119.0,18,True
1301,26.2083333333333,139,3,24.9583333333333,0.536978498478291,206,True
1302,62.0,37,1,9.0,33.0,3,False
1303,5.0,54,1,28.0,7.0,6,False
1304,4.66666666666667,146,2,73.0,0.999944657087326,96,False
1305,30.0,0,1,15.0,0.0,1,False
1306,22.6,237,2,28.2,1.1580833766305099e-23,40,True
1307,142.0,147,1,9.0,122.0,1,False
1308,28.8,262,1,20.6,156.0,7,False
1309,5.0,183,1,121.5,149.0,33,False
1310,4.0,40,1,89.0,13.0,5,False
1311,126.0,0,1,2.0,0.0,1,False
1312,94.5,324,1,10.5,123.0,8,False
1313,2.0,20,1,140.0,13.0,209,True
1314,5.0,135,1,4.8,65.0,104,False
1315,15.0,1,1,32.0,0.0,2,False
1316,64.0,148,1,6.0,123.0,6,False
1317,0.0,2,1,0.0,1.0,181,True
1318,17.0,2,1,9.0,1.0,96,True
1319,52.6666666666667,239,1,6.33333333333333,109.0,27,True
1320,40.9,328,2,49.0333333333333,0.375005375234687,371,True
1321,16.0,331,1,26.0,124.0,26,False
1322,33.25,149,3,26.6875,0.4999997969464029,263,True
1323,64.625,263,2,19.5,1.15951012159542,168,False
1324,11.4,38,1,42.0,34.0,14,False
1325,32.05,0,7,116.675,0.0,55,False
1326,13.0,151,1,49.0,126.0,86,True
1327,8.5,244,1,131.0,111.0,46,True
1328,19.307692307692303,140,5,93.3846153846154,0.0480128010226364,924,True
1329,16.0,245,1,59.0,112.0,0,False
1330,15.666666666666698,0,1,26.3333333333333,0.0,93,True
1331,14.0,246,1,0.0,113.0,1,True
1332,1.0,141,1,6.0,6.0,21,False
1333,94.0,247,2,31.5,0.99999721998779,1,False
1334,10.625,11,2,15.25,0.33642578125,587,True
1335,4.2,68,3,7.9,0.118940847011485,747,True
1336,1.33333333333333,0,1,261.0,0.0,6,False
1337,9.0,154,1,50.0,129.0,11,False
1338,3.0,0,1,263.0,0.0,1,False
1339,44.75,248,2,79.75,1.11060239855323e-06,172,True
1340,1.0,142,1,265.0,37.0,22,False
1341,6.0,4,1,266.0,1.0,10,False
1342,19.0909090909091,7,2,76.6363636363636,0.0078125,134,True
1343,5.0,156,1,72.0,131.0,1,False
1344,9.5,1,1,164.0,0.0,52,True
1345,64.0,0,1,4.0,0.0,1,False
1346,80.44444444444441,345,2,35.4444444444444,0.625073144048366,144,True
1347,10.5,3,1,3.0,0.0,22,True
1348,36.0,157,1,7.0,132.0,2,False
1349,29.28,249,1,37.6,115.0,912,True
1350,7.5,250,1,42.5,116.0,30,False
1351,0.6363636363636359,70,2,4.5454545454545485,0.330605506897037,1054,True
1352,11.0,3,1,105.53846153846202,3.0,589,True
1353,58.75,159,1,49.75,14.0,123,True
1354,22.857142857142897,265,1,54.57142857142861,158.0,232,True
1355,63.0,160,2,5.5,0.999944657087326,4,False
1356,8.0,40,1,12.0,36.0,2,False
1357,26.0,251,2,31.90476190476189,1.11060239855323e-06,725,True
1358,19.7777777777778,1,3,41.4444444444444,0.333333333333333,835,True
1359,7.0,6,1,63.0,2.0,39,False
1360,67.375,347,2,37.375,0.625073144048366,135,True
1361,30.8695652173913,161,4,31.4347826086957,0.333333582975076,744,True
1362,27.5666666666667,162,2,52.2,0.999944657087326,862,True
1363,37.9473684210526,350,2,64.10526315789471,0.625073144048366,513,True
1364,14.75,49,2,227.0,0.0018377403054614,82,False
1365,14.0,185,1,36.0,151.0,1,False
1366,21.0,186,1,4.5,152.0,52,True
1367,11.0,187,1,18.6666666666667,153.0,19,False
1368,10.4444444444444,71,1,99.4444444444444,6.0,9,False
1369,25.3333333333333,0,1,36.0,0.0,350,True
1370,125.333333333333,163,2,23.3333333333333,0.999944657087326,29,False
1371,16.25,61,1,39.75,24.0,121,True
1372,7.0,164,1,14.0,138.0,43,False
1373,23.5,165,1,21.0,139.0,12,False
1374,21.25,41,2,19.25,0.9999961806393,267,True
1375,24.5217391304348,253,3,32.2173913043478,0.499999997713617,736,True
1376,37.2941176470588,374,2,27.647058823529395,0.925609526224434,340,True
1377,14.0,1,1,143.428571428571,0.0,22,False
1378,12.5,255,2,1.5,1.1580833766305099e-23,58,False
1379,18.0,1,1,146.5,1.0,13,False
1380,6.66666666666667,0,1,181.666666666667,0.0,8,False
1381,3.75,1,1,221.75,1.0,19,False
1382,76.0,169,1,0.0,142.0,48,False
1383,14.0,0,1,30.75,0.0,53,False
1384,7.0,144,1,91.0,2.0,3,False
1385,30.044776119403,354,2,14.865671641791,0.375005375234687,684,True
1386,10.0,143,3,120.235294117647,0.148606118536294,268,True
1387,8.0,144,1,132.0,2.0,4,False
1388,18.8421052631579,258,1,68.8421052631579,121.0,135,True
1389,10.625,259,1,29.5,122.0,1104,True
1390,27.0,51,4,65.3333333333333,0.269856770775126,3910,True
1391,18.9545454545455,13,1,108.818181818182,13.0,830,False
1392,11.0,260,1,26.6666666666667,123.0,129,False
1393,78.75,171,2,53.75,0.999944657087326,28,False
1394,19.0,172,1,62.0,20.0,2,False
1395,10.5,5,1,52.0,0.0,35,False
1396,26.0,261,1,7.0,124.0,90,False
1397,175.0,5,1,30.0,3.0,1,False
1398,5.0,0,1,323.0,0.0,10,False
1399,15.8421052631579,262,1,117.526315789474,125.0,281,False
1400,45.6,269,1,123.6,161.0,98,True
1401,1.0,174,1,20.0,145.0,9,False
1402,40.92682926829272,146,3,62.9756097560976,0.50003700592107,2294,True
1403,1.0,9,1,10.0,1.0,1,False
1404,6.0,175,1,5.0,146.0,16,False
1405,34.0833333333333,43,1,46.9166666666667,39.0,100,False
1406,72.0,14,1,10.0,14.0,4,False
1407,9.0,0,1,25.0,0.0,1,False
1408,177.0,0,1,1.0,0.0,4,False
1409,8.5,1,2,230.5,0.5,10,False
1410,31.0,2,2,43.0,0.0,5,False
1411,14.5,79,1,185.75,24.0,5,False
1412,0.0,0,1,0.0,0.0,3,False
1413,24.157894736842103,177,6,75.1578947368421,0.200000005653155,2943,True
1414,11.666666666666698,264,1,43.3333333333333,127.0,70,False
1415,46.5,1,1,26.5,1.0,59,False
1416,55.8571428571429,150,2,2.71428571428571,1.00109722403067,343,True
1417,69.0,265,1,0.0,128.0,23,False
1418,26.0666666666667,3,5,64.0,0.248,798,True
1419,28.5,44,1,130.75,40.0,197,True
1420,17.0,266,1,10.0,129.0,8,False
1421,17.0,4,2,45.8333333333333,0.4375,163,True
1422,11.6279069767442,21,3,79.11627906976742,0.0020078548584742,4479,True
1423,42.7727272727273,80,2,12.5,0.535186686912386,941,True
1424,22.0,267,1,133.5,130.0,36,True
1425,47.0,1,1,15.0,0.0,75,False
1426,27.6666666666667,152,2,20.8333333333333,1.00109722403067,341,True
1427,1.0,1,1,340.0,1.0,9,False
1428,41.3170731707317,153,3,64.4390243902439,0.50003700592107,1574,True
1429,54.8,73,2,24.76,0.3949635232069289,3329,True
1430,7.5,22,1,74.25,4.0,66,False
1431,58.4,11,2,6.6,0.875,237,True
1432,13.6,1,2,153.7,0.0,18,False
1433,5.13333333333333,155,1,15.5333333333333,72.0,193,True
1434,8.0,1,1,224.0,1.0,5,False
1435,117.5,270,1,14.0,133.0,161,False
1436,7.66666666666667,46,2,50.0,0.999996180639968,143,False
1437,5.0,2,1,131.0,1.0,2,False
1438,11.727272727272696,180,1,62.63636363636361,148.0,200,True
1439,2.5,182,1,1.0,149.0,188,True
1440,8.428571428571429,23,1,44.0,13.0,520,True
1441,18.0,3,1,129.0,2.0,21,False
1442,74.0,0,1,11.0,0.0,2,False
1443,8.66666666666667,12,2,102.0,1.061767578125,22,False
1444,65.0,157,1,4.0,73.0,26,False
1445,1.0,24,1,13.0,14.0,132,True
1446,15.2857142857143,0,2,12.5714285714286,0.0,35,True
1447,69.0,6,1,8.0,4.0,2,False
1448,3.0,11,1,10.0,2.0,1,False
1449,58.0,274,2,84.23076923076921,1.15951012159542,955,True
1450,24.6666666666667,47,2,4.66666666666667,1.18749618063895,81,False
1451,57.3333333333333,158,3,14.166666666666698,0.500037005924591,257,False
1452,2.0,0,1,32.0,0.0,52,False
1453,6.875,159,1,38.25,75.0,177,False
1454,57.3333333333333,183,1,51.6666666666667,150.0,22,False
1455,9.0,0,1,352.0,0.0,19,False
1456,93.5,6,1,102.5,2.0,20,False
1457,37.0,2,1,37.0,2.0,46,False
1458,13.0,0,1,259.0,0.0,11,False
1459,4.0,26,1,112.833333333333,18.0,63,False
1460,1.0,28,1,20.0,19.0,4,False
1461,16.1428571428571,48,1,65.71428571428571,44.0,128,True
1462,5.0,185,1,136.0,151.0,12,False
1463,6.0,29,1,5.0,20.0,0,False
1464,12.0,0,1,357.0,0.0,7,False
1465,10.0,186,2,38.0,0.499935120344166,36,False
1466,181.0,278,1,6.0,166.0,7,False
1467,34.6666666666667,2,2,101.666666666667,0.75,32,True
1468,15.666666666666698,279,2,31.3333333333333,0.226408944555936,309,False
1469,27.0,0,1,171.0,0.0,1,False
1470,31.1818181818182,188,3,103.636363636364,0.500000013769807,70,False
1471,33.6666666666667,0,1,107.333333333333,0.0,8,False
1472,25.5,274,2,76.3,1.81979745608504e-23,39,False
1473,64.0,281,1,2.0,168.0,210,True
1474,16.625,189,1,121.25,154.0,530,True
1475,3.8333333333333295,49,2,2.6666666666666696,0.999996180639988,589,True
1476,6.0,50,1,34.0,46.0,61,False
1477,17.0,277,2,82.0,1.11060239855323e-06,20,False
1478,17.6,0,1,30.6,0.0,37,False
1479,55.3333333333333,284,1,46.5555555555556,170.0,100,True
1480,47.3333333333333,1,1,116.666666666667,0.0,3,False
1481,13.2,190,1,62.2,155.0,96,False
1482,3.5,0,1,27.0,0.0,62,True
1483,11.0,1,2,98.35294117647058,0.0,1236,True
1484,0.833333333333333,13,1,39.5,2.0,356,True
1485,158.0,1,1,12.0,0.0,3,False
1486,26.0,0,1,34.0,0.0,1,False
1487,182.0,1,1,18.0,0.0,12,False
1488,3.0,3,1,144.333333333333,0.0,9,False
1489,2.6666666666666696,4,1,124.333333333333,1.0,167,False
1490,39.0,65,1,42.0,25.0,3,False
1491,48.5,13,1,22.1666666666667,4.0,74,True
1492,10.25,6,2,38.0,0.234375,75,False
1493,14.444444444444402,191,2,128.96296296296302,0.4999389360309579,481,True
1494,30.0,1,2,254.0,0.0,3,False
1495,77.2727272727273,0,2,68.8181818181818,0.0,255,True
1496,7.5,0,1,274.5,0.0,17,False
1497,3.3333333333333304,8,2,3.3333333333333304,0.12109375,29,False
1498,5.0,9,1,47.0,3.0,1,False
1499,13.2307692307692,281,3,149.538461538462,2.9873230920378103e-10,136,False
1500,23.0,193,1,24.0,15.0,0,False
1501,31.0,0,1,5.0,0.0,7,False
1502,23.375,282,3,115.75,0.499999997414885,142,True
1503,15.0,171,2,23.0,1.00109722403067,13,False
1504,5.0,1,1,245.0,0.0,1,False
1505,15.0,0,1,138.0,0.0,0,False
1506,56.0,14,2,147.2,0.96832275390625,103,True
1507,17.9210526315789,2,3,90.1842105263158,0.333333333333333,1328,True
1508,14.0,15,1,22.0,4.0,5,False
1509,48.2,283,1,32.4,141.0,14,True
1510,3.0,0,2,135.333333333333,0.0,3,False
1511,74.0,1,1,2.0,1.0,6,False
1512,55.6666666666667,284,1,25.3333333333333,142.0,25,False
1513,16.0,289,2,65.0,1.15951012159542,243,True
1514,26.0,17,1,69.0,4.0,15,False
1515,12.0,28,1,54.25,18.0,80,True
1516,18.0,0,1,63.0,0.0,1,False
1517,14.0,285,1,33.0,143.0,2,False
1518,35.3333333333333,1,1,33.0,0.0,18,False
1519,13.9848484848485,173,2,66.3939393939394,1.00109722403067,1323,False
1520,2.57142857142857,11,1,86.1428571428571,6.0,255,False
1521,73.5,10,1,23.0,2.0,10,True
1522,53.0,174,2,61.5238095238095,1.00109722403067,1429,True
1523,26.25,194,9,24.142857142857103,0.0138888889856245,1636,True
1524,1.7931034482758603,12,1,67.8275862068966,7.0,486,False
1525,11.066666666666698,1,1,113.666666666667,1.0,24,False
1526,1.25,16,1,1.5,5.0,572,True
1527,4.0,20,1,220.5,6.0,8,False
1528,1.33333333333333,13,1,16.0,8.0,43,False
1529,9.42105263157895,3,2,24.2105263157895,0.25,1290,True
1530,9.0,5,2,65.0,0.0,83,True
1531,32.6666666666667,17,2,59.6666666666667,0.7798843383789059,221,False
1532,22.0,292,1,0.0,173.0,1,False
1533,16.25,286,1,5.75,63.0,336,True
1534,26.0,288,3,95.75,0.499999997713617,35,False
1535,3.93548387096774,15,2,43.16129032258061,0.25628662109375,870,False
1536,2.6666666666666696,16,1,3.5,10.0,563,False
1537,1.0,0,1,153.0,0.0,101,False
1538,22.0,176,1,89.0,80.0,146,True
1539,4.5,0,1,39.0,0.0,52,True
1540,22.052631578947395,6,2,98.3333333333333,0.640625,2134,True
1541,32.0,289,1,2.0,146.0,14,False
1542,30.0,195,5,15.857142857142902,0.0500000211350978,586,True
1543,48.4,4,3,206.4,0.0493827160493827,191,False
1544,10.0,55,1,54.0,48.0,23,False
1545,23.5,290,2,2.5,1.1580554509544597e-23,59,False
1546,21.0,0,1,23.0,0.0,186,True
1547,183.0,3,1,38.0,0.0,5,False
1548,21.7916666666667,7,3,33.5833333333333,0.4243255601280289,1462,True
1549,23.6666666666667,17,1,10.0,4.0,166,True
1550,27.28125,9,1,18.125,4.0,258,True
1551,16.4,3,1,93.8857142857143,3.0,1290,True
1552,13.5,57,3,78.8333333333333,0.499999997418777,61,False
1553,2.1666666666666696,18,2,94.0,0.123497009277344,41,False
1554,35.1428571428571,1,2,55.1428571428571,0.5,25,False
1555,50.28571428571429,295,2,185.0,1.15951012159542,54,True
1556,14.0,179,2,81.6666666666667,1.00109722403067,431,True
1557,0.0,59,1,0.0,50.0,1722,False
1558,15.969696969697,295,1,41.8333333333333,150.0,562,False
1559,39.5,60,1,0.0,51.0,223,True
1560,37.6666666666667,297,1,57.5,151.0,38,False
1561,16.4074074074074,4,1,4.925925925925929,4.0,1084,True
1562,22.9444444444444,298,2,41.8888888888889,1.1580833766305099e-23,65,True
1563,27.7777777777778,299,1,20.888888888888896,153.0,95,False
1564,16.0,0,1,11.0,0.0,132,True
1565,22.6060606060606,300,1,60.8484848484849,154.0,695,False
1566,2.5,7,1,227.5,1.0,43,False
1567,110.0,1,1,44.0,1.0,94,True
1568,36.4,182,2,37.6,1.00109722403067,194,True
1569,5.0,1,1,207.0,1.0,40,False
1570,19.25,21,2,77.875,0.875980377197266,626,True
1571,19.3333333333333,12,1,20.3333333333333,4.0,9,False
1572,40.0833333333333,20,3,88.5,0.519546614491121,752,True
1573,19.625,302,1,36.75,156.0,34,False
1574,20.0,2,1,20.0,0.0,4,False
1575,23.5,297,1,0.5,176.0,53,True
1576,122.5,370,2,15.25,0.625073144048366,163,False
1577,20.6071428571429,303,1,80.1428571428571,157.0,164,False
1578,30.0,196,1,0.0,158.0,3,False
1579,9.0,197,2,32.8181818181818,0.999944657087326,139,False
1580,8.5,0,2,30.5,0.0,9,False
1581,13.0,308,1,0.0,160.0,12,False
1582,2.0,309,1,443.0,161.0,0,False
1583,15.125,1,2,62.96875,0.0,1358,False
1584,15.5,1,1,12.0,1.0,8,False
1585,10.5,22,2,41.3,1.37649989128113,315,True
1586,21.5,312,3,35.0,2.9873230920378103e-10,11,False
1587,36.0,2,1,3.0,0.0,12,False
1588,50.0,372,1,0.0,135.0,1,False
1589,5.5,5,1,4.0,5.0,130,False
1590,4.58823529411765,373,3,98.88235294117648,0.25925947503889,61,False
1591,25.4,298,1,4.8,177.0,219,True
1592,2.0,299,1,1.0,178.0,8,False
1593,15.75,4,1,49.78571428571429,1.0,839,True
1594,49.5,301,1,4.0,179.0,97,False
1595,22.6666666666667,186,2,20.3333333333333,1.00109722403067,40,True
1596,7.0,2,1,72.0,0.0,76,False
1597,44.0,302,1,2.3333333333333304,180.0,80,False
1598,15.7173913043478,1,5,9.34782608695652,0.2,5956,True
1599,33.0952380952381,12,4,182.619047619048,0.266251862049103,733,True
1600,114.0,27,2,56.5,0.8515626117587091,11,False
1601,41.22222222222221,3,5,131.222222222222,0.208,145,True
1602,0.0,29,1,0.0,19.0,657,True
1603,12.5483870967742,0,4,27.8709677419355,0.0,1519,True
1604,83.0,1,1,2.3333333333333304,0.0,370,True
1605,19.0,0,1,34.0,0.0,0,False
1606,15.5,3,1,16.0,2.0,8,False
1607,10.125,4,1,66.7083333333333,2.0,2356,True
1608,17.1914893617021,313,2,39.872340425531895,1.1580833766305099e-23,548,True
1609,11.833333333333302,4,3,80.1904761904762,0.45679012345679,1434,True
1610,91.0,303,2,1.0,0.933101177155894,93,False
1611,30.375,199,2,56.625,0.499935120344166,1219,True
1612,39.4893617021277,2,2,38.9148936170213,1.25,1418,True
1613,28.0,0,1,13.0,0.0,1,False
1614,6.6,62,1,20.0,53.0,83,False
1615,5.75,29,1,213.0,11.0,44,False
1616,8.0,5,1,7.0,1.0,14,False
1617,83.1666666666667,86,3,47.9166666666667,0.497254625174854,31,False
1618,16.272727272727302,314,2,36.0,1.1580833766305099e-23,61,False
1619,59.0,189,4,22.4444444444444,0.333336358267923,74,True
1620,11.0,14,1,0.0,9.0,144,False
1621,8.72058823529412,190,2,8.98529411764706,1.00109722403067,122,False
1622,74.6666666666667,12,3,43.1111111111111,0.759256436744625,155,True
1623,29.0425531914894,2,4,97.1276595744681,0.3125,2063,True
1624,6.16666666666667,6,2,44.1666666666667,0.890625,38,False
1625,66.0,0,1,12.5,0.0,41,False
1626,34.0,201,2,13.875,0.5005454719066621,190,True
1627,21.75,3,1,19.75,2.0,61,False
1628,27.4545454545455,2,3,0.7272727272727271,0.7777777777777779,95,True
1629,18.0,6,1,2.0,4.0,1,False
1630,3.6666666666666696,7,1,2.0,5.0,24,False
1631,21.7222222222222,3,2,10.6944444444444,0.75,939,True
1632,35.5882352941176,4,2,0.823529411764706,0.875,229,True
1633,46.1428571428571,3,2,71.1428571428571,1.5,1184,True
1634,32.2105263157895,15,1,27.894736842105303,10.0,188,True
1635,28.3333333333333,378,2,310.0,0.625073144048366,0,False
1636,39.0,5,2,46.3333333333333,0.9375,215,True
1637,66.0,34,1,4.0,1.0,5,False
1638,12.0,8,1,3.75,6.0,165,True
1639,33.2666666666667,317,1,41.6,166.0,230,True
1640,1.0,4,1,11.0,4.0,3,False
1641,82.4,69,3,33.6,0.351851758961426,32,False
1642,14.6190476190476,7,3,7.238095238095242,0.467306812985825,44,True
1643,23.076923076923105,6,3,15.1538461538462,0.59122085048011,551,True
1644,113.0,5,2,39.5,0.96875,54,False
1645,13.0,5,1,0.0,0.0,0,False
1646,8.5,30,1,0.0,20.0,20,True
1647,17.5,6,1,21.0,6.0,576,False
1648,13.5,5,1,3.0,4.0,32,False
1649,54.304347826087,306,3,46.7391304347826,0.541222126359395,492,True
1650,115.222222222222,6,2,11.1111111111111,1.671875,238,True
1651,22.533333333333307,7,3,12.555555555555598,0.592592592592593,475,True
1652,35.4285714285714,7,2,10.5714285714286,1.0078125,174,False
1653,1.26666666666667,32,1,0.266666666666667,21.0,33,True
1654,10.5,33,1,1.0,22.0,4,True
1655,2.0,7,1,5.0,1.0,7,False
1656,8.11764705882353,65,1,30.2941176470588,56.0,1625,False
1657,191.0,307,1,3.0,184.0,0,False
1658,42.933333333333294,308,2,63.7333333333333,1.15951012159542,448,False
1659,4.5,1,1,249.0,0.0,42,False
1660,20.6842105263158,17,1,39.9473684210526,12.0,305,True
1661,10.8,322,2,139.5,1.1580833766305099e-23,88,False
1662,58.8888888888889,87,3,56.6111111111111,0.608824943948822,545,True
1663,20.2105263157895,19,1,31.368421052631607,13.0,332,True
1664,18.4375,388,5,188.46875,0.0880000001644399,141,True
1665,57.0,31,3,21.5555555555556,0.461133973490316,136,True
1666,192.0,32,1,9.0,11.0,1,False
1667,53.0,0,1,15.5,0.0,56,False
1668,17.0,14,1,1.0,0.0,2,False
1669,67.875,309,1,129.5,186.0,106,False
1670,84.0,2,1,8.0,1.0,1,True
1671,61.0,327,2,15.5,1.15805292659957e-23,1,False
1672,42.5,8,1,64.0,0.0,4,False
1673,11.0,329,1,90.8,172.0,45,True
1674,47.22222222222221,22,2,22.2222222222222,0.8886716365814209,389,True
1675,19.5,310,1,20.0,187.0,51,False
1676,70.0,2,1,130.0,1.0,1,False
1677,15.0,0,1,445.0,0.0,1,False
1678,59.8181818181818,0,1,91.4545454545455,0.0,182,True
1679,22.3333333333333,202,1,37.3333333333333,92.0,120,True
1680,23.0,332,1,120.111111111111,173.0,96,True
1681,9.285714285714286,2,1,3.14285714285714,2.0,197,True
1682,28.4,1,2,60.5,0.5,550,True
1683,19.0,205,1,1.0,93.0,2,False
1684,18.0,206,1,1.0,94.0,1,False
1685,3.0,30,1,265.0,21.0,55,False
1686,136.0,0,1,3.0,0.0,8,False
1687,42.2666666666667,10,2,82.1333333333333,1.6943359375,174,True
1688,70.3333333333333,311,1,18.6666666666667,188.0,61,True
1689,32.5,213,2,80.5,0.999944657087326,35,True
1690,62.63636363636361,0,4,73.1363636363636,0.0,900,True
1691,25.5,214,1,46.75,168.0,202,False
1692,57.3333333333333,4,1,2.6666666666666696,1.0,68,True
1693,23.6,334,1,105.0,175.0,81,False
1694,71.75,11,2,141.0,1.6953125,22,True
1695,5.0,2,1,298.0,1.0,6,False
1696,16.0,67,1,49.0,58.0,14,False
1697,0.0,24,1,0.0,17.0,81,False
1698,14.1794871794872,68,1,36.6666666666667,59.0,1468,True
1699,47.0,38,1,6.0,12.0,8,False
1700,8.83333333333333,10,1,46.1666666666667,7.0,43,False
1701,18.0,215,1,42.0,169.0,30,False
1702,37.0,336,1,44.8333333333333,177.0,242,True
1703,114.0,4,1,51.0,3.0,47,True
1704,46.5,314,3,87.8,0.541222126359395,916,True
1705,4.0,39,1,0.0,3.0,2,False
1706,27.625,27,1,11.375,20.0,31,False
1707,19.0,26,2,66.75,0.256326675415039,338,False
1708,17.5,40,1,2.0,4.0,2,False
1709,6.952380952380952,3,2,26.1904761904762,0.625,797,True
1710,55.3333333333333,12,4,100.333333333333,0.0833323001861572,49,False
1711,26.0,338,1,7.0,178.0,104,False
1712,5.33333333333333,69,1,1.6666666666666698,60.0,135,False
1713,20.5,0,1,5.0,0.0,14,False
1714,23.75,0,2,43.0,0.0,120,True
1715,24.0666666666667,4,4,149.533333333333,0.328125,57,False
1716,22.6666666666667,29,2,40.3333333333333,0.662229059264064,33,True
1717,16.636363636363598,4,3,78.6363636363636,0.5185185185185179,69,False
1718,17.45,30,1,48.925,23.0,769,True
1719,1.22222222222222,5,1,28.6666666666667,3.0,435,False
1720,17.0,70,1,6.75,61.0,1108,True
1721,39.0,212,1,47.0,97.0,3,False
1722,12.333333333333302,31,1,1.0,24.0,357,False
1723,44.9473684210526,217,2,33.7894736842105,0.999944657087326,464,True
1724,14.25,213,2,18.25,1.00109722403067,120,True
1725,37.0,316,1,97.5,192.0,42,True
1726,11.333333333333302,71,1,5.33333333333333,62.0,27,True
1727,17.5,72,1,1.0,63.0,9,False
1728,4.0,15,1,2.0,5.0,6,False
1729,81.0,1,1,25.0,0.0,48,False
1730,3.0,10,1,0.0,7.0,13,False
1731,71.0,16,1,5.0,6.0,1,False
1732,70.0,7,1,19.0,6.0,3,False
1733,17.8333333333333,1,1,115.416666666667,1.0,86,False
1734,12.3076923076923,32,1,6.307692307692308,25.0,481,False
1735,42.0,340,1,9.5,180.0,3,False
1736,17.0,12,2,61.1666666666667,0.91748046875,154,True
1737,34.0,395,1,16.0,141.0,3,False
1738,38.15,12,2,85.2,1.69580078125,603,True
1739,24.4,33,3,29.8,0.3711578509978649,128,False
1740,34.6666666666667,21,2,66.0,0.281627655029297,7,False
1741,22.0,51,1,3.0,15.0,1,False
1742,59.2,13,2,71.4,1.696044921875,229,True
1743,13.427083333333302,91,1,125.71875,28.0,472,True
1744,4.75,0,1,46.0,0.0,139,False
1745,53.57142857142861,399,7,17.7142857142857,0.329932992264691,39,False
1746,87.1666666666667,323,2,38.3333333333333,1.15951012159542,27,False
1747,2.1304347826087,12,1,40.1739130434783,11.0,676,False
1748,43.75,341,2,43.7083333333333,1.11060239855323e-06,663,True
1749,26.4,56,4,100.933333333333,0.317403157552098,110,True
1750,62.0,8,1,3.0,2.0,34,True
1751,28.7692307692308,218,1,25.846153846153804,171.0,368,True
1752,47.6,74,7,69.0,0.166666666666666,160,False
1753,120.0,216,1,2.5,100.0,209,True
1754,182.0,36,1,5.0,29.0,9,False
1755,75.0,56,1,8.0,16.0,1,False
1756,14.555555555555598,219,1,187.111111111111,172.0,94,False
1757,35.5833333333333,9,3,185.416666666667,0.487628918355942,124,False
1758,27.625,37,1,54.125,30.0,8,False
1759,18.0,0,1,31.0,0.0,6,False
1760,7.66666666666667,39,1,15.904761904761903,31.0,1944,True
1761,7.27272727272727,40,1,0.818181818181818,32.0,1242,True
1762,56.0,218,1,31.0,101.0,15,False
1763,24.6666666666667,219,1,49.3333333333333,102.0,17,False
1764,9.33333333333333,42,1,16.6666666666667,34.0,43,False
1765,4.0,0,1,48.0,0.0,1,True
1766,20.7,344,1,48.2,183.0,594,True
1767,22.8333333333333,76,1,35.77777777777779,66.0,1170,True
1768,8.2962962962963,43,1,22.3703703703704,35.0,880,True
1769,20.4,220,2,55.4,1.00109722403067,141,True
1770,64.5,77,1,0.0,67.0,30,False
1771,12.1,44,1,2.6,36.0,927,True
1772,11.0,345,2,198.0,1.1580833766305099e-23,15,False
1773,14.9,45,1,0.5,37.0,329,True
1774,17.8,0,1,58.18,0.0,1311,True
1775,23.6666666666667,46,1,11.833333333333302,38.0,125,False
1776,37.3333333333333,47,1,0.166666666666667,39.0,55,False
1777,3.6666666666666696,28,1,163.333333333333,14.0,36,False
1778,15.0,31,1,110.0,22.0,5,False
1779,46.866666666666696,329,2,79.7333333333333,1.15951012159542,2497,True
1780,6.0,11,1,0.0,4.0,11,False
1781,92.0,2,1,4.0,2.0,1,False
1782,48.8636363636364,402,4,66.5909090909091,0.317689184409578,537,True
1783,42.605263157894704,4,8,115.236842105263,0.015869140625,610,True
1784,67.5,403,4,91.25,0.3958141844252779,41,False
1785,20.2,49,1,6.0,41.0,24,False
1786,56.4,14,4,78.76,0.4114544726908211,289,True
1787,52.6,50,3,25.7,0.4246557933843179,248,True
1788,57.36,0,4,1.92,0.0,158,False
1789,6.0,223,1,1.0,105.0,10,False
1790,93.0,224,3,13.75,0.50003700592107,68,True
1791,23.6,222,2,42.0,0.4999389360309579,68,False
1792,31.75,52,2,15.0,0.76562261581239,128,False
1793,53.0,29,1,18.5,7.0,14,False
1794,8.83333333333333,83,2,22.4166666666667,0.999999999083229,150,False
1795,23.8,53,1,19.4,45.0,13,False
1796,29.2222222222222,0,5,70.55555555555559,0.0,25,False
1797,58.3333333333333,0,1,77.1666666666667,0.0,16,False
1798,0.5,54,1,10.0,46.0,48,True
1799,35.0769230769231,58,3,62.9230769230769,0.384773631577357,437,True
1800,39.384615384615394,4,6,49.0576923076923,0.2831790123456789,1937,True
1801,5.0,0,1,22.0,0.0,6,True
1802,6.0,1,1,22.0,1.0,3,False
1803,20.5,85,1,23.0,71.0,3,False
1804,1.4,15,3,116.5,0.0006096631611034,459,False
1805,45.6129032258064,333,4,57.58064516129029,0.349939727829602,726,True
1806,2.0,2,1,30.0,2.0,3,False
1807,11.2941176470588,0,1,241.0,0.0,130,True
1808,4.71428571428571,17,1,152.714285714286,1.0,152,False
1809,2.0,19,3,37.0,0.0006097362943892,376,False
1810,13.0,39,1,104.0,24.0,23,False
1811,23.357142857142897,348,1,22.25,185.0,125,True
1812,64.0,226,1,23.0,176.0,50,False
1813,23.0,227,1,28.0,177.0,85,False
1814,20.5,55,1,30.5,47.0,3,False
1815,1.0,349,1,0.0,186.0,1,False
1816,85.5,94,3,39.375,0.608824943948822,318,True
1817,35.0,2,1,80.0,2.0,8,False
1818,13.666666666666698,0,1,62.6666666666667,0.0,5,False
1819,30.0833333333333,20,3,212.083333333333,0.499373374648753,69,False
1820,49.0,0,2,55.0,0.0,9,False
1821,5.5,35,2,283.875,0.117946637416026,47,False
1822,8.77777777777778,21,2,64.3333333333333,2.19345092773438e-05,146,False
1823,31.1818181818182,22,4,73.5454545454545,7.62944310395142e-05,318,False
1824,6.0,57,1,62.6666666666667,48.0,375,True
1825,11.333333333333302,86,2,25.0,0.99999618063999,332,False
1826,15.333333333333302,14,1,71.5,10.0,39,True
1827,6.75,23,1,7.5,6.0,8,False
1828,75.5,87,1,14.5,73.0,25,False
1829,16.0,0,1,249.0,0.0,1,False
1830,10.3333333333333,58,1,1.33333333333333,49.0,98,False
1831,12.0,1,1,162.4,0.0,27,False
1832,13.0,230,1,2.0,179.0,42,False
1833,38.0,12,1,33.0,4.0,75,True
1834,43.0,231,1,59.0,180.0,114,False
1835,11.666666666666698,88,2,1.6666666666666698,0.99999618063999,261,False
1836,24.8333333333333,2,1,34.5,0.0,97,False
1837,9.0,2,1,5.0,1.0,2,False
1838,13.0,2,1,42.0,0.0,3,False
1839,11.6153846153846,353,1,183.769230769231,189.0,27,True
1840,32.0,0,2,39.6666666666667,0.0,42,False
1841,14.2837837837838,233,1,130.378378378378,181.0,697,True
1842,17.0,14,1,13.0,0.0,1,False
1843,149.0,0,1,42.0,0.0,0,False
1844,2.3333333333333304,3,1,44.6666666666667,1.0,117,False
1845,1.0,89,2,10.0,0.99999618063999,5,False
1846,20.0,0,1,4.0,0.0,12,False
1847,75.0,234,1,6.0,182.0,10,False
1848,82.3333333333333,341,2,27.3333333333333,1.15951012159542,17,False
1849,207.0,3,1,34.0,2.0,3,False
1850,8.0,13,1,102.0,5.0,2,False
1851,1.0,92,1,24.0,76.0,2,False
1852,3.0,93,1,37.0,77.0,14,False
1853,16.0,1,1,207.666666666667,0.0,19,False
1854,110.0,0,1,26.0,0.0,1,True
1855,27.8181818181818,1,2,84.0909090909091,0.0,78,False
1856,24.5,0,1,29.0,0.0,22,False
1857,19.0,355,2,121.0,1.11060239855323e-06,140,False
1858,46.0,342,2,71.6666666666667,1.15951012159542,43,True
1859,82.3333333333333,358,1,0.0,193.0,212,True
1860,19.0,11,1,83.0,2.0,1,False
1861,50.75,94,6,69.625,0.19999999999999,185,False
1862,13.5,1,1,85.0,1.0,33,True
1863,24.157894736842103,235,1,69.0,183.0,818,False
1864,7.0,344,1,19.0,31.0,7,False
1865,35.1666666666667,236,1,44.0,184.0,515,False
1866,13.857142857142902,237,1,86.2857142857143,185.0,442,True
1867,76.0,26,1,27.0,6.0,18,False
1868,25.0,97,1,5.0,80.0,36,False
1869,6.28571428571429,27,1,97.0,7.0,282,False
1870,18.0,65,1,93.0,51.0,19,False
1871,2.0,99,1,30.0,81.0,4,False
1872,18.0416666666667,15,3,149.458333333333,0.154302484502827,1614,True
1873,4.5,0,1,171.0,0.0,102,True
1874,1.0,28,1,273.0,8.0,16,False
1875,187.0,360,1,10.0,194.0,2,False
1876,6.66666666666667,29,1,78.0,9.0,156,False
1877,37.9444444444444,4,2,83.0,0.0625,360,True
1878,14.0,8,1,55.0,4.0,6,True
1879,72.3333333333333,4,2,107.466666666667,0.0625,730,True
1880,41.5,80,2,29.0,0.624954462172442,13,False
1881,18.5,0,1,20.5,0.0,7,False
1882,77.0,5,1,9.0,5.0,1,False
1883,32.0,362,1,8.0,195.0,1,False
1884,209.0,0,1,2.0,0.0,16,False
1885,21.0,16,2,6.0,0.436187744140625,77,False
1886,1.0,0,1,87.0,0.0,52,True
1887,62.0,242,1,6.0,190.0,12,False
1888,111.75,346,2,49.5,1.15951012159542,73,False
1889,18.8571428571429,4,2,106.428571428571,0.75,43,True
1890,36.6666666666667,100,1,19.0,82.0,82,True
1891,4.38461538461539,32,4,100.769230769231,0.0208931756878884,1204,False
1892,4.33333333333333,66,1,54.3333333333333,52.0,53,True
1893,51.11428571428571,10,3,55.4,0.465952005961151,1798,True
1894,31.2222222222222,1,1,16.5555555555556,1.0,667,False
1895,20.727272727272695,246,1,7.27272727272727,193.0,97,False
1896,13.666666666666698,247,1,36.0,194.0,2761,True
1897,12.125,364,1,153.4375,197.0,158,False
1898,77.1666666666667,5,2,53.5833333333333,0.125,82,True
1899,9.0,40,1,174.0,25.0,4,False
1900,49.9166666666667,31,2,35.0833333333333,0.987282775342464,334,True
1901,46.6315789473684,35,3,117.105263157895,0.8148374673893041,461,True
1902,0.0,36,2,0.0,0.1235017909202719,780,False
1903,18.0,3,1,56.0,0.0,1,False
1904,49.0,348,2,84.4285714285714,1.15951012159542,496,True
1905,54.0,248,1,8.0,195.0,11,False
1906,134.0,4,1,23.0,2.0,3,True
