File,CountDeclMethodDefault,AvgEssential,CountDeclClassMethod,AvgLineComment,CountDeclMethodProtected,RatioCommentToCode,AvgLineBlank,PercentLackOfCohesion,MaxInheritanceTree,CountClassDerived,CountClassCoupled,CountClassBase,CountInput_Mean,CountInput_Min,CountOutput_Mean,CountOutput_Min,CountPath_Min,MaxNesting_Mean,MaxNesting_Min,Del_lines,OWN_COMMIT,MINOR_COMMIT,MINOR_LINE,MAJOR_LINE,target
0,0,1,0,4,4,0.3,1,100,3,0,14,2,6.53333333333333,0,9.4,1,1,1.61904761904762,0,522,1.0,0,1,0,True
1,0,1,0,1,0,0.44,0,50,2,0,2,1,2.85714285714286,1,3.42857142857143,1,1,1.22222222222222,0,118,1.0,0,1,0,False
2,0,1,2,3,6,0.34,0,83,3,0,12,2,5.22222222222222,0,5.83333333333333,1,1,1.08695652173913,0,458,1.0,0,1,0,False
3,3,2,0,2,5,0.17,0,90,2,1,15,2,6.71428571428571,0,7.32142857142857,1,1,1.33333333333333,0,766,0.8,0,1,2,False
4,2,1,0,1,0,1.0,0,60,2,0,6,1,2.0,0,1.4,0,1,1.125,0,84,1.0,0,1,0,False
5,3,1,3,1,0,0.21,0,92,2,0,42,3,3.43421052631579,0,4.10526315789474,0,1,0.835443037974684,0,1151,0.714285714285714,0,2,1,True
6,0,1,0,10,0,4.0,0,100,2,1,2,1,3.25,1,0.25,0,1,0.0,0,89,0.666666666666667,0,2,0,False
7,8,1,15,6,0,0.43,1,81,3,0,27,1,6.06666666666667,3,8.53333333333333,2,1,1.72222222222222,0,514,1.0,0,1,0,False
8,1,2,0,0,0,0.17,0,91,2,2,2,1,3.13333333333333,0,2.2,1,0,1.55555555555556,0,199,1.0,0,1,0,False
9,0,2,1,2,0,0.29,0,89,1,0,9,1,5.55555555555556,3,4.33333333333333,1,1,1.89655172413793,0,482,1.0,0,1,0,False
10,0,2,0,4,0,0.51,0,48,3,1,3,1,6.875,1,3.6875,1,1,1.0,0,295,1.0,0,1,0,False
11,0,1,0,3,0,0.74,0,55,4,0,2,1,2.5,0,2.9,1,1,0.333333333333333,0,138,1.0,0,1,0,False
12,0,1,0,1,0,0.31,0,46,2,0,5,1,5.75,3,6.0,4,1,1.9,0,164,1.0,0,1,0,False
13,0,1,0,0,0,1.43,0,100,3,0,0,1,3.0,0,2.33333333333333,2,1,0.666666666666667,0,39,1.0,0,1,0,False
14,0,1,1,0,0,0.81,0,50,2,0,3,1,2.5,1,2.0,1,1,0.75,0,59,1.0,0,1,0,False
15,0,2,1,5,0,0.31,0,41,1,0,4,2,4.75,2,5.5,1,1,1.90909090909091,0,280,1.0,0,1,0,False
16,3,1,8,0,0,0.15,0,95,2,0,2,2,2.29166666666667,0,3.04166666666667,1,0,0.5625,0,280,1.0,0,1,0,False
17,1,1,0,0,0,0.28,0,40,1,0,2,2,3.8,1,2.9,1,1,0.615384615384615,0,114,1.0,0,1,0,False
18,0,1,0,4,0,3.22,0,0,2,1,0,1,0.5,0,1.0,1,1,0.0,0,43,1.0,0,1,0,False
19,5,1,0,0,0,0.18,0,73,2,0,0,1,2.52631578947368,1,2.26315789473684,1,1,0.238095238095238,0,156,1.0,0,1,0,False
20,5,1,1,0,1,0.23,0,80,2,0,7,2,4.47619047619048,0,5.14285714285714,1,1,1.0,0,330,0.5,0,1,0,True
21,0,3,0,0,0,0.71,0,0,1,0,1,2,1.5,0,2.5,1,1,2.25,0,47,1.0,0,1,0,False
22,0,1,0,0,0,0.31,0,58,2,0,9,2,1.5,0,4.75,2,1,1.83333333333333,0,108,1.0,0,1,0,False
23,0,1,5,3,0,0.41,0,40,1,0,3,2,4.0,1,4.5,2,1,0.461538461538462,0,183,1.0,0,1,0,False
24,0,2,0,0,0,0.16,0,68,2,0,6,1,5.66666666666667,2,5.66666666666667,1,1,1.64285714285714,0,212,1.0,0,1,0,False
25,0,1,1,1,0,1.31,0,0,1,0,3,1,6.0,6,4.0,4,1,0.0,0,41,1.0,0,1,0,False
26,0,1,2,1,0,0.19,0,50,1,0,10,2,4.71428571428571,1,10.5714285714286,1,1,0.538461538461538,0,177,0.5,0,1,1,False
27,0,1,2,1,0,0.13,1,69,1,0,26,2,4.27631578947368,0,4.93421052631579,1,1,0.168067226890756,0,1215,0.75,0,2,0,True
28,0,1,2,1,0,0.12,3,55,1,0,12,2,4.66666666666667,1,7.55555555555556,1,1,0.5,0,325,0.5,0,2,0,False
29,0,1,2,1,0,0.23,1,55,1,0,8,2,2.6,1,3.8,1,1,0.0,0,161,0.5,0,2,0,False
30,0,1,2,0,0,0.2,0,25,2,1,12,2,1.11111111111111,0,5.33333333333333,1,1,0.214285714285714,0,149,0.5,0,1,1,False
31,0,3,3,3,0,0.23,3,54,1,0,8,2,3.33333333333333,1,7.0,1,1,1.33333333333333,0,259,0.5,0,1,1,False
32,0,1,2,1,2,0.72,0,100,2,0,6,1,4.5,2,8.25,6,2,1.875,1,0,0.0,0,1,1,False
33,0,1,2,7,0,0.89,2,0,2,0,3,1,4.66666666666667,3,7.66666666666667,6,1,0.833333333333333,0,0,0.0,0,2,0,False
34,0,4,0,7,0,0.22,10,0,0,0,0,0,8.33333333333333,6,16.6666666666667,3,2,2.25,1,0,0.0,0,2,0,False
35,1,2,1,2,0,0.26,5,75,1,0,9,1,3.5,1,9.5,1,1,1.81818181818182,0,0,0.0,0,1,1,False
36,0,0,0,0,0,0.42,0,0,0,0,0,0,0.0,0,0.0,0,2,1.66666666666667,1,0,0.0,0,2,0,False
37,0,1,1,2,0,0.39,11,0,1,0,8,1,0.0,0,22.0,22,4,2.0,1,0,0.0,0,1,0,False
38,0,0,0,0,0,0.96,0,0,0,0,0,0,0.0,0,0.0,0,2,1.0,1,0,0.0,0,1,0,False
39,0,1,0,4,0,9.0,0,0,0,26,0,0,25.5,1,0.5,0,1,1.6,0,0,1.0,0,2,0,False
40,2,1,4,0,4,0.23,0,82,1,0,13,2,5.02941176470588,1,4.79411764705882,1,1,1.05263157894737,0,0,1.0,0,2,2,False
41,0,1,15,0,0,0.12,0,0,1,0,16,1,9.93333333333333,4,9.0,4,1,1.82352941176471,0,0,1.0,0,2,0,False
42,5,2,0,7,0,0.95,0,86,1,0,15,2,5.43333333333333,0,3.86666666666667,0,1,0.885714285714286,0,41,0.636363636363636,0,2,2,True
43,5,1,19,5,0,0.8,0,57,1,0,13,1,5.15789473684211,3,4.36842105263158,1,1,0.380952380952381,0,3,1.0,0,2,0,False
44,8,2,13,4,0,0.65,0,69,1,0,14,2,5.0,2,5.06666666666667,2,1,0.611111111111111,0,0,1.0,0,1,0,False
45,15,1,33,5,0,0.71,0,98,2,7,19,2,5.02222222222222,1,3.91111111111111,0,1,0.642857142857143,0,89,0.75,0,1,3,False
46,0,1,2,7,0,1.16,0,0,1,0,4,1,9.5,8,4.0,2,2,1.0,1,74,1.0,0,1,0,False
47,0,2,0,4,3,1.06,0,61,2,6,2,1,3.0,1,2.83333333333333,0,1,1.5,0,13,0.5,0,2,1,False
48,0,2,0,4,0,0.97,1,33,1,1,3,2,1.0,0,1.75,0,1,1.75,0,0,0.5,0,1,0,False
49,0,1,0,0,0,0.52,0,63,1,0,2,3,1.83333333333333,0,1.83333333333333,0,1,0.0,0,0,1.0,0,3,0,False
50,0,1,0,3,0,0.57,0,71,4,0,3,1,4.71428571428571,0,6.28571428571429,1,1,1.0,0,3,0.666666666666667,0,1,1,False
51,0,1,0,5,0,5.0,0,0,0,1,0,0,0.0,0,0.666666666666667,0,1,0.0,0,0,0.5,0,1,1,False
52,0,2,0,6,5,0.47,0,80,2,0,17,1,5.07692307692308,1,6.76923076923077,1,1,1.73333333333333,0,24,0.5,0,1,1,True
53,0,1,1,7,0,2.8,0,0,1,0,1,1,8.0,8,1.0,1,2,1.0,1,0,1.0,0,1,0,False
54,1,1,0,3,0,0.51,0,58,1,0,18,2,6.27272727272727,2,4.51515151515152,1,1,0.3,0,4,0.6,0,2,0,True
55,0,2,2,7,0,1.46,0,100,1,19,1,2,3.0,1,3.0,0,1,0.588235294117647,0,0,1.0,0,1,0,False
56,0,1,0,0,0,0.57,0,54,3,0,3,2,3.375,1,3.875,1,1,0.7,0,8,0.666666666666667,0,3,0,False
57,0,1,0,0,0,1.0,0,33,1,0,2,2,2.16666666666667,0,2.16666666666667,1,1,0.0,0,0,1.0,0,1,2,True
58,0,1,0,0,0,0.56,0,0,1,0,2,2,1.27272727272727,0,1.36363636363636,0,1,0.384615384615385,0,0,1.0,0,1,1,False
59,0,0,0,0,0,0.0,0,0,0,0,0,0,0.0,0,0.0,0,0,0.0,0,0,0.0,0,1,0,False
60,0,1,0,5,0,0.92,0,86,4,0,5,3,18.6,1,5.6,1,1,0.764705882352941,0,135,0.666666666666667,0,3,2,False
61,0,1,0,4,0,0.72,0,79,3,0,4,4,17.5,1,3.67857142857143,1,1,0.8,0,8,0.666666666666667,0,3,3,False
62,0,1,1,7,0,0.8,0,90,1,0,30,3,8.34090909090909,0,4.59090909090909,1,1,0.857142857142857,0,285,0.444444444444444,0,3,9,True
63,1,1,0,7,0,2.97,0,0,2,1,11,2,2.84375,0,0.75,0,1,0.0,0,46,0.5,0,5,2,True
64,11,2,11,3,3,0.31,0,93,1,12,46,3,4.74117647058824,0,5.17647058823529,1,1,1.0188679245283,0,734,0.36,1,4,8,True
65,2,1,8,4,0,0.68,0,89,1,2,32,2,13.6344086021505,0,3.56989247311828,1,1,0.338842975206612,0,614,0.428571428571429,1,5,5,True
66,0,1,0,0,0,1.41,0,0,1,0,2,2,2.0,1,1.5,1,1,0.75,0,0,1.0,0,2,1,False
67,28,1,0,11,0,7.44,0,0,2,3,13,2,2.25806451612903,0,0.67741935483871,0,1,0.0,0,4,0.428571428571429,0,3,4,True
68,2,1,0,5,0,5.0,0,0,0,1,1,0,1.5,1,0.5,0,1,0.0,0,0,1.0,0,2,1,False
69,2,1,0,3,1,0.77,0,80,2,0,12,2,4.12765957446809,0,2.19148936170213,1,1,0.236363636363636,0,4,0.75,0,2,5,False
70,0,1,4,10,0,1.1,1,50,1,0,5,1,4.0,3,5.25,3,2,1.83333333333333,1,0,1.0,0,1,0,False
71,0,1,0,4,0,0.63,0,75,1,0,3,2,3.25,0,3.45,1,1,0.954545454545455,0,1,0.5,0,1,3,False
72,1,1,2,0,0,1.56,0,100,1,0,0,1,1.0,0,1.57142857142857,1,0,0.0,0,0,0.5,0,1,0,False
73,0,2,8,7,0,0.63,0,87,1,9,14,2,6.08333333333333,1,5.0,1,1,1.16666666666667,0,25,0.666666666666667,0,4,3,False
74,0,1,0,1,0,0.74,0,87,1,0,0,2,3.75,2,5.75,1,1,1.71428571428571,0,0,1.0,0,1,0,False
75,0,1,0,2,0,0.57,0,14,1,0,3,2,2.0,1,3.71428571428571,1,1,1.1,0,0,1.0,0,2,1,False
76,0,1,0,4,0,0.43,0,66,2,0,5,2,1.77777777777778,0,5.88888888888889,1,1,1.63636363636364,0,0,1.0,0,2,0,False
77,0,1,0,0,0,0.65,0,60,1,0,2,2,1.8,0,2.8,1,1,0.571428571428571,0,0,0.0,0,1,1,False
78,0,1,0,2,0,0.38,0,28,1,0,3,2,2.71428571428571,1,5.14285714285714,1,1,2.44444444444444,0,0,1.0,0,2,1,False
79,0,1,0,4,0,0.81,0,82,3,3,4,2,11.9375,1,2.8125,1,1,0.666666666666667,0,1,0.333333333333333,0,2,2,False
80,0,1,0,2,0,2.45,0,100,3,0,0,1,1.0,0,2.0,2,1,0.0,0,0,1.0,0,1,1,False
81,0,1,0,6,0,2.3,0,57,1,2,0,1,2.42857142857143,0,2.14285714285714,1,1,0.333333333333333,0,0,1.0,0,1,0,False
82,0,1,0,0,3,0.27,0,0,2,3,2,2,10.3333333333333,5,4.66666666666667,2,2,1.75,1,1,0.666666666666667,0,1,0,False
83,0,0,0,0,0,164.0,0,0,0,0,0,0,0.0,0,0.0,0,0,0.0,0,0,0.0,0,2,1,False
84,0,1,0,6,0,0.8,0,92,4,0,6,4,32.9,2,5.45,1,1,0.954545454545455,0,168,0.333333333333333,0,2,3,False
85,0,1,0,1,0,2.0,0,100,3,0,0,1,1.5,0,2.0,2,1,0.0,0,0,1.0,0,3,1,False
86,1,1,0,4,0,1.35,0,45,1,0,5,2,3.75,1,2.16666666666667,1,1,0.533333333333333,0,6,0.5,0,2,2,False
87,0,2,4,5,1,0.51,0,82,1,0,4,3,17.1034482758621,1,4.62068965517241,1,1,1.09375,0,14,0.4,0,3,4,True
88,0,1,0,4,0,5.29,0,0,2,2,1,2,45.0,15,0.666666666666667,0,1,0.0,0,0,1.0,0,2,0,False
89,0,1,2,1,0,0.58,0,100,2,1,1,1,3.0,2,2.375,1,1,0.363636363636364,0,0,1.0,0,3,1,False
90,0,1,5,0,0,0.29,0,76,3,0,5,1,2.07692307692308,1,3.15384615384615,1,1,0.666666666666667,0,7,0.666666666666667,0,2,1,True
91,0,1,0,3,0,5.0,0,0,2,5,0,1,8.0,8,1.0,1,1,0.0,0,0,1.0,0,2,0,False
92,0,1,0,4,0,2.17,0,37,1,0,0,1,4.0,2,1.75,1,1,0.0,0,0,1.0,0,2,1,False
93,0,1,0,1,0,0.59,0,63,1,0,6,2,3.3,0,3.0,1,1,0.5,0,0,0.666666666666667,0,1,0,False
94,0,1,0,4,0,0.77,0,86,3,1,7,2,22.7380952380952,1,4.09523809523809,1,1,0.613636363636364,0,18,0.333333333333333,0,5,2,False
95,0,1,0,3,2,0.47,0,78,2,0,12,1,4.30769230769231,1,3.23076923076923,1,1,1.33333333333333,0,42,0.75,0,4,1,True
96,2,1,0,1,0,2.18,0,100,3,0,0,1,1.0,0,2.0,2,1,0.0,0,0,1.0,0,2,1,False
97,1,1,1,3,0,0.48,0,78,1,18,11,2,5.30769230769231,1,4.53846153846154,1,1,1.1875,0,9,0.833333333333333,0,2,2,False
98,0,1,0,3,0,1.31,0,0,2,0,1,1,0.125,0,1.125,1,1,0.0,0,14,0.666666666666667,0,4,0,False
99,1,1,0,2,0,2.0,0,0,3,0,0,1,1.0,0,0.666666666666667,0,1,0.0,0,0,1.0,0,1,2,False
100,1,1,1,2,0,1.29,0,0,2,0,1,1,0.5,0,1.1,0,1,0.25,0,0,1.0,0,3,1,False
101,0,1,0,0,0,3.29,0,0,2,0,0,1,2.0,2,1.0,1,1,0.0,0,0,1.0,0,1,0,False
102,0,1,0,2,0,0.54,0,77,2,0,4,1,4.26086956521739,0,3.8695652173913,1,1,0.4,0,16,0.75,0,2,2,True
103,0,0,0,0,0,5.25,0,0,2,7,0,2,0.0,0,0.0,0,0,1.33333333333333,0,15,0.666666666666667,0,1,0,False
104,0,1,0,10,0,9.57,0,0,2,1,2,1,1.0,1,0.0,0,1,0.0,0,6,0.666666666666667,0,1,0,False
105,0,1,0,0,0,1.5,0,100,3,0,0,1,1.33333333333333,0,2.0,2,1,0.0,0,0,0.5,0,1,0,False
106,0,1,0,3,0,0.7,0,44,2,0,9,1,2.33333333333333,0,4.33333333333333,1,1,0.8,0,0,0.5,0,1,0,False
107,1,1,24,11,0,1.26,0,93,1,0,6,2,4.73076923076923,0,4.26923076923077,1,1,0.758620689655172,0,12,0.5,0,1,1,True
108,0,0,0,0,0,247.0,0,0,0,0,0,0,0.0,0,0.0,0,0,0.0,0,63,1.0,0,1,0,False
109,2,1,0,0,0,1.37,0,100,1,5,1,1,0.5,0,0.5,0,0,0.0,0,0,1.0,0,2,1,False
110,0,1,0,0,0,0.11,0,50,2,0,9,2,2.375,2,14.625,4,2,1.44,0,2,0.666666666666667,0,2,0,False
111,7,1,0,11,0,5.29,0,100,2,1,3,1,1.0,1,1.0,1,1,0.0,0,1,0.5,0,2,0,False
112,0,1,0,0,0,1.09,0,60,1,6,2,4,2.8,0,1.0,0,1,0.0,0,0,1.0,0,2,2,False
113,0,1,0,0,0,0.14,0,0,1,2,6,2,0.032258064516129,0,0.032258064516129,0,1,0.0,0,1,0.5,0,2,1,False
114,0,1,0,0,0,0.1,0,0,1,11,19,2,0.357142857142857,0,0.404761904761905,0,1,0.0,0,6,0.5,0,3,3,False
115,8,1,0,5,0,5.19,0,0,2,1,1,1,3.22222222222222,0,1.0,1,1,0.0,0,0,1.0,0,1,0,False
116,0,1,0,3,0,2.29,0,100,3,0,0,1,2.33333333333333,0,2.33333333333333,2,1,0.0,0,0,1.0,0,1,0,False
117,1,1,1,1,5,0.36,0,88,1,3,15,2,5.81034482758621,0,3.20689655172414,0,1,0.420289855072464,0,9,0.666666666666667,0,3,2,True
118,1,1,0,1,0,3.33,0,0,1,1,1,1,2.0,2,1.0,1,1,0.0,0,0,1.0,0,1,1,False
119,29,1,0,5,0,2.85,0,0,1,3,5,1,1.0,1,0.0344827586206897,0,1,0.0,0,18,0.5,0,1,2,False
120,0,1,0,7,0,0.88,2,0,2,0,7,2,2.0,2,11.0,11,4,3.0,3,0,0.5,0,1,0,False
121,0,1,0,0,0,4.22,0,0,2,1,0,1,1.0,1,0.0,0,1,0.0,0,0,0.5,0,1,0,False
122,0,1,1,3,0,1.54,0,75,1,0,0,2,28.625,0,1.5,1,1,0.25,0,0,1.0,0,1,1,False
123,0,0,0,0,0,344.0,0,0,0,0,0,0,0.0,0,0.0,0,0,0.0,0,0,0.0,0,1,2,False
124,0,1,0,1,0,2.62,0,0,1,1,2,1,15.5,2,1.0,1,1,0.0,0,0,1.0,0,1,1,False
125,40,1,0,11,0,3.37,0,0,1,1,18,1,1.0,1,0.425,0,1,0.0,0,18,0.5,0,3,3,False
126,0,1,0,1,0,3.33,0,0,1,1,1,1,0.0,0,1.0,1,1,0.0,0,0,1.0,0,1,1,False
127,2,1,0,10,0,4.17,0,0,1,1,4,1,1.0,1,0.5,0,1,0.0,0,0,1.0,0,2,1,False
128,0,1,0,1,0,2.15,0,0,0,7,2,0,2.42857142857143,0,1.0,1,1,0.0,0,0,1.0,0,2,1,False
129,0,1,0,3,0,2.54,0,100,2,10,0,1,11.6666666666667,5,1.0,1,1,0.0,0,0,1.0,0,2,0,False
130,0,1,0,3,0,2.5,0,100,2,0,0,1,1.0,0,1.0,1,1,0.0,0,41,0.5,0,2,0,False
131,0,1,0,0,0,2.75,0,100,1,0,0,2,0.0,0,0.5,0,1,0.0,0,35,0.5,0,2,0,False
132,1,1,0,3,0,1.48,0,95,1,11,3,3,3.82352941176471,0,1.82352941176471,0,0,0.409090909090909,0,14,0.6,0,2,3,False
133,8,1,0,2,3,0.44,0,100,2,0,6,1,5.51851851851852,0,3.62962962962963,1,0,0.588235294117647,0,5,0.666666666666667,0,2,1,True
134,0,1,1,7,0,1.41,0,68,1,0,4,2,6.21428571428571,1,3.07142857142857,1,1,0.375,0,255,0.666666666666667,0,1,1,False
135,0,1,0,1,0,2.33,0,0,2,0,1,1,11.0,0,1.66666666666667,1,1,1.0,0,0,1.0,0,4,1,False
136,0,1,0,1,0,2.23,0,0,2,0,1,1,2.66666666666667,0,1.66666666666667,1,1,0.0,0,0,1.0,0,3,1,False
137,0,1,0,1,0,0.73,0,100,2,0,1,1,2.5,0,1.875,1,0,0.545454545454545,0,0,1.0,0,3,0,False
138,0,1,1,0,0,0.56,0,55,2,0,3,1,1.5,0,2.2,1,1,0.0,0,2,0.666666666666667,0,3,1,False
139,0,1,1,0,0,0.49,0,53,2,0,3,1,2.4,0,2.4,1,1,0.25,0,2,0.666666666666667,0,3,1,False
140,0,1,1,0,0,0.34,0,19,2,0,4,1,2.7,0,3.1,1,1,0.583333333333333,0,1,0.666666666666667,0,2,1,False
141,0,1,1,2,0,0.5,0,51,2,0,4,1,3.0,0,3.07142857142857,1,1,0.3125,0,0,0.666666666666667,0,2,1,False
142,0,2,1,1,1,0.59,0,100,2,5,7,1,6.27272727272727,0,3.09090909090909,1,0,0.5,0,3,0.666666666666667,0,4,1,False
143,0,1,1,2,0,0.47,0,71,3,0,6,1,2.89473684210526,0,3.15789473684211,1,1,0.428571428571429,0,0,0.666666666666667,0,5,0,False
144,0,2,1,2,0,1.46,0,0,3,0,4,1,2.25,0,3.0,1,1,1.0,0,0,1.0,0,1,0,False
145,0,1,0,6,0,5.95,0,100,2,3,2,1,6.0,0,0.818181818181818,0,0,0.0,0,0,1.0,0,2,1,False
146,0,1,1,5,0,1.98,0,0,1,21,2,2,0.181818181818182,0,1.0,0,1,0.0,0,0,0.666666666666667,0,3,0,False
147,0,2,0,2,1,0.39,0,100,1,0,6,2,3.95833333333333,0,2.54166666666667,1,0,1.07407407407407,0,4,0.4,0,3,2,False
148,0,1,1,0,0,0.8,0,66,2,0,2,1,1.33333333333333,0,1.33333333333333,0,1,0.375,0,0,1.0,0,2,1,False
149,0,1,1,0,0,0.51,0,55,2,0,2,1,2.88888888888889,1,2.33333333333333,1,1,0.545454545454545,0,2,0.666666666666667,0,4,1,False
150,0,1,0,2,0,2.7,0,100,2,0,0,1,1.5,0,1.0,1,1,0.0,0,0,1.0,0,2,0,False
151,0,1,0,2,0,3.0,0,100,2,0,0,1,0.5,0,1.0,1,1,0.0,0,0,1.0,0,2,1,False
152,0,1,1,0,0,0.93,0,33,2,0,1,1,2.0,1,2.16666666666667,1,1,0.0,0,0,1.0,0,3,1,False
153,0,1,1,0,1,0.18,0,72,2,0,4,2,2.61538461538462,0,4.07692307692308,1,1,1.25,0,0,0.666666666666667,0,2,0,False
154,0,1,0,0,0,1.71,0,0,2,0,0,1,1.0,0,1.33333333333333,1,1,0.0,0,0,1.0,0,2,0,False
155,0,0,0,0,0,32.0,0,0,0,0,0,0,0.0,0,0.0,0,0,0.0,0,0,0.0,0,2,0,False
156,0,1,1,1,0,0.87,0,50,2,0,1,1,3.0,1,2.22222222222222,1,1,0.0,0,2,0.666666666666667,0,3,2,False
157,0,0,0,0,0,2.34,0,0,1,0,0,1,0.0,0,0.0,0,0,0.0,0,5,1.0,0,1,0,False
158,0,3,18,7,0,0.4,1,92,1,0,14,1,7.4,1,3.44,1,1,1.85185185185185,0,17,0.666666666666667,0,1,0,False
159,0,1,1,0,0,0.47,0,55,2,0,2,1,4.88888888888889,1,2.33333333333333,1,1,0.272727272727273,0,2,0.666666666666667,0,4,1,False
160,0,2,1,2,0,1.38,0,0,3,0,4,1,3.75,0,3.0,1,1,1.0,0,0,1.0,0,2,2,False
161,0,1,0,1,0,0.71,0,66,2,0,2,1,1.72727272727273,0,1.36363636363636,1,1,0.307692307692308,0,0,1.0,0,1,0,False
162,0,1,0,3,0,1.23,0,50,2,0,2,1,4.83333333333333,0,3.66666666666667,1,1,0.75,0,2,0.5,0,2,3,False
163,0,1,1,1,0,0.95,0,42,3,0,4,1,3.14285714285714,0,2.0,1,1,0.444444444444444,0,0,1.0,0,2,1,False
164,0,1,1,6,0,1.47,0,0,3,0,4,1,3.0,0,4.2,2,1,1.0,0,0,1.0,0,1,1,False
165,0,1,1,3,0,0.72,0,74,2,1,10,1,6.15789473684211,1,3.52631578947368,1,1,0.428571428571429,0,0,0.666666666666667,0,3,3,False
166,0,1,0,0,0,0.63,0,50,2,0,2,1,2.63636363636364,0,2.36363636363636,1,1,0.230769230769231,0,0,0.666666666666667,0,2,3,False
167,0,1,0,0,0,1.15,0,16,2,0,1,1,2.83333333333333,0,3.0,1,1,0.0,0,0,1.0,0,1,4,False
168,0,1,1,1,1,0.51,0,66,2,0,3,1,2.36363636363636,0,3.45454545454545,1,1,0.923076923076923,0,0,0.666666666666667,0,3,1,False
169,0,1,1,2,0,1.6,0,0,3,0,4,1,3.0,0,3.0,1,1,0.5,0,0,1.0,0,2,1,False
170,0,1,0,0,0,0.4,0,50,2,0,2,1,3.53846153846154,0,2.46153846153846,1,1,0.2,0,0,0.666666666666667,0,3,1,False
171,0,1,0,2,0,1.24,0,42,1,6,1,3,4.85714285714286,1,1.42857142857143,1,1,0.0,0,0,1.0,0,4,0,False
172,0,1,3,6,0,1.26,0,65,2,0,0,1,4.0,1,2.8,1,1,0.461538461538462,0,4,0.333333333333333,0,1,1,True
173,0,1,7,3,0,0.64,0,88,2,0,2,1,19.4444444444444,0,2.55555555555556,1,1,0.818181818181818,0,6,0.5,0,6,3,True
174,0,1,1,5,0,0.72,0,95,1,1,9,2,10.921568627451,0,4.37254901960784,1,1,0.679245283018868,0,253,0.454545454545455,0,3,6,True
175,0,1,0,0,0,1.61,0,100,1,0,3,1,0.0,0,1.0,1,0,0.0,0,37,0.439024390243902,4,5,9,True
176,0,1,0,3,0,0.82,0,54,1,0,2,2,3.3125,1,2.5625,1,1,0.65,0,0,1.0,0,1,0,False
177,0,1,8,4,0,0.57,0,89,2,2,11,2,19.7173913043478,2,4.23913043478261,1,1,0.5625,0,8,0.714285714285714,0,3,5,True
178,0,1,0,2,0,0.85,0,62,1,0,3,2,10.5,2,2.3,1,1,0.5,0,0,1.0,0,2,0,False
179,0,1,2,1,0,0.69,0,65,1,0,0,2,4.57894736842105,1,3.21052631578947,1,1,0.380952380952381,0,5,1.0,0,4,3,False
180,0,1,0,0,0,0.49,0,60,2,0,2,2,3.125,1,3.0,1,1,0.222222222222222,0,0,0.0,0,3,1,False
181,0,1,0,3,0,0.61,0,80,2,0,3,2,3.35185185185185,0,3.24074074074074,1,1,0.333333333333333,0,52,0.4,0,4,2,True
182,0,1,3,6,4,0.81,0,95,1,1,6,2,13.9666666666667,2,4.48333333333333,1,1,0.693548387096774,0,158,0.375,0,3,8,False
183,0,1,0,3,0,2.29,0,100,2,0,0,1,2.0,0,1.0,1,1,0.0,0,0,1.0,0,1,1,False
184,1,1,0,0,0,1.91,0,0,1,1,1,1,4.0,4,2.0,2,2,1.2,0,0,1.0,0,1,2,False
185,0,1,1,1,0,0.82,0,19,2,0,0,1,2.4,2,1.4,1,1,0.428571428571429,0,3,1.0,0,1,0,False
186,0,1,0,0,0,0.67,0,0,2,0,0,1,3.16666666666667,2,1.33333333333333,1,1,0.375,0,0,1.0,0,1,0,False
187,0,1,0,1,9,0.2,0,100,2,4,5,2,4.4,0,3.5,0,1,1.15384615384615,0,297,0.625,0,1,0,False
188,4,1,0,4,1,0.74,1,62,1,2,2,1,7.8,3,4.4,1,1,0.428571428571429,0,112,0.4,0,1,0,False
189,0,1,0,0,2,0.31,0,0,2,0,4,2,2.28571428571429,0,4.85714285714286,1,1,0.3,0,99,0.625,0,1,0,False
190,0,1,0,6,0,3.83,0,0,0,1,1,0,2.46153846153846,1,0.769230769230769,0,1,0.0,0,169,0.625,0,1,0,False
191,0,1,5,3,0,0.72,0,89,1,0,6,1,4.33333333333333,2,2.83333333333333,1,0,0.642857142857143,0,19,0.75,0,1,0,False
192,1,1,0,4,5,0.2,4,67,2,0,7,2,7.07142857142857,0,6.92857142857143,1,1,0.947368421052632,0,537,0.625,0,1,0,False
193,0,1,1,2,0,0.47,0,81,1,0,3,2,3.0,0,3.66666666666667,0,1,0.777777777777778,0,386,0.625,0,1,0,False
194,0,1,0,0,0,2.71,0,100,2,0,0,1,2.0,2,1.0,1,1,0.0,0,28,0.4,0,1,0,False
195,1,1,0,3,5,0.23,3,77,2,0,7,2,6.8125,0,5.9375,1,1,0.904761904761905,0,507,0.625,0,1,0,False
196,0,1,0,0,2,0.24,1,0,2,0,5,2,3.44444444444444,0,6.22222222222222,1,1,0.75,0,203,0.625,0,1,0,False
197,0,2,0,1,1,0.32,1,60,3,0,5,2,3.5,0,3.65,1,1,1.17391304347826,0,20,0.428571428571429,0,2,3,True
198,0,1,0,0,0,0.57,0,53,1,1,1,5,1.78571428571429,0,1.78571428571429,0,1,0.0,0,0,1.0,0,1,1,False
199,6,1,13,3,0,0.3,0,86,2,0,55,4,5.20689655172414,0,4.93103448275862,1,1,0.8125,0,40,0.454545454545455,0,4,7,True
200,0,1,0,4,0,10.25,0,0,0,25,0,0,5.0,5,1.0,1,1,0.0,0,0,1.0,0,2,1,False
201,1,1,0,1,5,0.41,0,93,2,2,13,2,2.65625,0,2.5,1,1,0.368421052631579,0,66,0.571428571428571,0,3,3,False
202,0,1,2,3,6,0.58,0,85,2,2,12,2,6.36363636363636,1,3.81818181818182,0,1,0.769230769230769,0,62,0.272727272727273,0,1,5,False
203,0,1,0,5,0,4.68,0,0,0,5,3,0,3.23076923076923,1,0.769230769230769,0,1,0.0,0,31,0.5,0,4,0,False
204,0,1,2,3,0,0.84,0,62,1,0,0,3,3.05,1,2.2,1,1,0.363636363636364,0,0,0.5,0,1,0,False
205,0,1,0,1,0,0.69,0,41,1,0,4,2,7.0,2,2.25,1,1,0.3,0,18,0.6,0,2,0,False
206,0,1,3,1,0,0.67,0,94,2,1,2,1,3.47368421052632,0,2.05263157894737,0,0,0.434782608695652,0,19,0.4,0,3,0,False
207,0,1,0,1,0,0.46,0,61,2,0,0,1,2.7,0,2.7,1,1,0.583333333333333,0,0,1.0,0,1,0,False
208,0,1,0,4,0,4.36,0,0,1,5,3,1,1.2,1,0.8,0,1,0.0,0,0,1.0,0,2,0,False
209,0,1,0,5,0,4.33,0,0,1,2,0,2,1.0,1,1.0,1,1,0.0,0,0,1.0,0,1,0,False
210,1,1,1,4,0,0.82,0,87,1,0,9,1,11.0555555555556,2,3.44444444444444,1,1,0.2,0,10,0.4,0,2,1,False
211,0,1,0,0,0,0.77,0,100,1,1,5,3,4.0,0,2.0,1,0,0.384615384615385,0,22,0.333333333333333,0,2,2,False
212,0,1,0,4,0,1.33,0,40,1,0,1,2,4.0,1,3.4,1,1,1.42857142857143,0,3,0.5,0,2,1,False
213,0,1,2,0,0,0.42,0,92,1,0,0,1,4.625,0,2.79166666666667,1,1,0.230769230769231,0,1,0.5,0,2,0,False
214,5,2,6,12,0,0.88,1,75,1,0,4,1,6.5,2,5.16666666666667,1,1,1.5,0,0,1.0,0,1,0,False
215,8,1,3,1,0,0.23,0,100,2,4,2,1,3.84,0,2.76,1,0,1.06060606060606,0,23,0.8,0,2,2,True
216,0,1,0,0,0,0.37,0,46,1,0,5,3,3.06666666666667,1,3.4,1,1,0.411764705882353,0,16,0.5,0,2,1,False
217,6,1,9,1,0,0.37,0,89,1,0,6,1,5.18181818181818,2,2.56818181818182,0,1,0.434782608695652,0,42,0.5,0,2,0,False
218,37,1,25,1,1,0.6,0,96,2,2,22,3,5.90140845070423,0,1.88732394366197,0,1,0.243589743589744,0,235,0.35,0,5,5,True
219,30,1,4,5,5,0.63,1,100,2,2,12,2,7.31868131868132,0,3.93406593406593,0,0,0.59047619047619,0,1199,0.571428571428571,0,3,2,True
220,7,1,3,7,0,0.82,1,82,2,0,8,2,6.15384615384615,0,3.92307692307692,0,1,0.807017543859649,0,61,0.375,0,1,4,True
221,0,1,0,5,0,3.22,0,0,0,2,4,0,2.14285714285714,1,0.857142857142857,0,1,0.0,0,121,0.571428571428571,0,1,1,False
222,0,1,1,2,0,0.3,0,50,1,0,12,2,5.61538461538461,2,4.30769230769231,1,1,0.8,0,406,0.666666666666667,0,2,0,True
223,1,2,1,1,0,0.13,1,66,1,0,19,1,7.07692307692308,2,9.69230769230769,1,1,1.64705882352941,0,11,0.428571428571429,0,3,3,True
224,1,2,0,3,5,0.31,1,87,3,1,20,1,5.25,0,6.6875,0,1,1.05555555555556,0,611,0.428571428571429,0,2,5,True
225,0,2,0,3,8,0.34,1,90,3,2,28,1,5.43137254901961,0,6.70588235294118,1,1,1.0,0,935,0.5,0,3,4,True
226,0,1,0,6,0,6.1,0,0,0,2,2,0,8.33333333333333,1,1.0,1,1,0.0,0,0,1.0,0,2,0,False
227,1,1,1,7,1,0.65,0,88,3,0,19,1,6.0,0,6.11111111111111,0,1,0.714285714285714,0,329,0.538461538461538,0,1,4,False
228,1,1,0,4,1,0.42,1,85,3,0,22,2,6.19047619047619,1,6.71428571428571,1,1,0.76,0,384,0.588235294117647,0,3,3,True
229,5,1,0,6,0,6.0,0,0,0,2,1,0,1.0,1,0.6,0,1,0.0,0,0,1.0,0,1,1,False
230,0,1,0,2,0,2.27,0,100,2,0,0,1,1.0,0,1.0,1,1,0.0,0,0,0.5,0,1,0,False
231,4,1,1,2,2,0.45,0,91,2,0,18,3,4.76595744680851,1,4.31914893617021,1,1,0.711538461538462,0,90,0.411764705882353,0,2,6,False
232,0,1,0,0,0,0.43,0,100,1,0,5,2,0.777777777777778,0,1.33333333333333,0,1,0.272727272727273,0,74,0.571428571428571,0,1,1,False
233,0,1,0,0,0,0.34,0,100,2,0,2,1,1.3,0,1.6,1,1,0.214285714285714,0,0,0.666666666666667,0,1,0,True
234,1,1,0,0,0,0.43,0,77,2,0,4,2,1.5625,0,1.5625,0,1,0.210526315789474,0,27,0.5,0,5,1,False
235,0,1,0,1,0,0.35,0,76,1,0,9,3,4.04761904761905,0,4.71428571428571,1,1,0.538461538461538,0,26,0.5,0,2,2,True
236,7,1,0,0,0,0.46,0,66,1,0,2,2,3.77777777777778,1,3.66666666666667,1,1,0.727272727272727,0,0,1.0,0,2,0,False
237,3,1,0,2,0,0.45,0,85,2,0,7,4,3.44827586206897,0,3.24137931034483,1,1,0.727272727272727,0,21,0.5,0,2,2,False
238,2,1,0,6,0,5.67,0,0,0,1,2,0,1.0,1,0.0,0,1,0.0,0,2,0.5,0,2,0,False
239,0,1,1,3,0,0.76,0,50,2,0,1,2,6.80952380952381,1,2.23809523809524,1,1,0.5,0,0,1.0,0,3,2,False
240,0,1,2,2,0,0.97,0,100,1,0,3,2,3.41666666666667,0,2.5,1,0,0.266666666666667,0,3,0.5,0,2,2,False
241,0,1,0,4,0,1.18,0,45,1,0,1,2,5.0,1,2.21428571428571,1,1,0.4375,0,0,1.0,0,3,0,False
242,0,1,0,8,0,7.5,0,0,0,2,0,0,3.0,3,1.0,1,1,0.0,0,0,1.0,0,1,0,False
243,0,1,0,1,0,0.91,0,28,1,1,1,2,2.57142857142857,0,1.42857142857143,1,1,0.333333333333333,0,77,0.666666666666667,0,2,1,False
244,0,0,0,0,0,8.5,0,0,1,29,0,1,0.0,0,0.0,0,0,0.0,0,0,1.0,0,1,1,False
245,0,1,0,5,0,5.4,0,0,0,1,0,0,0.666666666666667,0,0.333333333333333,0,1,0.0,0,0,1.0,0,2,0,False
246,0,1,0,0,0,0.49,0,38,1,0,5,2,5.25,2,5.25,1,1,0.0,0,22,1.0,0,2,0,False
247,11,1,6,4,21,0.51,0,93,2,1,11,1,4.86206896551724,1,4.67241379310345,1,1,0.835820895522388,0,203,0.833333333333333,0,5,2,True
248,1,1,14,4,1,0.81,0,86,3,0,7,2,4.75,0,2.83333333333333,1,1,0.448275862068966,0,48,0.4,0,5,2,True
249,0,1,0,5,0,6.75,0,0,0,1,0,0,3.0,3,1.0,1,1,0.0,0,0,1.0,0,2,0,False
250,0,1,1,4,0,0.75,0,94,1,0,4,2,4.09090909090909,2,3.0,1,1,1.53846153846154,0,14,0.8,0,3,3,False
251,0,1,0,0,0,1.15,1,0,2,0,0,1,2.5,2,2.5,1,1,0.75,0,1,1.0,0,2,0,False
252,9,2,6,3,12,0.29,0,93,2,2,12,2,5.34177215189873,0,6.21518987341772,1,1,1.37931034482759,0,156,0.625,0,3,4,False
253,0,1,0,6,0,3.98,0,100,1,1,5,1,1.21739130434783,0,0.347826086956522,0,1,0.0,0,73,0.428571428571429,0,7,5,False
254,0,1,0,7,0,2.68,0,100,1,1,1,1,1.0,1,0.333333333333333,0,1,0.0,0,78,1.0,0,6,2,False
255,5,1,0,8,0,3.36,0,100,1,1,20,3,1.20833333333333,0,0.708333333333333,0,1,0.0,0,632,0.444444444444444,0,6,6,True
256,1,1,0,1,1,0.34,0,68,2,1,3,2,4.21428571428571,0,3.5,1,1,0.6875,0,20,1.0,0,2,1,False
257,5,1,7,4,0,0.66,0,76,1,0,2,2,3.33333333333333,0,3.2,1,1,0.684210526315789,0,0,1.0,0,1,0,False
258,0,1,6,1,1,0.66,0,63,1,0,1,2,2.41666666666667,0,2.58333333333333,1,1,0.333333333333333,0,1,1.0,0,1,1,False
259,4,1,4,0,0,1.16,0,50,1,0,0,1,2.2,0,1.0,1,1,0.0,0,0,1.0,0,1,0,False
260,4,1,0,1,0,1.0,0,0,0,2,3,0,1.0,1,0.75,0,1,0.0,0,8,1.0,0,2,1,False
261,12,1,0,1,0,1.52,0,0,0,1,4,0,1.83333333333333,0,0.333333333333333,0,1,0.0,0,10,0.333333333333333,0,3,1,False
262,0,1,0,0,0,2.71,0,0,2,0,0,1,2.0,2,1.0,1,1,0.0,0,0,1.0,0,2,0,False
263,0,1,0,0,0,2.0,0,91,1,0,0,1,0.333333333333333,0,1.33333333333333,1,0,0.0,0,0,1.0,0,1,0,False
264,0,1,0,8,0,3.9,0,0,0,8,1,0,2.5,1,1.0,1,1,0.0,0,0,1.0,0,2,0,False
265,0,1,2,4,6,0.32,0,80,2,0,15,2,7.0625,0,7.5625,1,1,1.28571428571429,0,69,0.714285714285714,0,2,2,False
266,12,1,29,4,5,0.77,0,97,3,2,12,3,11.1951219512195,0,3.05487804878049,1,0,0.293785310734463,0,312,0.4,0,3,7,True
267,0,1,4,3,0,0.56,0,86,1,0,13,2,4.4,0,4.06666666666667,1,1,0.823529411764706,0,17,0.333333333333333,0,2,4,False
268,0,1,1,4,0,2.25,0,0,1,0,1,1,4.0,4,3.0,3,1,1.0,0,0,0.0,0,2,0,False
269,0,2,1,7,2,0.76,0,60,2,0,6,2,4.2,2,4.8,2,1,2.28571428571429,0,0,0.0,0,1,0,False
270,0,3,0,2,0,0.63,0,0,1,0,8,2,6.5,6,7.5,6,4,1.66666666666667,0,0,0.0,0,1,1,False
271,0,1,1,6,0,1.52,0,0,2,0,3,2,2.66666666666667,0,1.0,1,1,0.0,0,0,0.0,0,1,0,False
272,0,1,0,8,0,1.2,1,100,2,0,1,2,3.0,3,3.0,3,2,1.0,1,0,0.0,0,1,0,False
273,0,0,0,0,0,107.0,0,0,0,0,0,0,0.0,0,0.0,0,0,0.0,0,0,0.0,0,2,0,False
274,1,1,2,2,0,0.65,0,100,2,0,5,2,1.33333333333333,0,2.44444444444444,0,0,0.538461538461538,0,0,0.0,0,1,1,False
275,0,1,0,1,0,0.61,1,25,2,0,3,2,4.0,3,7.5,5,4,1.0,1,0,0.0,0,1,1,False
276,0,1,0,6,5,1.13,0,65,1,1,6,2,2.71428571428571,1,3.0,1,1,0.444444444444444,0,0,0.0,0,1,1,False
277,0,0,0,0,0,2.89,0,0,2,4,0,1,0.0,0,0.0,0,0,0.0,0,0,0.0,0,1,0,False
278,0,1,12,8,0,0.92,0,0,1,0,9,1,4.75,2,5.16666666666667,1,1,0.857142857142857,0,0,1.0,0,3,1,False
279,0,1,0,1,0,0.56,0,25,2,0,3,2,2.2,1,2.6,1,1,0.5,0,0,0.0,0,1,1,False
280,0,1,0,3,0,1.33,0,0,1,0,5,2,2.53846153846154,1,1.46153846153846,1,1,0.0,0,0,0.0,0,1,0,False
281,1,1,0,3,0,0.59,0,83,1,0,10,1,2.78571428571429,0,2.5,1,1,0.5,0,29,0.5,0,1,2,False
282,0,0,0,0,0,2.5,0,0,2,1,0,1,0.0,0,0.0,0,0,0.0,0,0,0.0,0,1,0,False
283,0,1,0,1,0,0.56,0,58,1,0,2,3,2.08333333333333,0,2.16666666666667,1,1,0.0,0,0,0.0,0,1,0,False
284,0,1,4,3,0,0.45,0,100,3,0,15,1,3.25,0,6.75,1,0,1.07142857142857,0,20,0.666666666666667,0,1,0,False
285,0,5,4,4,0,0.24,2,52,1,0,7,1,6.25,1,11.25,2,2,2.33333333333333,1,2,0.5,0,3,1,False
286,0,1,1,4,0,1.08,0,0,1,0,8,1,11.0,11,3.0,3,1,0.0,0,0,0.5,0,4,0,False
287,0,1,5,5,0,0.5,0,73,3,0,13,1,4.66666666666667,2,7.16666666666667,2,1,0.888888888888889,0,2,0.666666666666667,0,2,1,False
288,0,2,1,8,2,0.93,0,66,3,0,7,2,3.83333333333333,1,4.33333333333333,1,1,2.0,0,0,1.0,0,1,1,False
289,2,2,4,5,0,0.46,0,83,2,3,5,2,3.3125,1,7.625,1,1,1.22857142857143,0,0,0.0,0,2,0,False
290,9,1,2,3,0,0.67,0,83,2,4,8,2,3.45833333333333,0,3.375,1,1,0.432432432432432,0,0,0.0,0,1,0,False
291,2,1,6,7,0,0.42,2,85,2,0,16,2,6.16666666666667,1,9.25,2,1,1.25,0,33,0.375,0,3,3,True
292,0,1,0,0,0,0.21,0,66,2,0,7,2,2.57894736842105,0,3.63157894736842,1,1,0.956521739130435,0,0,1.0,0,1,0,False
293,0,2,0,10,0,1.05,0,33,2,0,8,2,5.0,1,5.66666666666667,1,1,1.42857142857143,0,5,1.0,0,2,0,False
294,0,1,1,9,0,2.16,0,0,3,0,4,1,4.0,3,1.0,1,1,0.0,0,0,1.0,0,1,0,False
295,0,1,0,14,0,3.24,0,100,3,0,0,1,3.0,3,1.0,1,2,1.0,1,0,1.0,0,1,0,False
296,0,1,6,5,0,0.49,0,72,3,0,11,1,4.0,1,6.54545454545455,2,1,1.8,0,56,0.8,0,2,1,False
297,2,1,6,1,0,0.27,0,100,2,0,14,1,5.10526315789474,2,4.78947368421053,1,1,0.791666666666667,0,87,0.5,0,3,1,False
298,0,1,0,0,1,1.24,0,0,2,0,2,1,4.0,4,5.0,5,6,2.0,2,0,1.0,0,1,0,False
299,2,2,5,3,4,0.27,2,87,2,4,30,2,5.08695652173913,1,9.04347826086956,1,1,1.17241379310345,0,66,0.5,0,3,5,True
300,1,1,0,3,0,0.81,0,77,2,0,6,1,2.28571428571429,0,4.0,0,1,0.5,0,0,1.0,0,2,0,False
301,1,1,4,1,0,0.29,0,73,3,0,4,2,2.35,0,3.05,0,1,0.375,0,12,0.25,0,2,1,True
302,0,0,0,0,0,148.0,0,0,0,0,0,0,0.0,0,0.0,0,0,0.0,0,1,1.0,0,2,0,False
303,0,1,0,4,1,0.65,1,0,2,0,4,1,4.0,4,14.0,14,25,4.0,4,2,0.333333333333333,0,2,1,False
304,0,2,4,2,1,0.27,0,100,3,0,10,2,4.0,0,6.8,1,0,1.41176470588235,0,9,1.0,0,2,0,False
305,0,2,4,4,0,0.61,0,100,3,0,8,1,2.0,0,5.28571428571429,1,0,0.909090909090909,0,12,0.333333333333333,0,3,2,False
306,2,1,5,0,0,0.4,0,78,2,0,3,2,4.75,1,4.0,1,1,0.727272727272727,0,0,1.0,0,2,0,False
307,0,1,3,8,0,0.77,2,78,3,0,5,2,6.0,1,6.0,1,1,1.71428571428571,0,2,0.666666666666667,0,3,1,False
308,0,1,0,7,4,0.92,0,74,2,1,7,1,2.55555555555556,1,4.77777777777778,1,1,1.09090909090909,0,13,0.25,0,3,3,True
309,0,0,0,0,0,3.86,0,0,2,13,0,1,0.0,0,0.0,0,0,0.0,0,0,1.0,0,1,0,False
310,2,1,20,12,0,1.01,0,85,1,0,11,1,6.4,2,5.4,1,1,1.0,0,2,0.333333333333333,0,5,2,True
311,0,1,0,0,0,0.85,0,0,2,0,0,1,0.0,0,0.166666666666667,0,1,0.0,0,0,1.0,0,1,0,False
312,0,1,0,5,0,0.92,0,75,2,0,6,2,2.5,0,3.0,0,1,0.615384615384615,0,1,1.0,0,4,0,False
313,0,1,0,6,0,1.73,0,0,2,0,5,1,1.77777777777778,1,1.44444444444444,1,1,0.0,0,0,1.0,0,1,1,False
314,0,1,0,6,0,0.67,0,80,1,0,10,1,4.54545454545455,1,4.45454545454545,1,1,0.769230769230769,0,27,0.333333333333333,0,2,2,False
315,0,0,0,0,0,7.2,0,0,2,1,0,1,0.0,0,0.0,0,0,0.0,0,0,1.0,0,1,0,False
316,0,1,0,4,0,1.02,0,50,2,0,2,3,2.57142857142857,0,2.21428571428571,1,1,0.1875,0,0,1.0,0,2,0,False
317,0,2,0,2,2,0.38,1,62,2,1,9,1,4.14285714285714,1,6.0,1,1,1.22222222222222,0,37,1.0,0,1,0,False
318,1,2,1,3,0,0.32,0,80,2,0,11,2,4.4,1,7.5,1,1,2.35714285714286,0,0,1.0,0,1,0,False
319,2,2,0,8,0,0.63,0,50,2,0,8,1,6.71428571428571,4,6.28571428571429,3,1,2.3,0,123,0.5,0,1,3,True
320,0,1,0,0,0,1.56,0,0,1,0,2,2,2.5,2,2.5,2,1,0.0,0,0,1.0,0,1,0,True
321,32,2,0,5,7,0.45,0,100,3,1,45,2,5.74496644295302,0,5.65771812080537,1,0,0.9875,0,541,0.403846153846154,4,3,7,True
322,0,1,0,2,6,0.93,0,55,1,4,2,2,2.6,1,3.2,0,1,0.461538461538462,0,0,1.0,0,2,0,False
323,0,1,0,2,3,0.67,0,66,2,0,4,2,1.83333333333333,0,3.5,1,1,0.0,0,2,1.0,0,2,1,False
324,5,2,1,5,2,0.51,0,66,3,0,21,2,3.73333333333333,1,5.73333333333333,1,1,0.95,0,5,0.6,0,1,3,True
325,2,1,0,0,0,0.59,0,52,1,0,1,2,2.16666666666667,0,2.0,0,1,0.111111111111111,0,0,1.0,0,3,0,False
326,1,3,0,11,0,0.59,1,79,1,0,14,2,2.84210526315789,1,6.15789473684211,1,1,1.16666666666667,0,10,0.333333333333333,0,1,3,False
327,1,1,0,0,0,0.48,0,87,2,0,6,2,2.11111111111111,0,3.33333333333333,1,0,0.769230769230769,0,1,1.0,0,1,2,False
328,0,1,0,4,0,0.3,2,40,2,0,16,1,8.0,2,12.25,4,2,1.66666666666667,1,5,0.6,0,1,0,False
329,0,2,0,2,1,0.43,0,66,3,0,12,1,4.0,2,9.33333333333333,3,1,2.0,0,13,0.571428571428571,0,1,2,True
330,1,2,0,1,2,0.31,0,33,2,0,11,2,4.625,1,5.5,1,1,1.5,0,0,0.5,0,2,1,False
331,1,2,0,1,2,0.28,0,50,2,0,11,2,4.7,1,5.9,1,1,1.35714285714286,0,1,0.666666666666667,0,3,0,False
332,2,1,0,0,0,0.68,0,50,3,0,4,1,2.5,1,3.0,1,1,0.5,0,0,1.0,0,2,0,False
333,0,1,0,1,1,0.69,0,33,3,0,5,1,3.0,2,4.0,2,1,0.6,0,8,0.5,0,2,1,False
334,1,1,0,0,0,0.23,0,87,2,0,10,2,3.36363636363636,0,4.27272727272727,1,0,0.714285714285714,0,17,0.666666666666667,0,2,3,False
335,6,2,4,7,0,0.49,0,76,2,1,19,2,4.8125,1,7.5625,1,1,1.42105263157895,0,55,0.5,0,3,2,True
336,0,1,0,1,0,0.38,0,50,2,0,9,2,4.75,1,6.5,1,1,1.16666666666667,0,1,1.0,0,3,0,False
337,0,1,0,0,1,0.57,0,0,3,0,8,1,3.66666666666667,3,6.33333333333333,4,1,0.8,0,7,0.5,0,1,1,False
338,0,1,0,0,1,0.69,0,0,3,0,7,1,3.66666666666667,3,5.33333333333333,4,1,0.6,0,7,0.5,0,1,0,False
339,2,2,0,1,1,0.25,0,57,2,5,15,1,6.14285714285714,1,7.57142857142857,0,1,1.77777777777778,0,166,0.4,0,2,1,False
340,0,1,0,0,1,0.62,0,0,3,0,7,1,3.66666666666667,3,5.66666666666667,4,1,0.6,0,7,0.5,0,1,0,False
341,0,1,0,3,0,4.5,0,0,0,3,1,0,2.0,2,1.0,1,1,0.0,0,0,1.0,0,2,0,False
342,5,1,6,3,3,0.32,0,100,2,2,78,5,5.3936170212766,0,5.58510638297872,1,0,0.823529411764706,0,639,0.295081967213115,4,4,11,True
343,1,2,1,0,1,0.16,0,71,3,0,12,1,2.6,1,6.3,1,1,1.46153846153846,0,3,1.0,0,2,3,False
344,0,1,0,5,0,4.44,0,0,2,1,3,1,1.42857142857143,1,0.714285714285714,0,1,0.0,0,2,0.5,0,1,2,False
345,0,1,1,6,0,2.33,2,0,1,0,3,1,8.0,8,3.0,3,1,0.0,0,1,0.5,0,2,0,False
346,0,2,1,3,1,0.49,0,53,3,0,6,1,4.66666666666667,3,5.33333333333333,3,1,2.625,0,2,1.0,0,2,2,True
347,0,1,0,5,0,6.5,0,0,2,2,0,2,1.0,1,1.0,1,1,0.0,0,6,1.0,0,2,0,True
348,30,4,0,0,1,0.05,0,95,2,0,11,2,4.35294117647059,1,5.0,1,1,2.51351351351351,0,18,0.5,0,2,2,False
349,0,1,0,0,0,0.23,4,83,3,0,8,1,3.33333333333333,3,11.6666666666667,6,1,0.8,0,3,1.0,0,1,0,False
350,1,1,3,4,0,0.41,0,83,1,0,21,1,5.95652173913043,0,6.91304347826087,0,1,1.28,0,41,0.4,0,3,4,True
351,0,1,0,3,0,2.74,0,0,2,2,6,1,4.5,0,0.75,0,1,0.0,0,29,0.75,0,2,1,False
352,1,1,1,0,0,0.32,1,75,2,0,6,1,3.5,3,8.75,3,2,1.0,1,1,1.0,0,2,0,False
353,0,1,0,2,0,0.6,0,75,1,0,4,2,3.28571428571429,1,4.0,0,1,1.0,0,1,0.333333333333333,0,1,1,False
354,0,1,0,0,0,1.31,0,0,3,0,0,1,2.0,2,2.5,1,1,0.75,0,0,1.0,0,1,0,False
355,0,1,0,3,0,3.55,0,0,0,1,1,0,0.0,0,1.0,1,1,0.0,0,2,1.0,0,1,0,False
356,0,1,1,0,1,0.18,0,50,1,0,7,2,1.64705882352941,0,3.35294117647059,2,1,0.35,0,8,1.0,0,1,0,False
357,0,1,0,3,0,1.5,0,54,1,0,2,2,4.25,1,2.0,1,1,0.0,0,0,1.0,0,1,0,False
358,3,1,0,0,0,0.95,0,25,1,0,1,2,5.0,3,2.0,1,1,0.0,0,0,1.0,0,1,0,False
359,9,1,0,5,0,0.59,0,85,1,0,21,1,5.1875,1,4.78125,1,1,0.911764705882353,0,189,0.333333333333333,2,2,8,True
360,6,2,0,2,1,0.3,0,100,3,1,24,2,5.82456140350877,0,4.96491228070175,1,0,1.04225352112676,0,621,0.379310344827586,4,2,2,True
361,0,1,0,0,0,0.49,0,60,1,0,0,2,1.6,0,2.8,1,1,0.428571428571429,0,0,1.0,0,3,0,False
362,0,1,0,0,0,1.5,0,0,1,0,2,2,2.5,2,2.5,2,1,0.0,0,1,0.5,0,1,1,True
363,0,1,0,6,0,3.11,0,0,3,0,3,1,3.0,1,2.25,2,1,0.0,0,81,1.0,0,1,1,False
364,0,1,0,3,0,2.21,0,100,2,0,0,1,2.66666666666667,1,1.0,1,1,0.0,0,0,1.0,0,2,0,False
365,0,1,0,1,0,0.38,0,50,2,0,1,2,3.5,0,5.375,1,1,0.923076923076923,0,0,1.0,0,1,0,False
366,0,1,0,0,0,0.32,0,61,2,0,0,1,1.71428571428571,0,2.85714285714286,1,1,0.7,0,0,1.0,0,1,0,False
367,0,1,1,1,1,0.48,0,85,3,0,3,1,2.25,1,4.25,1,1,0.714285714285714,0,25,0.666666666666667,0,1,0,False
368,0,1,1,1,0,0.43,0,79,1,0,1,2,3.86666666666667,0,3.66666666666667,1,1,1.25,0,5,0.666666666666667,0,1,1,False
369,0,1,0,1,0,0.32,0,80,2,0,4,1,4.29411764705882,1,3.70588235294118,1,1,0.736842105263158,0,0,1.0,0,1,0,False
370,4,1,0,4,0,5.43,0,0,0,2,1,0,0.75,0,0.5,0,1,0.0,0,0,1.0,0,1,0,False
371,0,1,0,5,0,1.09,0,85,1,0,0,1,3.63636363636364,1,2.27272727272727,1,1,0.307692307692308,0,0,1.0,0,1,0,False
372,0,1,1,2,0,0.58,0,58,1,0,1,2,2.66666666666667,1,3.0,2,1,1.25,0,0,1.0,0,1,0,False
373,0,2,1,1,2,0.41,1,63,2,6,2,1,4.16666666666667,2,6.66666666666667,1,1,1.75,0,0,1.0,0,2,0,True
374,0,1,0,0,0,0.43,0,64,2,0,0,1,7.0,0,3.0,1,1,0.444444444444444,0,0,1.0,0,2,0,False
375,0,1,0,0,0,0.81,0,62,2,0,0,1,2.5,0,1.75,0,1,0.0,0,0,1.0,0,1,0,False
376,0,1,0,5,1,1.0,0,75,2,0,0,1,3.42857142857143,2,3.14285714285714,1,1,0.777777777777778,0,0,1.0,0,1,1,False
377,0,1,8,4,0,0.63,0,88,2,0,8,2,3.85714285714286,1,3.73809523809524,1,1,0.533333333333333,0,0,1.0,0,1,0,False
378,0,1,3,0,0,0.37,0,0,1,0,0,1,3.33333333333333,1,6.66666666666667,5,2,2.16666666666667,2,0,1.0,0,1,0,False
379,2,1,0,1,0,0.77,0,46,1,0,1,1,4.42857142857143,2,3.14285714285714,1,1,0.4,0,0,1.0,0,1,0,False
380,0,1,0,0,0,1.41,0,0,3,1,0,1,0.363636363636364,0,0.727272727272727,0,1,0.0,0,1,0.5,0,1,0,False
381,0,1,0,4,0,0.64,0,82,2,0,3,2,1.76470588235294,0,3.23529411764706,1,1,0.947368421052632,0,8,0.8,0,1,0,False
382,0,1,0,0,0,1.28,0,100,2,2,1,1,3.1,0,0.6,0,0,0.0,0,0,0.5,0,2,0,False
383,0,1,0,0,1,0.19,0,85,1,1,1,2,2.52380952380952,0,2.33333333333333,1,1,0.217391304347826,0,0,0.5,0,2,0,False
384,0,1,0,0,3,0.56,0,83,2,2,3,1,3.66666666666667,3,4.33333333333333,3,1,0.8,0,0,1.0,0,1,0,False
385,0,1,1,0,0,0.44,0,77,1,0,7,2,5.75,2,5.0,1,1,0.764705882352941,0,4,0.666666666666667,0,2,0,False
386,0,1,4,2,0,0.56,0,62,1,0,0,1,3.75,3,5.75,2,1,0.666666666666667,0,0,1.0,0,1,1,False
387,0,1,0,3,0,2.8,0,100,3,0,0,1,3.0,1,2.0,2,1,0.0,0,0,1.0,0,2,1,False
388,0,1,0,3,0,2.29,0,100,2,0,1,1,2.0,0,1.33333333333333,1,1,0.0,0,0,1.0,0,2,0,False
389,0,1,0,0,0,3.57,0,0,2,0,0,1,3.0,3,1.0,1,1,0.0,0,4,1.0,0,2,0,False
390,0,1,0,2,0,2.55,0,100,2,3,0,1,4.0,3,1.0,1,1,0.0,0,0,1.0,0,1,0,False
391,1,1,0,4,0,6.5,0,0,0,1,0,0,1.0,1,0.0,0,1,2.0,0,0,1.0,0,3,1,False
392,0,1,0,4,0,1.65,0,72,1,0,0,1,3.11111111111111,1,1.88888888888889,1,1,0.0,0,0,1.0,0,3,0,False
393,0,1,0,6,0,5.4,0,0,0,2,2,0,1.28571428571429,1,0.714285714285714,0,1,0.0,0,0,1.0,0,2,2,False
394,0,1,0,5,0,4.88,0,0,0,1,2,0,0.25,0,0.0,0,1,0.0,0,0,1.0,0,3,0,False
395,0,1,0,3,0,3.27,0,25,1,0,0,1,2.0,2,1.5,1,1,0.6,0,2,0.666666666666667,0,1,0,False
396,0,1,0,1,0,0.31,0,76,1,0,11,3,3.11764705882353,1,3.94117647058824,1,1,0.590909090909091,0,7,0.5,0,3,1,False
397,0,1,0,2,0,0.5,0,76,1,0,2,1,4.58333333333333,0,3.5,1,1,1.07142857142857,0,11,0.4,0,2,0,True
398,3,1,0,1,0,0.26,0,75,1,0,8,2,4.76470588235294,1,4.11764705882353,1,1,0.909090909090909,0,104,0.375,0,4,3,True
399,1,2,0,1,2,0.84,1,0,3,1,4,1,3.66666666666667,3,4.33333333333333,1,1,1.4,0,6,0.333333333333333,0,2,1,True
400,0,1,5,0,0,0.48,0,40,1,0,0,1,2.2,1,2.4,1,1,0.428571428571429,0,0,1.0,0,2,0,False
401,0,1,0,3,0,3.29,0,100,1,1,1,1,0.444444444444444,0,0.666666666666667,0,0,0.0,0,0,1.0,0,3,0,False
402,0,2,0,4,0,0.67,0,75,1,0,6,2,4.5,1,4.28571428571429,1,1,1.1875,0,3,0.5,0,4,3,False
403,1,1,0,5,0,9.0,0,0,0,2,1,0,2.0,2,0.0,0,1,0.0,0,0,1.0,0,2,2,False
404,7,2,0,3,0,0.76,0,77,1,0,7,1,4.42857142857143,2,4.0,1,1,1.0,0,0,1.0,0,1,1,False
405,0,1,0,0,0,1.41,0,0,3,0,3,1,5.5,3,2.0,2,1,0.6,0,4,0.5,0,2,0,False
406,0,2,0,4,1,0.55,0,64,2,2,9,1,7.66666666666667,1,5.83333333333333,1,1,1.375,0,34,0.666666666666667,0,3,1,False
407,0,1,0,0,0,1.56,0,0,3,0,3,1,5.5,3,2.0,2,1,0.0,0,4,0.5,0,2,0,False
408,0,1,0,0,0,1.41,0,0,3,0,4,1,5.5,4,2.0,2,1,0.0,0,0,1.0,0,2,1,False
409,6,1,0,4,1,0.4,0,66,2,5,13,2,5.35294117647059,0,7.05882352941176,1,1,1.0952380952381,0,12,0.5,0,4,1,True
410,0,1,0,0,0,1.33,0,0,3,0,4,1,5.0,4,2.0,2,1,0.0,0,0,1.0,0,2,1,False
411,25,2,26,6,15,0.46,1,96,1,2,75,2,10.3262032085561,0,7.17112299465241,0,1,1.13131313131313,0,1617,0.298850574712644,4,9,8,True
412,14,2,7,3,21,0.29,0,96,3,3,132,5,6.20588235294118,0,6.68235294117647,1,1,1.07777777777778,0,2185,0.425,3,4,9,True
413,0,2,0,0,1,0.51,0,66,3,0,3,1,2.5,1,3.75,1,1,0.666666666666667,0,0,1.0,0,1,0,False
414,3,2,0,2,0,0.57,0,55,2,0,11,1,3.5,1,4.83333333333333,1,1,1.0,0,317,0.461538461538462,0,2,1,False
415,1,2,0,3,2,0.67,0,50,4,1,8,1,3.75,3,7.0,3,1,1.16666666666667,0,1,0.5,0,1,0,False
416,0,1,0,3,0,2.04,0,40,4,0,1,1,1.0,0,1.6,1,1,0.0,0,0,1.0,0,1,0,False
417,0,1,0,6,0,5.1,0,0,2,4,0,1,38.6666666666667,4,0.666666666666667,0,1,0.0,0,0,0.666666666666667,0,6,0,False
418,0,2,0,1,2,0.63,0,33,5,0,2,1,3.5,3,5.5,4,2,1.75,1,3,0.666666666666667,0,1,1,False
419,1,2,0,6,0,0.78,0,57,2,0,3,3,4.77777777777778,0,3.94444444444444,1,1,1.28571428571429,0,9,0.5,0,3,3,True
420,0,1,0,6,0,4.5,0,0,0,4,2,0,4.36363636363636,1,0.818181818181818,0,1,0.0,0,1,0.333333333333333,0,4,1,False
421,2,1,0,0,0,0.3,0,54,1,0,2,2,2.42424242424242,0,1.60606060606061,1,1,0.0,0,0,1.0,0,1,2,False
422,0,1,0,2,0,2.6,0,100,3,0,0,1,1.5,0,2.0,2,1,0.0,0,0,1.0,0,2,0,False
423,0,1,0,1,0,7.0,0,0,0,2,0,0,1.0,1,0.0,0,1,0.0,0,0,1.0,0,3,0,False
424,3,1,0,3,0,0.66,0,70,2,0,4,2,3.45,1,3.15,1,1,0.458333333333333,0,1,1.0,0,3,1,False
425,0,1,0,1,0,0.35,0,83,2,0,16,2,2.0,0,3.08333333333333,0,1,1.07142857142857,0,21,0.333333333333333,0,3,6,False
426,1,1,0,7,5,1.02,0,90,1,0,3,3,3.40983606557377,0,2.86885245901639,0,1,0.647058823529412,0,0,1.0,0,2,1,False
427,13,2,1,5,2,0.69,0,86,2,0,16,2,5.46341463414634,0,6.17073170731707,1,1,1.13333333333333,0,20,0.375,0,5,5,False
428,4,2,2,3,0,0.38,0,81,2,2,14,2,4.6,0,5.84,1,1,1.33333333333333,0,25,0.4,0,3,4,False
429,2,2,0,4,0,0.96,0,71,1,0,2,1,4.92307692307692,2,3.0,1,1,0.764705882352941,0,5,0.666666666666667,0,1,2,False
430,0,1,0,6,0,1.08,0,88,1,0,4,1,4.83333333333333,1,2.25,1,1,0.933333333333333,0,4,1.0,0,1,0,False
431,0,2,11,0,0,0.42,0,60,1,0,1,1,3.72727272727273,2,2.45454545454545,1,1,1.0,0,0,1.0,0,1,0,False
432,0,2,1,2,0,0.34,0,65,1,0,3,2,5.14285714285714,1,7.0,1,1,1.88888888888889,0,3,1.0,0,2,0,False
433,0,1,0,0,0,1.5,0,0,2,0,0,1,2.0,2,2.0,1,1,0.75,0,3,1.0,0,1,1,False
434,0,1,0,3,0,0.49,1,85,1,0,11,2,9.15384615384615,1,6.15384615384615,1,1,0.666666666666667,0,26,0.545454545454545,0,6,3,False
435,0,1,0,0,0,1.44,0,0,3,0,0,1,2.0,2,2.5,1,1,0.75,0,0,1.0,0,2,0,False
436,1,1,2,3,2,0.7,0,73,1,8,4,3,7.33333333333333,1,3.11111111111111,0,1,0.65,0,24,0.375,0,3,1,True
437,4,1,20,2,0,0.44,0,95,1,2,7,1,5.5531914893617,0,3.51063829787234,1,0,0.942307692307692,0,61,0.357142857142857,0,1,3,True
438,5,1,4,1,1,0.43,0,74,1,0,3,2,5.0625,1,2.4375,1,1,0.6,0,0,0.5,0,5,0,False
439,0,1,0,4,0,5.33,0,0,0,1,0,0,0.0,0,1.0,1,1,0.0,0,0,1.0,0,1,0,False
440,0,1,1,0,1,0.77,0,50,1,0,3,2,2.4,2,2.6,2,1,0.428571428571429,0,0,1.0,0,1,0,False
441,0,1,1,0,0,0.71,0,0,1,4,2,2,1.16666666666667,0,1.33333333333333,0,1,0.0,0,0,0.333333333333333,0,2,0,False
442,0,1,0,2,0,2.6,0,100,3,0,0,1,1.5,0,2.0,2,1,0.0,0,0,1.0,0,2,1,False
443,0,1,0,6,0,5.22,0,0,2,1,1,1,2.75,2,0.75,0,1,0.0,0,20,0.5,0,2,0,False
444,0,1,0,1,0,1.44,0,80,1,0,1,1,3.5,1,1.75,1,1,0.0,0,2,0.5,0,1,0,False
445,0,1,0,0,0,3.29,0,0,2,0,0,1,2.0,2,1.0,1,1,0.0,0,0,1.0,0,2,0,False
446,1,3,0,5,1,0.35,0,94,2,0,29,2,5.87755102040816,0,5.87755102040816,1,1,2.73076923076923,0,7,0.5,0,3,3,False
447,0,0,0,0,0,3.17,0,100,1,0,0,1,0.0,0,1.0,1,0,0.0,0,0,1.0,0,1,0,True
448,0,1,0,5,0,4.88,0,0,3,2,1,1,2.66666666666667,1,1.0,1,1,0.0,0,0,0.333333333333333,0,2,0,False
449,0,1,0,5,0,1.44,0,50,1,0,1,1,4.0,3,2.6,1,1,0.571428571428571,0,1,0.5,0,2,0,False
450,0,1,0,2,0,2.55,0,100,2,0,0,1,1.0,0,1.0,1,1,0.0,0,0,1.0,0,1,1,False
451,0,1,0,3,0,2.62,0,0,3,2,7,1,1.77777777777778,0,0.888888888888889,0,1,0.0,0,1,0.666666666666667,0,3,3,True
452,0,1,0,0,0,3.14,0,0,2,0,0,1,2.0,2,1.0,1,1,0.0,0,0,1.0,0,2,0,False
453,1,1,2,4,3,0.67,1,70,2,1,5,1,4.8,1,4.2,1,1,1.0,0,6,0.666666666666667,0,2,1,True
454,0,1,0,3,0,3.27,0,0,0,2,1,0,1.0,1,0.0,0,1,0.0,0,0,1.0,0,1,0,False
455,0,1,0,5,0,4.83,0,0,1,1,1,1,1.0,1,0.0,0,1,0.0,0,0,1.0,0,1,0,False
456,0,1,0,4,0,4.67,0,0,1,1,1,1,1.0,1,1.0,1,1,0.0,0,0,1.0,0,1,0,False
457,0,1,0,0,0,0.37,9,50,3,0,4,1,4.0,4,18.0,18,1,0.0,0,0,1.0,0,1,0,False
458,0,1,0,0,1,0.76,1,100,2,0,1,1,3.0,3,8.0,8,4,1.0,1,1,1.0,0,2,0,False
459,0,3,0,5,0,0.84,0,54,1,0,4,2,7.5,0,3.33333333333333,1,1,1.5,0,11,0.333333333333333,0,2,2,False
460,2,3,0,7,0,0.95,1,100,1,0,21,1,6.85714285714286,0,7.07142857142857,1,0,0.764705882352941,0,31,0.5,0,5,3,True
461,0,2,0,3,0,0.63,0,82,1,0,6,2,3.64285714285714,0,2.35714285714286,0,1,0.4375,0,7,0.333333333333333,0,4,3,False
462,2,1,3,4,0,0.7,0,66,2,0,5,2,3.33333333333333,0,4.88888888888889,0,1,1.14285714285714,0,18,0.4,0,1,0,True
463,4,3,0,3,0,0.28,0,100,2,2,9,2,6.45454545454545,0,5.36363636363636,1,0,1.41379310344828,0,122,0.4,0,1,3,False
464,1,2,0,1,0,0.36,0,25,1,0,7,2,4.33333333333333,2,10.3333333333333,3,1,2.4,0,3,0.4,0,2,1,True
465,12,1,13,6,0,0.64,0,100,2,0,30,2,6.0,0,6.25,1,0,0.857142857142857,0,31,0.666666666666667,0,3,3,True
466,29,2,5,5,5,0.46,0,92,2,0,52,2,6.10752688172043,0,7.34408602150538,1,1,1.04,0,483,0.454545454545455,5,7,6,True
467,20,1,12,3,0,0.47,0,100,2,2,19,2,6.84905660377358,0,3.97169811320755,1,0,0.581196581196581,0,489,0.391304347826087,2,6,4,True
468,3,1,6,3,1,0.46,0,84,1,0,10,2,3.95454545454545,0,4.45454545454545,1,1,0.875,0,41,0.375,0,6,2,False
469,3,1,0,8,0,6.12,0,0,0,1,1,0,2.0,2,0.333333333333333,0,1,0.0,0,0,1.0,0,1,2,False
470,6,2,1,4,0,0.4,2,100,2,0,19,4,7.08695652173913,0,6.30434782608696,1,0,1.07692307692308,0,135,0.4,0,8,2,False
471,0,1,0,2,0,0.85,0,33,1,0,4,2,3.75,1,2.25,1,1,0.357142857142857,0,4,0.333333333333333,0,1,1,False
472,1,1,0,0,0,0.67,0,0,1,0,1,1,6.0,4,4.5,1,1,1.0,0,0,1.0,0,1,0,False
473,4,1,7,5,0,0.55,1,0,1,0,8,1,5.28571428571429,1,5.57142857142857,1,1,1.33333333333333,0,0,1.0,0,1,0,False
474,0,1,0,7,0,5.3,0,100,0,1,0,0,1.5,1,0.75,0,1,0.0,0,0,1.0,0,1,0,False
475,0,1,0,3,0,2.64,0,100,2,0,0,1,1.0,0,1.0,1,1,0.0,0,44,0.5,0,2,1,False
476,29,1,22,4,6,0.58,0,95,2,1,24,2,7.61386138613861,0,4.2970297029703,0,1,0.788990825688073,0,331,0.37037037037037,1,4,7,True
477,6,1,1,2,0,0.54,0,88,1,0,5,2,4.875,0,2.5,1,0,0.481481481481481,0,12,0.666666666666667,0,5,1,False
478,0,1,2,7,0,0.63,0,68,1,0,9,1,3.07142857142857,0,5.71428571428571,1,1,1.25,0,20,0.666666666666667,0,1,1,False
479,24,2,12,4,3,0.32,0,100,2,3,21,2,6.53703703703704,2,6.37037037037037,1,1,1.35483870967742,0,120,0.533333333333333,0,2,4,True
480,0,1,3,8,0,0.88,4,0,1,0,4,1,7.0,3,8.0,0,1,0.6,0,0,1.0,0,1,0,False
481,0,1,0,0,0,0.32,0,55,1,0,2,2,5.0,1,3.33333333333333,1,1,0.684210526315789,0,0,1.0,0,1,0,False
482,0,1,0,3,0,2.6,0,0,2,0,0,1,1.0,0,1.0,1,1,0.0,0,0,1.0,0,1,0,False
483,2,1,0,2,2,0.4,0,73,2,1,7,2,4.21428571428571,1,4.71428571428571,1,1,1.22222222222222,0,62,0.8,0,2,1,True
484,1,1,2,4,0,0.42,0,84,1,1,6,2,4.69230769230769,1,4.84615384615385,1,1,1.46666666666667,0,84,0.5,0,3,1,True
485,0,1,0,5,0,3.71,0,0,0,5,4,0,1.125,0,0.0,0,1,0.0,0,0,1.0,0,2,1,False
486,0,2,0,4,0,0.78,0,50,2,0,9,2,4.5,1,3.16666666666667,1,1,1.33333333333333,0,0,1.0,0,2,1,False
487,0,1,0,0,0,0.5,0,60,1,0,5,3,11.4166666666667,2,3.0,1,1,0.928571428571429,0,5,1.0,0,3,0,False
488,0,1,0,2,0,2.7,0,100,2,0,0,1,2.0,0,1.0,1,1,0.0,0,0,1.0,0,1,1,False
489,0,1,3,9,0,1.25,1,0,1,0,0,1,7.75,0,3.0,1,1,1.33333333333333,0,0,1.0,0,2,0,False
490,0,2,0,2,0,0.4,0,66,1,0,4,3,3.11111111111111,0,4.0,1,1,1.33333333333333,0,0,1.0,0,2,0,False
491,0,1,2,2,0,0.52,0,87,1,0,14,4,2.26315789473684,0,2.0,0,1,0.818181818181818,0,0,1.0,0,3,1,False
492,0,1,0,8,0,0.63,0,65,1,0,14,1,7.0,4,10.0,4,1,2.125,0,83,0.5,0,2,2,False
493,0,1,0,2,0,0.83,0,61,1,0,2,2,3.33333333333333,3,4.66666666666667,2,1,0.0,0,1,0.5,0,1,0,False
494,0,2,0,4,8,0.35,0,84,2,0,20,2,6.0,0,7.31034482758621,1,1,1.58823529411765,0,23,0.4,0,2,3,True
495,0,1,0,5,0,2.82,0,0,0,2,2,0,1.75,0,0.375,0,1,0.0,0,5,0.5,0,2,0,False
496,1,1,0,5,1,0.5,0,78,2,0,7,1,5.0,1,5.66666666666667,1,1,1.125,0,5,0.5,0,2,2,True
497,0,1,0,3,0,0.8,0,66,1,0,2,2,4.5,2,4.25,1,1,0.5,0,0,1.0,0,1,0,False
498,0,1,0,5,0,2.33,0,0,3,0,0,1,4.0,4,4.0,4,1,0.0,0,0,1.0,0,1,0,False
499,0,1,0,3,0,0.81,0,82,3,0,7,2,3.0,0,2.33333333333333,1,1,0.578947368421053,0,2,0.666666666666667,0,2,1,False
500,0,1,2,4,0,0.57,0,100,3,0,12,1,5.54347826086957,0,4.73913043478261,1,0,0.92,0,12,0.333333333333333,0,3,1,True
501,0,1,0,7,0,1.03,0,83,1,0,2,1,7.26923076923077,0,3.80769230769231,1,1,0.655172413793103,0,0,1.0,0,1,1,False
502,0,1,0,4,0,1.34,0,78,1,0,0,1,5.28571428571429,1,2.42857142857143,1,1,0.0,0,0,1.0,0,1,1,False
503,0,2,0,5,0,0.46,0,51,1,0,6,1,4.71428571428571,2,5.28571428571429,2,1,1.66666666666667,0,0,1.0,0,1,0,False
504,0,2,0,0,3,0.1,0,87,1,0,27,2,2.76595744680851,0,4.12765957446809,0,1,0.892857142857143,0,85,0.285714285714286,0,1,4,False
505,0,1,0,3,0,1.22,0,69,1,0,0,1,10.0,1,1.75,1,1,0.428571428571429,0,0,1.0,0,1,0,False
506,0,0,0,0,0,1.92,0,0,0,3,0,0,0.0,0,0.0,0,0,1.66666666666667,0,0,1.0,0,2,0,False
507,0,1,0,2,0,0.63,0,25,2,0,1,1,2.0,2,4.0,3,1,1.5,0,0,1.0,0,1,0,False
508,0,1,0,0,0,0.35,0,33,1,0,3,2,2.0,0,4.33333333333333,0,1,1.66666666666667,0,0,1.0,0,1,0,False
509,0,1,0,0,0,0.7,0,0,2,0,0,1,2.0,1,2.0,1,1,0.0,0,0,1.0,0,1,0,False
510,0,1,0,0,0,0.83,0,33,2,0,1,1,1.66666666666667,1,2.0,1,1,0.0,0,0,1.0,0,1,0,False
511,0,1,0,0,0,0.43,0,37,2,0,0,1,2.5,1,1.875,1,1,0.3,0,0,1.0,0,1,0,False
512,0,1,0,0,0,0.19,0,76,2,0,1,1,1.78571428571429,0,2.57142857142857,0,1,0.875,0,0,1.0,0,1,0,False
513,0,1,2,7,0,0.44,7,0,1,0,7,2,3.5,3,20.0,2,1,0.75,0,2,1.0,0,2,0,False
514,0,1,0,2,0,0.71,0,85,1,0,2,2,5.16666666666667,0,1.94444444444444,0,1,0.19047619047619,0,0,0.5,0,2,0,False
515,0,1,0,0,0,1.12,0,0,3,0,0,1,2.0,2,2.5,1,1,0.75,0,0,1.0,0,1,0,False
516,0,1,0,3,0,1.07,0,78,1,0,4,3,5.6,1,3.33333333333333,1,1,0.444444444444444,0,0,1.0,0,1,1,False
517,0,1,0,2,0,0.93,0,66,1,0,9,3,9.5,1,6.5,1,1,1.5,0,0,1.0,0,1,0,False
518,0,1,0,2,0,0.85,0,83,1,0,2,2,4.0,2,2.52380952380952,1,1,0.130434782608696,0,0,1.0,0,1,1,False
519,0,1,0,3,0,1.27,0,75,1,0,1,3,5.0,0,1.72727272727273,1,1,0.0,0,0,1.0,0,1,0,False
520,0,1,3,2,0,0.25,0,100,1,0,29,3,5.51351351351351,0,6.40540540540541,1,0,0.534883720930233,0,0,1.0,0,1,0,False
521,0,1,0,3,0,0.68,0,89,1,0,9,3,3.12698412698413,0,2.57142857142857,1,1,0.194029850746269,0,5,0.5,0,2,1,False
522,0,1,0,2,0,1.85,0,50,1,0,0,2,2.33333333333333,1,1.0,1,1,0.0,0,0,1.0,0,1,0,False
523,0,1,0,2,0,0.78,0,69,1,0,5,3,2.63636363636364,1,4.09090909090909,1,1,0.384615384615385,0,0,1.0,0,1,1,False
524,0,1,0,2,0,0.76,0,62,1,0,3,3,2.625,1,2.75,1,1,0.5,0,0,1.0,0,1,0,False
525,0,1,0,2,0,1.84,0,60,1,0,0,2,2.2,0,1.2,1,1,0.0,0,0,1.0,0,1,0,False
526,0,1,0,3,0,0.93,0,72,1,0,3,2,3.85714285714286,0,2.35714285714286,1,1,0.1875,0,0,1.0,0,2,0,False
527,0,1,0,3,0,0.46,0,85,1,0,13,3,3.95238095238095,1,6.14285714285714,1,1,0.608695652173913,0,0,1.0,0,1,1,False
528,0,1,0,2,0,0.61,0,66,1,0,4,3,3.0,2,3.4,1,1,0.176470588235294,0,0,1.0,0,1,0,False
529,0,1,0,3,0,0.43,4,16,2,0,9,1,4.5,3,14.5,5,2,2.5,1,10,0.333333333333333,0,1,2,True
530,8,1,18,0,4,0.04,0,94,2,2,3,2,2.0379746835443,0,2.77215189873418,0,1,0.313953488372093,0,0,0.0,0,2,0,False
531,12,1,34,0,8,0.02,0,95,2,2,7,2,2.27215189873418,0,3.32911392405063,0,1,0.544910179640719,0,0,0.0,0,2,0,False
532,21,1,34,0,8,0.02,0,95,2,2,5,2,2.11931818181818,0,3.25,0,1,0.475675675675676,0,0,0.0,0,2,0,False
533,18,1,18,0,4,0.04,0,95,2,2,3,2,1.94117647058824,0,2.96638655462185,0,1,0.264,0,0,0.0,0,2,0,False
534,57,1,50,0,12,0.03,0,96,2,2,7,2,2.06084656084656,0,3.06084656084656,0,1,0.31025641025641,0,9,1.0,0,3,0,False
535,20,1,34,0,8,0.03,0,95,2,2,5,2,2.08620689655172,0,3.22413793103448,0,1,0.46448087431694,0,0,0.0,0,2,0,False
536,4,1,18,0,4,0.03,0,94,2,2,3,2,1.91935483870968,0,2.85483870967742,0,1,0.367647058823529,0,0,0.0,0,2,0,False
537,23,1,34,0,8,0.02,0,95,2,2,9,2,2.19387755102041,0,3.32142857142857,0,1,0.497560975609756,0,0,0.0,0,2,0,False
538,15,1,18,0,4,0.03,0,95,2,2,3,2,1.85567010309278,0,3.15463917525773,0,1,0.456310679611651,0,0,0.0,0,2,0,False
539,0,1,0,4,0,4.71,0,0,0,9,0,0,1.0,1,1.0,1,1,0.0,0,0,1.0,0,1,0,False
540,0,1,0,0,0,0.4,0,50,1,0,1,2,3.5,1,6.0,2,1,2.4,0,0,1.0,0,1,0,False
541,0,1,0,0,0,0.48,0,16,1,0,13,2,2.0,1,4.0,2,1,0.0,0,0,1.0,0,1,0,False
542,0,1,0,0,0,0.64,0,33,1,0,0,2,1.66666666666667,0,2.66666666666667,1,1,0.166666666666667,0,0,1.0,0,1,0,False
543,0,1,0,0,0,0.54,0,33,1,0,1,2,2.0,1,3.33333333333333,2,1,0.6,0,0,1.0,0,1,0,False
544,0,2,0,1,0,0.3,0,44,2,0,11,1,3.66666666666667,2,11.6666666666667,3,1,1.4,0,0,0.5,0,1,1,False
545,0,1,0,0,0,2.38,0,0,1,12,1,2,11.0,11,3.0,3,1,0.0,0,0,1.0,0,1,0,False
546,0,1,0,0,0,2.71,0,0,2,0,0,1,0.0,0,1.0,1,1,0.0,0,0,1.0,0,1,0,False
547,5,1,3,2,0,1.0,0,75,1,0,2,2,7.5,2,1.875,1,1,0.4,0,0,1.0,0,3,0,False
548,0,1,2,0,0,0.9,0,0,1,2,6,2,2.5,1,1.5,0,1,0.5,0,0,1.0,0,1,0,False
549,0,1,0,0,0,0.32,0,83,2,0,9,1,1.33333333333333,0,4.66666666666667,2,1,0.5,0,12,0.5,0,1,1,False
550,2,1,0,0,0,0.09,0,30,2,0,16,1,6.5,3,15.5,5,2,2.5,1,25,0.333333333333333,0,1,4,True
551,0,2,0,1,0,0.29,0,61,2,0,11,1,2.0,0,5.66666666666667,0,1,1.75,0,1,0.5,0,1,1,False
552,0,2,0,0,0,0.09,0,80,1,0,3,1,3.88461538461538,1,3.34615384615385,1,1,0.928571428571429,0,0,1.0,0,1,0,False
553,0,3,0,1,0,0.15,0,30,2,0,10,1,6.0,4,17.5,4,1,2.5,0,3,0.5,0,2,1,False
554,2,2,1,0,0,0.22,0,55,2,0,10,1,4.66666666666667,2,8.0,3,1,1.25,0,1,0.5,0,2,1,False
555,0,2,1,0,0,0.14,0,68,2,0,13,1,3.25,0,7.25,0,1,1.8,0,0,1.0,0,1,0,False
556,0,2,0,0,0,0.12,0,62,2,0,13,1,5.22222222222222,2,12.2222222222222,3,1,2.18181818181818,0,0,0.5,0,1,2,False
557,0,1,0,2,0,0.3,0,50,2,0,9,1,3.0,1,26.5,2,1,2.25,0,1,0.666666666666667,0,3,0,False
558,0,1,0,2,0,0.48,0,50,2,0,5,1,3.0,1,9.0,2,1,0.75,0,0,0.5,0,1,1,False
559,2,1,0,1,0,0.6,0,66,2,0,8,1,2.44444444444444,0,2.33333333333333,1,1,0.272727272727273,0,192,0.5,0,2,0,True
560,0,1,0,4,0,0.88,0,75,2,0,4,1,1.5,0,4.0,1,1,0.5,0,0,0.5,0,1,1,False
561,2,1,0,0,0,2.0,0,0,0,0,0,0,0.5,0,1.0,1,1,0.0,0,0,1.0,0,1,0,False
562,1,1,0,1,0,2.44,0,0,0,0,0,0,1.0,1,1.0,1,1,0.0,0,0,1.0,0,1,0,False
563,0,2,15,2,0,0.4,0,90,2,2,3,1,6.05263157894737,0,2.21052631578947,0,1,0.729166666666667,0,225,1.0,0,2,0,True
564,0,1,0,3,0,3.89,0,0,1,10,3,2,34.75,17,1.0,1,1,0.0,0,0,1.0,0,1,0,False
565,0,1,11,2,0,0.74,0,91,1,0,2,2,16.0416666666667,2,3.45833333333333,1,1,0.576923076923077,0,2,0.666666666666667,0,1,1,True
566,0,1,0,3,0,7.25,0,0,0,9,0,0,22.0,14,0.5,0,1,0.0,0,0,0.5,0,2,0,False
567,0,1,0,6,0,3.19,0,0,0,2,1,0,4.4,1,0.8,0,1,0.0,0,2,0.5,0,1,1,False
568,0,1,0,3,0,2.4,0,100,2,0,0,1,1.0,0,1.0,1,1,0.0,0,0,1.0,0,2,0,False
569,0,1,0,2,0,2.14,0,100,2,0,1,1,2.0,0,1.66666666666667,1,1,0.0,0,0,1.0,0,2,0,False
570,0,1,0,2,0,2.14,0,100,2,0,1,1,1.33333333333333,0,1.66666666666667,1,1,0.0,0,0,1.0,0,1,0,False
571,0,1,0,1,0,2.2,0,100,3,0,0,1,4.5,0,2.0,2,1,0.0,0,0,1.0,0,1,1,False
572,1,1,1,0,0,0.11,0,67,1,0,2,2,2.19444444444444,0,2.36111111111111,1,1,0.170731707317073,0,0,0.333333333333333,0,1,0,False
573,1,1,3,0,0,0.11,0,90,2,0,3,4,2.10526315789474,0,2.23684210526316,0,0,0.782608695652174,0,127,0.5,0,4,0,False
574,1,1,3,0,0,0.08,0,89,2,0,4,4,2.5625,0,2.85416666666667,0,0,0.763636363636364,0,208,0.666666666666667,0,4,0,False
575,1,2,3,0,0,0.07,0,93,2,0,3,4,4.1375,0,3.625,0,0,0.390804597701149,0,431,0.5,0,4,0,False
576,82,1,247,0,83,0.11,0,100,2,45,87,4,2.69285240097367,0,2.98583757468466,0,0,0.588143828960155,0,20224,0.75,0,4,1,False
577,1,1,3,0,0,0.11,0,90,2,0,3,4,3.84210526315789,0,2.23684210526316,0,0,0.711111111111111,0,127,0.5,0,4,0,False
578,1,1,3,0,0,0.11,0,90,2,0,3,4,10.5,0,2.23684210526316,0,0,0.711111111111111,0,127,0.5,0,4,0,False
579,1,2,3,0,0,0.08,0,91,2,0,3,4,3.35087719298246,0,3.05263157894737,0,0,0.515625,0,220,0.5,0,4,0,False
580,1,1,3,0,0,0.1,0,90,2,0,3,4,3.17777777777778,0,2.73333333333333,0,0,0.615384615384615,0,168,0.5,0,4,0,False
581,1,2,3,0,0,0.07,0,93,2,0,3,4,3.68421052631579,0,3.43421052631579,0,0,0.421686746987952,0,370,0.5,0,5,0,False
582,1,1,3,0,0,0.09,0,89,2,0,4,4,3.85106382978723,0,3.06382978723404,0,0,0.777777777777778,0,212,0.666666666666667,0,4,0,False
583,1,2,3,0,0,0.07,0,93,2,0,3,4,3.6056338028169,0,3.46478873239437,0,0,0.58974358974359,0,401,0.666666666666667,0,2,0,False
584,0,1,2,0,0,0.44,0,66,1,0,3,2,4.0,1,4.25,2,1,0.5,0,3,0.5,0,1,0,False
585,0,1,0,0,0,0.77,1,50,2,0,0,1,5.5,3,9.0,2,1,0.0,0,0,0.333333333333333,0,1,0,False
586,0,2,0,2,0,0.37,1,80,2,0,6,2,5.33333333333333,0,5.44444444444444,1,1,1.14285714285714,0,71,0.428571428571429,0,1,0,False
587,0,1,0,0,0,0.31,0,85,1,0,0,2,5.0,3,3.0,1,1,0.666666666666667,0,19,0.5,0,1,0,False
588,1,1,3,2,0,0.33,1,81,1,0,5,1,6.42857142857143,2,5.28571428571429,1,1,0.888888888888889,0,2469,0.5,0,2,0,True
589,7,1,7,0,11,0.08,0,87,1,1,36,2,6.21333333333333,0,6.92,1,0,1.325,0,146,0.666666666666667,0,1,1,True
590,0,1,6,6,0,0.64,0,0,1,0,12,1,4.5,1,10.5,2,1,1.25,0,28,0.8,0,3,2,False
591,1,1,3,0,0,0.09,0,91,2,0,3,4,3.46153846153846,0,2.96153846153846,1,0,0.666666666666667,0,66,1.0,0,1,0,False
592,1,1,3,0,0,0.08,0,91,2,0,3,4,2.84615384615385,0,2.92307692307692,1,0,0.593220338983051,0,63,1.0,0,1,0,False
593,1,2,3,0,0,0.08,0,91,2,0,3,4,3.64406779661017,0,3.03389830508475,1,0,0.545454545454545,0,75,1.0,0,1,0,False
594,1,2,3,0,0,0.12,0,92,2,0,5,4,3.96825396825397,0,3.61904761904762,1,0,0.657142857142857,0,106,1.0,0,1,0,False
595,0,1,1,1,0,0.72,0,73,1,0,0,2,1.8,0,1.2,1,0,0.428571428571429,0,1,1.0,0,1,0,False
596,1,2,3,0,0,0.09,0,92,2,0,5,4,3.82539682539683,0,3.6031746031746,1,0,0.657142857142857,0,116,1.0,0,1,0,False
597,26,1,79,0,27,0.11,0,100,2,17,34,4,2.57833089311859,0,2.80746705710102,0,0,0.55470737913486,0,1490,1.0,0,1,0,False
598,1,1,3,0,0,0.11,0,92,2,0,3,4,2.45945945945946,0,2.27027027027027,0,0,0.772727272727273,0,40,1.0,0,1,0,False
599,1,1,3,0,0,0.09,0,90,2,0,4,4,2.90566037735849,0,3.18867924528302,1,0,0.683333333333333,0,83,1.0,0,1,0,False
600,1,1,3,0,0,0.11,0,92,2,0,3,4,4.78378378378378,0,2.27027027027027,0,0,0.772727272727273,0,40,1.0,0,1,0,False
601,1,2,3,0,0,0.09,0,91,2,0,4,4,3.89655172413793,0,3.39655172413793,1,0,0.630769230769231,0,97,1.0,0,1,0,False
602,1,1,3,0,0,0.08,0,90,2,0,4,4,3.41666666666667,0,2.89583333333333,1,0,0.745454545454545,0,72,1.0,0,1,0,False
603,1,2,3,0,0,0.07,0,93,2,0,5,4,3.69565217391304,0,3.63768115942029,0,0,0.605263157894737,0,134,1.0,0,1,0,False
604,1,1,3,0,0,0.1,0,89,2,0,3,4,3.09302325581395,0,2.55813953488372,0,0,0.52,0,53,1.0,0,1,0,False
605,1,1,2,0,1,0.17,0,93,1,0,15,2,5.95833333333333,1,5.20833333333333,2,1,0.777777777777778,0,10,0.666666666666667,0,1,0,False
606,0,1,11,1,0,0.2,0,66,1,0,8,1,3.83333333333333,0,5.08333333333333,1,1,0.714285714285714,0,11,0.5,0,1,0,False
607,0,1,12,5,0,0.43,1,0,1,0,20,1,2.76923076923077,0,11.6153846153846,1,1,2.2,0,1,0.5,0,1,0,False
608,0,1,1,0,0,0.31,0,78,1,1,10,2,2.41176470588235,1,3.82352941176471,0,1,1.0,0,0,1.0,0,1,0,False
609,0,1,0,0,0,3.14,0,100,2,0,0,1,5.0,5,1.0,1,1,0.0,0,0,1.0,0,2,0,False
610,0,1,0,2,0,3.0,0,100,3,0,0,1,1.5,0,2.0,2,1,0.0,0,0,1.0,0,1,1,False
611,0,1,0,2,0,3.33,0,100,3,0,0,1,2.0,0,2.0,2,1,0.0,0,0,1.0,0,2,0,False
612,0,1,2,0,7,0.28,0,83,1,2,1,2,3.6,1,2.2,0,1,0.888888888888889,0,0,0.333333333333333,0,1,0,False
613,0,1,4,5,0,1.65,0,62,1,0,0,1,6.75,3,2.75,1,1,0.666666666666667,0,0,1.0,0,1,0,False
614,0,2,23,15,5,1.02,3,90,2,0,2,1,6.77777777777778,0,4.08333333333333,1,1,1.65,0,0,1.0,0,1,2,False
615,2,1,0,7,0,10.2,0,0,1,2,0,1,2.0,2,1.0,1,1,0.0,0,0,1.0,0,3,0,False
616,5,1,0,3,0,3.8,0,0,0,3,0,0,2.4,1,1.0,1,1,0.0,0,0,1.0,0,1,0,False
617,0,2,9,6,0,0.84,0,85,1,0,14,1,5.1,0,4.6,1,1,0.666666666666667,0,20,0.666666666666667,0,2,2,False
618,5,1,0,4,0,4.78,0,0,1,2,0,1,1.6,1,0.4,0,1,0.0,0,0,1.0,0,1,0,False
619,7,1,11,3,2,0.69,0,87,1,0,4,3,4.2,0,2.8,0,1,0.530612244897959,0,2,0.5,0,2,1,False
620,0,1,0,1,0,0.53,0,25,2,0,1,1,2.58333333333333,0,2.83333333333333,0,1,0.285714285714286,0,0,1.0,0,1,1,False
621,0,2,20,5,0,0.56,0,85,1,0,2,1,6.57142857142857,0,2.80952380952381,1,1,1.47826086956522,0,494,0.4,0,1,0,False
622,3,1,84,5,0,0.69,0,100,1,2,5,2,23.4040404040404,0,2.42424242424242,0,0,0.645454545454546,0,17,0.333333333333333,0,3,6,False
623,0,1,0,5,0,10.0,0,0,0,4,0,0,3.0,3,1.0,1,1,0.0,0,0,1.0,0,1,0,False
624,0,2,4,5,0,1.04,0,50,1,0,0,1,3.75,2,3.75,3,1,0.714285714285714,0,0,1.0,0,1,0,False
625,1,1,2,1,0,0.36,0,95,2,3,1,1,2.11111111111111,0,2.0,0,0,0.695652173913043,0,6,0.5,0,1,0,False
626,0,1,2,5,0,0.8,0,0,1,0,0,1,2.5,2,4.0,3,4,2.5,1,0,1.0,0,1,0,False
627,0,2,6,10,0,0.8,0,95,1,0,1,1,9.0,1,4.33333333333333,1,1,2.125,0,0,1.0,0,3,1,False
628,0,1,0,0,0,0.28,0,64,2,2,2,1,2.5,0,3.25,0,1,0.642857142857143,0,0,1.0,0,1,1,False
629,0,1,0,1,0,0.36,0,73,2,0,10,2,3.6,0,4.8,1,1,0.666666666666667,0,3,0.75,0,1,2,False
630,0,1,0,1,0,1.0,0,88,1,2,1,2,3.2,1,1.6,1,1,0.428571428571429,0,0,1.0,0,1,1,False
631,0,1,0,2,1,0.44,1,83,2,0,7,3,3.06666666666667,0,4.06666666666667,0,1,0.368421052631579,0,1,0.5,0,1,0,False
632,0,2,5,1,0,0.27,1,86,1,0,9,1,3.8,2,7.2,2,1,1.28571428571429,0,12,0.5,0,3,3,False
633,0,1,0,5,0,3.86,0,0,1,0,0,2,1.0,1,2.0,2,1,0.0,0,0,1.0,0,1,0,False
634,0,2,2,8,0,0.78,4,0,1,0,0,1,1.5,1,7.5,6,1,2.25,0,0,1.0,0,1,0,False
635,1,1,0,5,0,7.5,0,0,0,4,0,0,6.0,6,1.0,1,1,0.0,0,0,1.0,0,1,0,False
636,2,1,4,4,0,2.09,0,60,1,0,2,1,13.8,0,1.6,1,1,0.428571428571429,0,0,1.0,0,1,0,True
637,0,1,0,1,0,2.0,0,100,2,0,0,1,1.0,0,1.0,1,1,0.0,0,0,1.0,0,1,1,False
638,0,3,0,9,0,0.5,1,0,2,0,1,1,10.0,10,16.0,16,19,4.0,4,7,0.5,0,1,0,False
639,0,1,0,0,0,1.11,0,0,2,0,0,1,3.0,3,3.0,3,1,0.0,0,0,1.0,0,1,0,False
640,10,1,18,4,0,0.53,0,88,1,1,6,2,5.53333333333333,2,4.76666666666667,1,1,0.857142857142857,0,6,0.333333333333333,0,1,2,True
641,0,2,38,8,1,0.69,0,82,1,2,10,2,5.90697674418605,0,4.27906976744186,0,1,1.47826086956522,0,136,0.428571428571429,0,7,3,True
642,0,1,1,0,0,1.57,0,0,1,0,0,1,2.0,2,4.0,4,4,2.0,2,0,1.0,0,1,0,False
643,0,1,4,6,0,1.8,0,79,1,2,2,1,4.375,1,2.25,1,1,0.4,0,0,1.0,0,1,2,False
644,0,1,0,0,0,0.79,0,40,1,0,1,1,1.8,1,2.2,1,1,0.428571428571429,0,0,1.0,0,1,0,False
645,0,1,0,0,0,0.53,0,6,1,9,0,2,4.4375,0,1.25,0,1,0.0,0,0,1.0,0,1,0,False
646,0,1,1,0,0,1.77,1,0,1,0,1,1,2.0,2,4.0,4,2,1.0,1,0,1.0,0,2,0,False
647,39,2,3,3,1,0.29,0,100,3,1,50,2,4.81132075471698,0,5.59748427672956,0,0,0.972222222222222,0,428,0.444444444444444,0,3,4,True
648,0,2,7,7,0,0.72,0,85,1,0,15,1,5.71428571428571,4,6.28571428571429,2,1,1.44444444444444,0,70,0.5,0,3,2,True
649,0,1,2,7,1,0.69,1,50,1,0,3,1,3.5,1,8.0,3,1,1.6,0,3,0.666666666666667,0,2,0,True
650,8,1,0,4,0,3.65,0,0,0,1,2,0,0.75,0,0.125,0,1,0.0,0,0,1.0,0,1,0,True
651,0,1,0,3,0,1.15,0,75,1,1,2,2,1.25,0,0.25,0,1,0.0,0,0,1.0,0,1,0,True
652,3,2,2,1,8,0.19,0,100,2,2,12,2,5.82352941176471,0,7.17647058823529,0,1,1.56521739130435,0,2,0.5,0,3,3,False
653,1,1,0,4,0,0.93,0,33,1,0,1,1,3.8,2,2.6,1,1,1.625,0,0,1.0,0,1,0,False
654,0,1,0,6,0,3.5,0,0,1,0,0,2,2.0,2,2.0,2,1,0.0,0,0,1.0,0,1,0,False
655,0,2,0,9,2,1.12,0,75,2,0,0,1,3.0,0,5.75,3,1,1.16666666666667,0,0,1.0,0,1,6,True
656,0,5,2,41,0,1.76,0,66,2,0,0,1,3.66666666666667,2,2.66666666666667,1,1,0.8,0,0,1.0,0,2,1,False
657,0,2,5,5,0,0.5,0,80,2,0,8,1,8.3,2,5.5,1,1,1.28571428571429,0,46,0.6,0,2,2,True
658,0,1,1,3,0,2.08,0,0,1,0,0,1,1.0,1,3.0,3,1,0.0,0,0,1.0,0,1,0,False
659,0,2,4,8,0,1.2,0,62,1,0,0,1,3.25,3,5.75,3,2,1.5,1,1,0.5,0,1,3,False
660,2,1,0,0,0,4.4,0,0,0,5,0,0,2.0,1,1.0,1,1,0.0,0,0,1.0,0,1,0,False
661,0,1,0,0,0,2.18,0,0,1,0,0,2,2.5,1,1.0,1,1,0.0,0,0,1.0,0,1,0,True
662,0,1,2,8,0,1.77,0,100,1,0,0,1,6.0,5,3.5,2,1,0.75,0,0,1.0,0,1,0,False
663,4,1,1,0,0,0.27,1,70,2,0,18,2,4.29411764705882,1,6.88235294117647,1,1,0.666666666666667,0,6,0.666666666666667,0,3,0,False
664,0,1,1,5,0,0.51,0,77,1,3,17,2,4.35294117647059,0,6.23529411764706,1,1,1.14285714285714,0,0,1.0,0,3,2,False
665,0,6,1,1,0,0.5,0,0,1,0,1,1,15.0,15,7.0,7,9,2.25,0,0,1.0,0,1,0,False
666,0,1,1,1,0,0.58,4,50,2,0,0,1,4.0,4,1.0,1,1,1.5,0,0,1.0,0,1,1,False
667,0,1,2,0,0,0.19,0,25,2,1,11,2,3.55555555555556,3,4.88888888888889,1,1,1.33333333333333,0,0,1.0,0,1,1,False
668,0,1,2,2,0,0.93,0,69,1,0,0,2,16.0,0,1.72727272727273,1,1,0.176470588235294,0,0,1.0,0,4,0,False
669,0,1,1,1,0,0.62,0,50,1,0,1,2,2.45454545454545,0,1.81818181818182,0,1,0.333333333333333,0,0,1.0,0,1,0,False
670,0,1,3,0,1,0.27,0,100,2,3,5,2,2.48936170212766,0,2.61702127659574,0,0,0.704918032786885,0,6,0.666666666666667,0,1,1,False
671,0,8,1,7,0,0.65,0,0,1,0,0,1,2.0,2,2.0,2,8,6.0,6,0,1.0,0,1,0,False
672,0,2,2,5,0,0.75,1,69,1,0,2,2,10.625,2,4.625,1,1,1.14285714285714,0,1,0.5,0,2,0,False
673,13,1,7,4,0,0.48,1,88,1,2,19,2,2.97560975609756,0,6.39024390243902,0,1,0.829787234042553,0,5,0.4,0,1,4,True
674,0,1,0,0,0,0.64,0,60,1,0,0,1,5.66666666666667,2,2.16666666666667,1,1,0.0,0,3,0.5,0,2,1,False
675,0,1,0,0,0,1.36,0,0,1,0,1,1,8.0,3,2.5,2,1,0.0,0,0,1.0,0,1,0,False
676,0,1,1,4,2,1.06,0,75,2,2,1,2,2.5,1,3.0,1,1,0.833333333333333,0,0,1.0,0,1,0,False
677,0,2,0,5,0,0.75,0,58,1,0,1,1,5.75,4,3.0,2,1,1.5,0,9,0.5,0,2,2,False
678,1,1,0,0,0,0.29,0,50,2,0,1,2,2.89285714285714,0,2.96428571428571,0,1,0.2,0,87,0.4,0,4,2,True
679,0,1,0,0,0,0.32,0,0,1,0,0,2,1.95454545454545,1,2.22727272727273,2,1,0.115384615384615,0,1,1.0,0,1,0,False
680,0,1,3,8,0,2.09,0,66,1,0,0,1,7.66666666666667,6,3.0,2,1,0.8,0,1,1.0,0,1,1,False
681,0,1,10,5,0,0.83,0,90,1,0,1,2,8.18181818181818,0,2.72727272727273,1,1,0.857142857142857,0,14,0.428571428571429,0,3,2,False
682,2,1,10,2,0,0.89,0,76,1,0,1,1,2.4,0,2.2,1,1,0.333333333333333,0,0,1.0,0,2,2,False
683,0,1,9,8,0,0.83,0,0,1,0,1,1,9.11111111111111,2,3.55555555555556,2,1,0.909090909090909,0,0,1.0,0,2,1,False
684,5,1,0,3,0,3.55,0,0,0,0,0,0,1.0,1,1.0,1,1,0.0,0,0,1.0,0,1,0,False
685,0,1,0,0,0,3.43,0,0,2,0,0,1,2.0,2,1.0,1,1,0.0,0,0,1.0,0,2,0,False
686,0,1,2,0,0,0.61,0,66,1,0,4,1,4.8,3,3.0,2,1,1.625,0,5,1.0,0,1,0,False
687,0,1,0,5,0,1.35,0,75,3,0,4,1,4.5,3,2.5,2,1,0.666666666666667,0,8,1.0,0,1,1,False
688,0,1,0,1,0,0.54,0,62,2,0,5,1,4.5,3,4.33333333333333,2,1,1.0,0,3,1.0,0,1,0,False
689,1,2,4,1,0,0.32,2,0,1,0,3,1,2.0,1,10.25,2,1,1.83333333333333,0,2,1.0,0,4,0,False
690,0,1,0,2,0,2.58,0,0,3,1,4,1,2.5,1,2.5,1,1,0.0,0,0,1.0,0,1,0,False
691,0,2,3,2,0,0.28,1,77,1,0,1,1,4.58823529411765,1,4.88235294117647,1,1,1.31578947368421,0,10,0.5,0,3,2,False
692,0,3,1,3,0,0.31,1,79,1,0,3,1,8.60869565217391,1,5.47826086956522,1,1,2.2,0,128,0.5,0,2,2,False
693,0,1,0,1,0,0.53,0,71,2,0,5,1,3.85714285714286,2,3.57142857142857,1,1,1.0,0,0,1.0,0,1,1,False
694,0,1,1,6,0,1.59,0,0,3,0,5,1,3.6,0,3.8,2,1,0.571428571428571,0,65,1.0,0,2,0,False
695,0,2,31,16,0,1.54,0,67,1,0,6,1,8.70967741935484,2,5.06451612903226,1,1,0.636363636363636,0,108,0.666666666666667,0,3,2,False
696,0,2,4,9,0,0.37,3,60,1,0,2,1,11.5,6,13.5,3,1,2.5,0,6,0.5,0,1,3,False
697,0,2,0,1,0,0.3,0,40,2,0,4,1,5.75,1,6.375,2,1,2.0,0,3,1.0,0,1,1,False
698,0,1,1,7,0,1.58,0,0,1,0,2,1,0.0,0,10.0,10,3,2.0,2,0,1.0,0,3,1,False
699,0,1,14,0,0,0.18,0,100,1,0,3,1,5.18181818181818,0,2.77272727272727,1,0,0.615384615384615,0,147,0.4,0,1,1,True
700,0,1,7,3,0,0.67,0,100,1,0,4,1,5.76666666666667,0,3.03333333333333,1,0,0.636363636363636,0,108,0.5,0,3,0,True
701,0,2,45,8,0,0.73,0,87,1,0,10,1,10.42,2,4.96,1,1,1.13207547169811,0,120,0.666666666666667,0,2,7,True
702,0,1,0,4,0,3.67,0,80,1,15,1,1,4.0,1,0.4,0,1,0.0,0,0,1.0,0,1,1,False
703,0,2,1,3,0,1.14,0,0,1,0,2,1,1.5,0,7.0,4,1,1.5,0,0,0.0,0,1,0,False
704,0,1,0,4,0,0.61,0,56,2,10,3,1,8.45454545454546,2,3.90909090909091,1,1,1.61538461538462,0,30,0.5,0,2,0,True
705,0,1,0,5,0,0.7,0,89,1,0,7,3,13.3,1,3.65,1,1,0.652173913043478,0,31,0.538461538461538,0,3,3,True
706,0,1,0,3,0,2.21,0,100,2,0,0,1,1.66666666666667,0,1.0,1,1,0.0,0,0,1.0,0,1,2,False
707,0,0,0,1,0,0.36,0,0,0,0,0,0,0.0,0,0.0,0,1,1.3,0,0,0.5,0,2,0,True
708,0,1,2,5,0,0.4,3,75,1,0,6,1,4.14285714285714,0,6.28571428571429,0,1,0.333333333333333,0,0,1.0,0,2,1,False
709,0,1,0,2,0,0.9,0,100,1,0,3,1,1.0,1,6.0,6,1,0.0,0,0,1.0,0,2,0,False
710,3,1,2,4,0,0.43,0,75,2,1,28,2,2.92592592592593,0,6.55555555555556,1,1,0.542857142857143,0,101,1.0,0,1,1,True
711,0,1,0,3,0,0.8,1,66,1,0,5,2,1.0,0,5.33333333333333,1,1,0.0,0,3,1.0,0,1,1,False
712,5,1,4,1,0,0.23,0,66,2,2,14,2,3.11111111111111,1,5.44444444444444,0,1,0.625,0,59,0.6,0,3,0,True
713,0,1,0,7,0,0.53,0,66,1,0,19,2,2.8,1,11.0,1,1,0.375,0,28,1.0,0,1,1,False
714,0,1,4,13,0,1.3,0,0,1,0,9,1,5.0,3,8.0,2,1,0.833333333333333,0,20,1.0,0,1,1,True
715,0,0,0,0,0,0.0,0,0,0,0,0,0,0.0,0,0.0,0,0,0.0,0,169,0.5,0,0,0,True
716,0,1,1,4,0,0.52,0,50,1,0,5,2,3.0,0,4.5,0,1,0.428571428571429,0,0,1.0,0,3,0,False
717,2,1,2,2,1,0.15,1,65,1,0,38,2,2.90740740740741,0,8.83333333333333,0,1,1.03333333333333,0,180,0.375,2,4,4,True
718,0,1,0,4,0,0.3,6,100,1,0,5,1,0.0,0,12.6666666666667,12,1,0.0,0,0,1.0,0,1,1,False
719,0,1,2,4,0,0.16,5,78,1,0,51,2,5.16822429906542,0,10.9626168224299,0,1,0.513513513513513,0,118,0.275862068965517,1,4,4,True
720,0,1,0,3,0,0.37,5,100,1,0,4,1,0.0,0,13.0,12,1,0.0,0,0,1.0,0,1,2,False
721,0,1,4,4,0,0.4,0,77,1,0,14,1,2.63636363636364,0,6.90909090909091,1,1,1.07692307692308,0,47,0.5,0,4,0,True
722,0,1,2,2,3,0.27,2,50,3,2,10,2,2.25,1,6.625,1,1,0.363636363636364,0,0,1.0,0,2,1,False
723,0,1,2,2,0,0.47,1,62,1,0,9,1,3.2,1,6.2,1,1,0.571428571428571,0,1,0.666666666666667,0,1,1,True
724,2,1,6,4,0,0.32,0,81,1,0,20,1,4.85714285714286,1,8.78571428571429,0,1,0.9375,0,3,0.75,0,1,1,True
725,0,1,2,3,0,0.48,1,55,1,0,8,1,2.33333333333333,1,6.66666666666667,1,1,0.0,0,1,0.5,0,1,2,True
726,0,1,3,2,0,0.22,2,71,1,0,17,1,5.13636363636364,1,9.09090909090909,1,1,0.75,0,4,0.5,0,3,3,True
727,0,1,2,2,0,0.25,3,77,1,0,12,1,4.63636363636364,0,6.27272727272727,0,1,0.5,0,19,0.666666666666667,0,3,1,True
728,0,1,0,21,0,0.32,3,93,1,0,33,1,7.0,7,15.0,15,1,0.0,0,0,0.75,0,2,1,False
729,1,1,1,1,0,0.3,3,43,2,0,5,1,5.0,4,11.0,4,2,1.0,1,7,0.5,0,2,2,True
730,0,1,0,3,0,0.37,5,100,1,0,4,1,0.0,0,13.0,12,1,0.0,0,0,1.0,0,1,1,False
731,0,1,2,6,0,0.47,0,51,1,0,14,1,4.42857142857143,1,8.85714285714286,1,1,1.33333333333333,0,0,0.5,0,4,0,True
732,0,1,2,1,0,0.5,0,66,1,0,2,1,1.66666666666667,1,3.33333333333333,1,1,0.0,0,0,1.0,0,1,1,False
733,0,1,2,5,0,0.42,2,88,1,0,14,1,3.42857142857143,0,6.07142857142857,0,1,0.6875,0,12,0.666666666666667,0,2,1,True
734,0,1,0,0,0,2.5,0,0,3,0,2,1,0.0,0,1.0,1,1,0.0,0,0,1.0,0,1,0,False
735,0,1,0,1,0,3.0,0,0,3,0,1,1,0.0,0,0.0,0,1,0.0,0,0,1.0,0,1,0,False
736,0,1,1,1,0,0.77,0,33,3,0,1,1,2.33333333333333,0,2.0,0,1,1.2,0,6,0.666666666666667,0,2,0,True
737,0,1,0,0,0,2.22,0,0,3,0,2,1,0.0,0,0.0,0,1,0.0,0,0,0.5,0,2,0,True
738,0,1,2,5,0,0.46,2,35,3,0,13,1,4.55555555555556,0,10.3333333333333,1,1,0.583333333333333,0,15,0.833333333333333,0,1,1,True
739,0,1,0,4,0,0.47,2,0,3,0,11,1,0.857142857142857,0,7.85714285714286,0,1,0.7,0,2,0.5,0,1,1,True
740,0,1,0,1,0,2.89,0,0,4,1,1,1,0.0,0,0.0,0,1,0.0,0,0,1.0,0,1,0,False
741,0,1,0,1,0,0.7,1,0,2,0,6,2,2.0,2,13.0,13,1,2.0,2,0,0.0,0,1,2,False
742,0,1,0,9,0,6.2,0,0,2,1,0,1,2.0,2,1.0,1,1,0.0,0,0,0.0,0,1,0,False
743,0,1,0,0,0,2.12,0,0,2,0,0,2,1.0,1,1.0,1,1,0.0,0,0,0.0,0,2,0,False
744,0,1,0,8,0,11.8,0,0,2,1,0,1,1.0,1,1.0,1,1,0.0,0,0,0.0,0,2,0,False
745,0,1,0,1,0,0.43,0,76,2,0,5,2,3.55555555555556,0,3.66666666666667,1,1,0.545454545454545,0,0,0.0,0,1,2,False
746,0,1,0,0,0,0.06,0,96,2,2,19,1,1.43478260869565,0,2.21739130434783,1,1,0.270833333333333,0,3,1.0,0,2,4,False
747,0,1,3,2,0,0.23,0,71,1,0,15,1,4.1875,1,6.47916666666667,1,1,0.38,0,0,0.666666666666667,0,1,1,True
748,2,2,2,5,0,0.21,4,79,1,0,20,1,6.08333333333333,1,16.1666666666667,1,1,2.42857142857143,0,12,1.0,0,3,1,True
749,0,1,3,0,0,0.16,1,74,1,0,17,2,4.0,1,7.125,1,1,0.416666666666667,0,8,0.5,0,4,0,True
750,10,1,0,0,0,0.15,0,90,3,0,21,2,1.875,0,3.375,1,1,0.222222222222222,0,20,0.285714285714286,0,4,2,False
751,0,1,2,0,0,0.23,0,75,3,0,12,2,1.41176470588235,0,2.82352941176471,0,1,0.416666666666667,0,2,0.666666666666667,0,1,1,False
752,0,1,2,1,0,0.28,0,75,3,0,14,2,1.6,0,2.6,0,1,0.380952380952381,0,2,0.666666666666667,0,1,1,False
753,0,1,2,0,0,0.09,0,93,1,0,18,2,1.70149253731343,0,2.97014925373134,1,1,0.285714285714286,0,16,0.5,0,2,1,True
754,0,1,2,2,0,0.22,0,57,2,0,11,1,4.33333333333333,1,5.5,1,1,0.333333333333333,0,0,0.5,0,1,3,True
755,0,2,3,1,0,0.11,2,66,2,0,26,2,3.8125,0,9.125,1,1,1.25,0,14,0.571428571428571,0,3,2,True
756,1,1,0,0,0,0.23,0,75,2,0,14,1,2.6,0,6.6,3,1,0.9,0,7,1.0,0,2,3,False
757,0,1,2,1,0,0.27,0,58,3,0,15,2,2.375,0,5.25,0,1,0.769230769230769,0,17,0.8,0,1,2,True
758,0,1,2,5,0,0.61,1,50,3,0,10,1,1.75,1,6.5,1,1,1.14285714285714,0,5,0.75,0,1,2,True
759,0,1,2,2,0,0.25,1,83,1,0,22,2,4.72222222222222,1,8.0,1,1,0.857142857142857,0,8,1.0,0,2,1,False
760,0,1,0,3,0,0.27,4,50,2,0,9,1,4.75,3,10.0,4,1,1.14285714285714,0,1,0.5,0,3,1,False
761,0,1,0,0,0,0.43,0,38,2,0,4,1,8.0,7,1.5,1,1,0.0,0,0,1.0,0,1,1,False
762,0,1,0,2,1,0.67,0,80,2,0,6,1,2.2,0,3.2,2,1,0.0,0,0,1.0,0,1,1,False
763,1,1,0,0,0,0.12,6,66,1,0,17,1,2.66666666666667,1,22.3333333333333,3,5,5.2,2,89,0.6,0,3,1,False
764,1,1,2,1,0,0.2,0,77,1,0,13,1,2.42857142857143,0,3.71428571428571,0,1,1.17647058823529,0,0,0.666666666666667,0,1,1,True
765,0,1,0,6,2,0.39,2,69,2,0,17,1,4.71428571428571,1,7.28571428571429,3,1,0.888888888888889,0,0,1.0,0,1,2,False
766,0,2,0,9,2,0.22,4,72,3,0,35,1,7.84,1,10.12,3,1,1.0,0,6,0.5,0,3,4,False
767,0,1,0,5,0,0.49,2,86,2,0,11,2,1.38461538461538,0,5.07692307692308,0,1,0.277777777777778,0,0,1.0,0,2,1,False
768,0,1,0,2,1,0.67,1,65,2,0,4,1,2.5,1,4.0,1,1,0.0,0,0,1.0,0,1,2,False
769,1,1,0,0,0,0.09,6,62,1,0,16,1,2.25,1,23.25,3,5,4.16666666666667,2,0,1.0,0,1,1,False
770,0,2,0,3,0,0.67,1,62,2,0,3,1,2.25,1,3.75,1,1,1.0,0,0,1.0,0,3,1,False
771,0,1,0,0,0,0.05,1,90,1,0,33,2,2.56756756756757,0,5.75675675675676,0,1,0.3,0,0,1.0,0,1,1,False
772,0,1,0,0,1,0.31,0,80,2,0,6,1,2.42857142857143,1,3.42857142857143,1,1,0.333333333333333,0,0,1.0,0,1,1,False
773,0,1,0,4,1,0.69,0,62,2,0,3,1,1.25,0,4.25,3,1,1.0,0,0,1.0,0,2,1,False
774,0,1,0,12,0,1.03,2,14,2,0,7,1,10.0,10,7.0,7,1,0.0,0,0,1.0,0,1,1,False
775,0,1,0,1,1,0.25,0,76,2,0,10,1,5.3,0,4.8,2,1,0.0,0,1,0.5,0,2,1,False
776,0,1,10,2,17,0.45,0,92,2,23,15,3,7.92156862745098,0,3.11764705882353,0,1,0.866666666666667,0,170,0.538461538461538,0,4,5,False
777,0,1,14,5,0,0.56,0,95,1,0,51,2,16.6732673267327,1,5.41584158415842,0,1,0.8,0,586,0.309090909090909,4,5,8,True
778,16,1,3,0,4,0.14,0,90,3,4,5,2,3.0,0,3.24324324324324,0,1,0.54,0,22,0.625,0,1,3,False
779,0,1,0,3,0,0.62,0,81,2,0,3,2,2.7,0,3.04,1,1,0.339622641509434,0,0,1.0,0,1,0,False
780,0,1,1,4,0,0.25,5,69,1,0,2,1,13.4,8,9.8,2,1,1.71428571428571,0,290,0.5,0,1,0,False
781,0,1,0,1,0,0.81,0,0,1,0,2,1,2.0,2,4.0,4,3,2.0,2,43,0.5,0,1,0,False
782,2,1,8,0,0,0.12,0,85,1,0,16,1,4.42105263157895,1,4.47368421052632,1,1,0.80952380952381,0,1,0.666666666666667,0,1,1,False
783,0,1,1,2,0,0.19,1,67,1,0,8,1,3.27272727272727,1,8.54545454545454,1,1,1.61538461538462,0,389,0.714285714285714,0,1,0,False
784,0,1,1,1,0,0.21,2,64,1,0,12,1,5.0,0,13.6666666666667,3,1,2.8,0,9,1.0,0,1,0,False
785,0,1,1,0,1,0.43,1,75,2,0,11,1,2.25,0,5.25,1,1,0.5,0,2,0.5,0,1,0,False
786,0,1,2,0,0,0.22,1,53,1,0,9,1,5.25,1,6.5,1,1,0.666666666666667,0,0,1.0,0,1,0,False
787,0,1,6,1,0,0.15,2,83,1,0,12,2,3.64705882352941,0,5.70588235294118,1,1,0.88,0,21,0.4,0,2,3,False
788,0,1,0,0,0,0.7,0,40,1,0,1,1,4.66666666666667,2,4.33333333333333,1,1,0.0,0,0,0.0,0,1,0,False
789,0,1,0,0,0,0.31,0,52,1,0,1,1,6.8,3,6.0,1,2,1.42857142857143,1,0,0.0,0,1,0,False
790,0,2,2,6,0,1.07,1,60,1,0,0,1,2.5,0,2.2,1,1,0.75,0,0,0.0,0,1,0,False
791,0,1,2,6,0,0.79,1,56,1,3,0,2,4.1,3,3.9,1,1,0.9375,0,0,0.0,0,1,0,False
792,0,2,3,1,0,0.31,3,0,1,0,6,1,1.33333333333333,1,9.66666666666667,3,1,2.0,0,1,1.0,0,1,3,False
793,0,1,0,0,0,0.56,0,57,1,0,3,1,2.85714285714286,1,1.14285714285714,1,1,0.0,0,0,1.0,0,2,0,False
794,0,1,0,1,0,0.55,1,46,1,0,2,1,2.33333333333333,1,3.0,1,1,0.6,0,0,1.0,0,2,0,False
795,0,1,0,0,0,0.44,0,63,1,0,4,1,2.77777777777778,1,1.77777777777778,1,1,0.272727272727273,0,0,1.0,0,2,0,False
796,0,1,0,3,0,0.56,4,100,1,0,2,1,0.0,0,5.5,4,1,0.5,0,0,0.5,0,1,1,False
797,0,1,0,0,0,0.24,2,100,2,0,5,2,1.0,0,2.88888888888889,0,1,0.307692307692308,0,30,0.333333333333333,0,3,2,False
798,1,1,2,0,0,0.1,0,83,1,0,35,1,4.78947368421053,0,6.73684210526316,1,0,0.956521739130435,0,233,0.705882352941177,0,2,4,True
799,1,1,0,5,1,0.32,1,68,3,0,14,1,5.0,0,8.14285714285714,1,1,1.8,0,2,0.5,0,1,0,True
800,0,1,1,1,0,0.18,3,79,1,0,7,1,4.14285714285714,1,9.42857142857143,2,1,1.0,0,7,0.5,0,1,2,False
801,0,1,1,1,0,0.21,0,76,1,0,14,1,6.0,0,7.6,2,1,1.42857142857143,0,12,1.0,0,1,0,False
802,1,1,0,0,0,0.2,0,85,3,0,14,2,3.2,0,5.84,0,1,0.413793103448276,0,63,0.75,0,2,3,False
803,5,1,7,1,0,0.09,1,85,1,0,22,2,5.95652173913043,1,10.2173913043478,1,1,1.92307692307692,0,315,0.75,0,3,2,True
804,1,1,1,4,0,0.47,0,100,1,0,15,1,4.94444444444444,0,5.11111111111111,0,0,0.9,0,111,1.0,0,1,0,False
805,0,1,3,2,0,0.14,3,85,1,0,30,2,5.83333333333333,1,10.5,1,1,1.0952380952381,0,58,0.6,0,1,4,True
806,0,1,1,3,0,0.31,0,75,1,0,14,1,3.625,1,6.875,1,1,1.2,0,217,0.555555555555556,0,1,2,False
807,3,1,0,3,0,0.31,3,82,2,0,9,1,3.57142857142857,1,5.78571428571429,1,1,0.882352941176471,0,19,0.666666666666667,0,1,3,True
808,0,1,0,0,0,0.29,1,55,1,0,11,1,2.66666666666667,1,9.66666666666667,1,1,1.2,0,2,0.666666666666667,0,2,3,False
809,0,1,3,0,0,0.07,2,81,2,0,15,1,4.57894736842105,1,7.10526315789474,1,1,1.30434782608696,0,13,0.666666666666667,0,2,3,False
810,0,1,5,3,0,0.24,4,84,1,0,20,1,5.33333333333333,2,9.77777777777778,2,1,1.27272727272727,0,56,0.636363636363636,0,3,2,True
811,1,1,1,4,0,0.34,4,94,1,0,10,2,2.92,0,4.88,0,1,0.5,0,131,0.4,0,4,1,False
812,0,1,0,0,0,0.35,8,50,1,0,9,1,1.0,1,27.0,27,8,1.0,1,10,0.714285714285714,0,3,2,True
813,0,1,1,0,0,0.17,2,56,1,0,17,1,6.0,0,14.6666666666667,2,1,2.2,0,38,0.6,0,2,0,False
814,3,1,2,1,0,0.26,2,100,3,0,10,1,3.5,2,9.0,3,1,0.0,0,11,0.571428571428571,0,3,2,True
815,2,1,1,4,0,0.42,2,90,1,0,15,1,3.0,2,9.8,2,1,0.714285714285714,0,32,0.5,0,5,0,True
816,0,1,0,1,2,0.22,0,100,3,1,63,2,1.8125,0,2.9375,1,1,0.153846153846154,0,15,0.5,0,5,0,True
817,0,1,0,26,0,0.34,14,75,2,0,12,1,12.0,9,7.5,2,512,1.0,1,16,0.333333333333333,0,3,3,False
818,0,1,0,0,0,0.21,1,100,2,0,4,1,2.14285714285714,0,4.0,1,1,0.333333333333333,0,0,1.0,0,2,1,False
819,1,1,0,0,1,0.19,1,100,2,2,9,2,2.3,0,4.6,0,1,0.607142857142857,0,9,0.75,0,2,1,False
820,3,1,1,0,0,0.27,0,100,1,1,4,2,1.27272727272727,0,2.27272727272727,1,1,0.2,0,0,1.0,0,1,0,False
821,0,1,2,0,0,0.63,0,0,1,0,3,1,23.0,20,2.5,2,1,0.0,0,0,0.0,0,2,0,False
822,0,0,0,0,0,11.0,0,0,0,0,0,0,0.0,0,0.0,0,0,0.0,0,0,0.0,0,1,0,False
823,14,1,2,0,4,0.16,0,80,3,4,6,2,3.47222222222222,0,2.86111111111111,0,1,0.387755102040816,0,0,0.0,0,1,2,False
824,5,1,8,6,0,0.6,1,88,1,0,11,2,2.35294117647059,0,5.82352941176471,1,1,0.238095238095238,0,0,1.0,0,1,1,False
825,0,2,2,4,0,0.27,1,66,2,0,15,2,4.28571428571429,1,9.0,2,1,1.7,0,11,0.5,0,3,0,True
826,0,1,1,1,0,0.57,0,75,2,2,2,1,2.75,1,2.5,1,1,0.625,0,31,0.4,0,1,0,True
827,1,1,2,0,0,0.28,0,76,2,0,2,2,1.0,0,1.33333333333333,0,1,0.238095238095238,0,0,0.0,0,2,0,False
828,0,1,2,2,2,0.2,2,84,2,0,37,2,3.3448275862069,0,10.4137931034483,1,1,1.0,0,85,0.416666666666667,0,4,2,True
829,0,1,3,3,0,0.28,2,64,1,0,13,1,5.57142857142857,0,9.71428571428571,1,1,0.444444444444444,0,10,0.5,0,1,1,True
830,0,1,2,0,0,0.12,3,58,1,0,16,1,4.8,1,12.2,2,1,0.0,0,35,0.4,0,2,2,True
831,0,1,1,1,0,0.15,1,100,1,0,16,1,2.46153846153846,0,6.69230769230769,1,1,0.866666666666667,0,106,0.666666666666667,0,3,0,True
832,1,1,3,2,0,0.27,1,85,1,0,18,1,3.5,1,5.75,1,1,0.642857142857143,0,15,0.666666666666667,0,3,2,True
833,4,1,6,2,4,0.24,1,83,1,0,18,2,4.15,1,6.25,1,1,1.11538461538462,0,25,0.714285714285714,0,2,0,True
834,0,2,2,4,0,0.27,0,64,3,0,15,1,4.42857142857143,1,10.0,2,1,1.7,0,0,1.0,0,1,1,True
835,0,1,0,4,0,0.59,0,100,3,0,5,1,4.0,4,6.0,6,1,0.0,0,0,1.0,0,1,1,False
836,0,1,2,5,2,0.59,0,87,3,0,11,1,2.94736842105263,0,3.84210526315789,1,1,0.521739130434783,0,1,0.5,0,2,1,False
837,0,2,2,4,0,0.28,0,66,3,0,14,1,3.75,0,9.5,2,1,1.54545454545455,0,14,0.333333333333333,0,1,4,True
838,0,1,0,0,0,0.71,0,100,1,0,2,1,0.0,0,7.0,7,1,0.0,0,0,1.0,0,2,0,False
839,0,1,2,0,0,0.14,0,73,3,0,17,2,3.54545454545455,1,6.63636363636364,1,1,0.785714285714286,0,9,0.6,0,1,3,False
840,0,1,2,2,0,0.43,1,16,1,0,15,1,1.66666666666667,1,10.6666666666667,2,1,0.0,0,21,1.0,0,1,0,False
841,0,1,0,4,1,0.77,2,0,3,0,5,1,2.5,1,7.5,1,1,0.75,0,0,0.0,0,1,0,False
842,0,1,2,1,0,0.25,0,81,2,0,11,2,2.57142857142857,0,3.85714285714286,0,1,0.230769230769231,0,34,0.75,0,2,1,True
843,4,1,4,8,0,0.52,0,70,3,0,36,2,6.04166666666667,1,8.45833333333333,1,1,0.75,0,151,0.684210526315789,0,1,1,True
844,2,1,0,1,0,0.27,0,100,1,0,22,2,1.45,0,3.95,0,1,0.222222222222222,0,39,0.8,0,1,3,True
845,0,1,0,0,0,0.3,1,50,1,0,4,2,0.222222222222222,0,1.66666666666667,0,1,0.25,0,3,1.0,0,2,1,False
846,0,1,0,2,0,0.47,2,100,1,0,3,1,0.0,0,9.0,9,1,0.0,0,3,1.0,0,4,0,False
847,0,1,1,3,0,0.27,0,89,1,0,9,1,3.42857142857143,1,6.19047619047619,1,1,1.34782608695652,0,0,1.0,0,2,2,False
848,2,2,0,2,0,0.12,1,70,1,0,31,2,5.25,0,11.3125,1,1,1.7,0,202,0.470588235294118,0,2,2,True
849,0,1,0,0,0,0.5,2,100,1,0,7,1,5.0,5,14.0,14,3,1.0,1,0,1.0,0,3,2,False
850,0,1,2,2,0,0.37,0,50,1,0,9,2,0.727272727272727,0,3.36363636363636,0,1,0.571428571428571,0,0,1.0,0,3,1,False
851,0,1,2,0,0,0.2,0,60,1,0,16,2,3.5,0,7.0,0,1,0.555555555555556,0,14,0.666666666666667,0,3,1,True
852,1,3,0,38,0,0.59,15,66,1,0,28,2,3.625,0,24.625,1,1,1.09090909090909,0,337,0.466666666666667,0,2,2,True
853,0,1,0,1,0,0.21,1,87,1,0,17,1,2.5,1,11.25,1,1,1.16666666666667,0,8,0.571428571428571,0,2,0,True
854,0,3,0,15,0,0.69,9,100,1,0,7,1,0.0,0,19.0,19,12,2.0,2,0,1.0,0,1,0,True
855,0,1,0,1,0,0.22,1,67,1,0,13,1,3.14285714285714,2,8.28571428571429,1,1,0.333333333333333,0,3,1.0,0,2,1,False
856,0,1,7,15,0,3.91,0,80,1,0,12,1,2.18181818181818,0,4.45454545454545,0,1,0.538461538461538,0,13,0.333333333333333,0,1,3,True
857,0,1,0,4,0,0.93,0,50,1,0,4,1,1.0,1,3.5,1,1,0.0,0,96,1.0,0,1,0,True
858,0,1,2,0,0,0.27,1,0,1,0,9,1,1.75,1,10.5,1,1,1.0,0,3,1.0,0,1,0,False
859,0,1,0,1,0,0.19,1,75,1,0,23,1,3.5,1,10.375,1,1,0.8,0,4,1.0,0,1,2,False
860,0,1,0,1,0,0.27,4,57,1,0,12,1,4.66666666666667,1,8.33333333333333,1,1,1.2,0,0,1.0,0,2,1,False
861,0,1,0,1,0,0.13,2,95,1,0,18,1,3.09090909090909,1,8.0,1,1,1.53846153846154,0,7,0.75,0,1,4,True
862,0,1,2,0,0,0.1,1,51,1,2,14,2,6.44,0,8.28,0,1,0.5,0,174,0.466666666666667,0,2,1,True
863,0,1,8,1,0,0.16,1,75,1,0,25,2,4.25,0,8.2,1,1,1.16666666666667,0,5,0.75,0,4,0,True
864,0,0,0,0,0,10.67,0,0,0,0,0,0,0.0,0,0.0,0,0,0.0,0,0,0.0,0,1,0,False
865,0,1,0,0,0,0.74,1,0,1,0,2,1,0.0,0,6.0,6,6,2.0,2,0,1.0,0,1,0,False
866,0,1,0,0,0,0.49,2,0,1,0,2,1,0.0,0,7.5,7,4,1.0,1,0,1.0,0,1,0,False
867,0,2,1,0,0,0.31,3,0,1,0,2,1,1.33333333333333,0,5.66666666666667,1,2,1.0,1,0,1.0,0,1,0,False
868,0,1,0,0,1,0.23,1,65,3,0,4,1,2.66666666666667,0,5.33333333333333,0,1,0.333333333333333,0,0,1.0,0,1,1,False
869,0,1,0,0,0,0.69,0,100,1,0,7,1,2.5,2,6.5,4,1,0.0,0,0,1.0,0,2,0,False
870,1,1,0,3,1,0.64,0,76,2,0,15,2,7.31707317073171,0,3.5609756097561,1,1,0.617021276595745,0,8,0.571428571428571,0,3,7,False
871,0,1,0,0,0,0.55,1,50,1,0,2,1,1.5,1,8.0,6,1,0.75,0,0,1.0,0,2,1,False
872,0,1,0,3,0,0.52,2,100,1,0,4,2,1.25,1,7.75,4,1,0.428571428571429,0,0,1.0,0,2,1,False
873,0,1,0,0,2,0.25,0,76,3,10,2,1,3.72222222222222,0,1.5,0,1,0.608695652173913,0,0,0.0,0,1,1,False
874,34,1,5,0,18,0.17,0,100,3,8,30,2,3.21153846153846,0,3.75,0,0,0.431818181818182,0,5,0.5,0,2,5,True
875,0,1,4,0,0,0.47,0,75,1,0,1,1,6.0,5,3.0,0,1,1.33333333333333,0,0,0.0,0,1,0,False
876,0,2,2,1,0,0.16,2,82,1,0,14,1,7.22222222222222,2,8.33333333333333,2,1,1.18181818181818,0,18,0.6,0,1,3,False
877,0,2,5,6,0,0.25,4,82,1,0,15,1,5.91666666666667,2,10.5833333333333,2,1,2.28571428571429,0,926,0.75,0,1,0,False
878,0,1,2,2,0,0.3,2,73,1,0,13,1,5.0,1,7.0,1,1,1.0,0,182,0.666666666666667,0,1,0,False
879,0,1,2,6,0,0.47,1,69,1,0,18,1,3.14285714285714,1,8.42857142857143,1,1,0.666666666666667,0,49,0.6,0,2,2,False
880,3,1,2,3,0,0.44,1,55,1,0,14,2,1.88888888888889,0,5.11111111111111,1,1,0.214285714285714,0,30,1.0,0,2,2,False
881,3,2,9,0,0,0.08,2,88,1,0,33,2,5.15151515151515,0,7.42424242424242,1,0,1.56410256410256,0,85,1.0,0,1,1,True
882,0,1,1,0,0,1.32,0,0,3,0,2,1,11.5,6,2.5,2,1,0.75,0,0,0.0,0,2,0,False
883,0,1,0,1,1,0.21,0,85,1,0,5,2,0.933333333333333,0,4.8,2,1,0.388888888888889,0,11,0.333333333333333,0,2,1,False
884,0,2,1,2,0,0.19,3,80,1,0,7,1,3.28571428571429,0,3.85714285714286,1,1,1.66666666666667,0,8,0.5,0,1,1,False
885,0,1,1,0,0,1.29,0,66,2,0,4,1,2.0,1,2.0,2,1,0.6,0,4,1.0,0,2,3,False
886,0,1,0,3,2,0.22,1,80,3,2,19,2,5.8,0,7.8,1,1,1.38095238095238,0,86,0.75,0,2,1,False
887,0,1,4,3,2,0.29,1,89,3,0,22,1,4.73684210526316,0,6.10526315789474,1,1,0.666666666666667,0,208,0.666666666666667,0,3,2,True
888,1,1,0,0,0,0.08,8,55,1,0,14,1,3.0,2,25.0,3,5,6.4,2,89,0.5,0,2,2,False
889,0,1,0,4,0,0.31,1,86,3,0,27,2,4.24,0,8.64,1,1,0.75,0,121,0.333333333333333,0,4,7,False
890,9,1,0,3,0,0.38,1,80,3,0,13,2,3.21428571428571,0,5.21428571428571,1,1,0.277777777777778,0,33,0.416666666666667,0,3,4,False
891,0,1,0,2,0,0.22,2,85,1,0,22,1,6.8,0,8.8,3,1,1.41666666666667,0,32,0.571428571428571,0,1,5,True
892,0,1,2,5,0,0.45,1,62,1,0,16,1,2.25,1,9.25,1,1,0.5,0,9,0.75,0,2,1,True
893,0,1,0,4,0,0.31,3,48,3,0,8,1,8.6,3,4.6,3,1,1.28571428571429,0,2,0.5,0,5,3,False
894,0,1,0,2,0,0.27,1,50,2,0,22,1,3.4,0,8.7,0,1,1.0,0,49,0.8,0,4,5,True
895,0,1,0,4,0,0.21,6,74,3,0,15,1,7.4,4,15.8,4,1,2.0,0,0,1.0,0,1,1,False
896,2,1,3,3,2,0.14,3,88,3,0,67,2,4.2421052631579,0,13.1789473684211,1,1,1.66990291262136,0,1973,0.318181818181818,2,2,11,True
897,0,1,0,2,0,0.31,1,100,1,0,8,1,0.833333333333333,0,6.66666666666667,2,1,0.375,0,0,0.75,0,4,0,True
898,0,2,0,5,0,0.33,5,75,1,0,18,1,3.5,1,22.5,12,2,2.0,2,0,1.0,0,1,0,False
899,3,1,4,1,0,0.23,1,86,4,0,18,2,4.5,0,6.71428571428571,2,1,0.9,0,15,0.625,0,1,2,True
900,0,1,0,8,0,0.28,7,70,3,0,14,1,5.28571428571429,2,17.5,6,1,0.75,0,11,0.666666666666667,0,2,1,False
901,0,1,0,1,0,0.19,3,77,3,0,7,1,6.28571428571429,0,6.42857142857143,1,1,0.9,0,0,1.0,0,4,1,False
902,0,1,0,2,0,0.5,3,100,2,0,7,1,2.0,2,9.0,9,1,0.0,0,0,1.0,0,2,1,False
903,0,1,0,2,1,0.26,0,50,2,0,4,1,1.0,1,10.8,2,1,1.14285714285714,0,0,1.0,0,1,1,False
904,0,1,2,1,0,0.38,1,55,2,0,8,1,2.83333333333333,1,4.66666666666667,1,1,0.333333333333333,0,4,0.5,0,1,1,False
905,1,1,4,3,0,0.22,2,87,2,0,20,1,3.45945945945946,0,8.43243243243243,2,1,0.825,0,52,0.285714285714286,0,3,5,False
906,0,1,0,1,0,0.26,1,100,1,0,7,2,1.85714285714286,0,6.57142857142857,2,1,0.909090909090909,0,0,1.0,0,1,2,False
907,0,1,0,10,0,0.32,9,46,3,0,11,1,5.85714285714286,4,16.1428571428571,6,1,1.0,1,301,0.666666666666667,0,1,2,False
908,1,1,7,0,0,0.18,1,88,1,0,16,1,5.0,1,7.5,1,1,1.58333333333333,0,98,0.625,0,3,3,False
909,0,1,2,0,0,0.52,0,0,1,0,7,1,1.33333333333333,1,6.66666666666667,1,1,0.0,0,0,1.0,0,1,0,False
910,0,1,1,2,2,0.29,1,87,3,0,14,1,4.44444444444444,0,5.88888888888889,1,1,1.0,0,0,1.0,0,1,2,False
911,0,1,0,4,0,0.22,6,13,3,0,11,1,15.8,8,13.2,11,1,1.71428571428571,0,24,0.25,0,3,3,False
912,1,2,0,3,0,0.34,2,100,2,0,3,2,2.25,0,6.5,4,1,1.875,0,9,0.5,0,3,2,False
913,0,1,0,1,0,0.18,4,77,1,0,18,1,4.85714285714286,1,11.0,2,1,0.777777777777778,0,15,0.6,0,2,0,True
914,0,1,0,6,0,0.38,3,45,1,0,15,1,5.14285714285714,3,12.7142857142857,3,1,0.0,0,32,0.4,0,4,1,False
915,0,1,0,3,0,0.3,6,100,1,0,11,1,1.0,1,31.0,31,576,3.0,3,22,1.0,0,2,1,False
916,0,1,2,0,1,0.4,0,75,2,0,6,1,1.88888888888889,0,3.44444444444444,0,1,0.428571428571429,0,0,1.0,0,1,2,False
917,0,1,2,3,1,0.29,1,70,3,0,19,1,2.55555555555556,1,8.0,1,1,1.08333333333333,0,1,1.0,0,1,0,True
918,0,1,0,0,0,0.35,1,75,1,0,13,1,2.33333333333333,1,7.33333333333333,1,1,0.0,0,25,0.8,0,2,1,False
919,0,1,0,0,0,0.28,1,34,3,0,6,1,5.25,0,6.25,3,1,0.0,0,0,0.333333333333333,0,4,1,False
920,2,1,0,4,0,0.24,3,84,3,0,23,2,5.47058823529412,2,10.3529411764706,2,1,1.65,0,19,0.5,0,4,6,False
921,0,1,0,2,0,0.33,4,50,3,0,7,1,4.0,3,7.33333333333333,6,3,1.6,1,3,0.5,0,3,4,False
922,0,1,1,0,0,0.16,1,82,1,0,22,2,4.0,0,7.55555555555556,1,1,0.666666666666667,0,23,0.571428571428571,0,2,2,False
923,0,1,1,0,0,0.13,1,88,1,0,18,1,5.57894736842105,1,6.31578947368421,1,1,1.23809523809524,0,18,0.571428571428571,0,1,4,False
924,0,1,2,0,0,0.12,0,72,2,1,15,4,2.73529411764706,0,3.0,0,1,0.106382978723404,0,1,1.0,0,3,2,True
925,0,1,0,1,0,0.14,1,58,1,0,11,2,7.63636363636364,1,10.5454545454545,1,1,1.5,0,81,1.0,0,1,1,False
926,1,1,0,3,0,0.29,1,70,2,0,20,1,4.58333333333333,0,11.75,1,1,1.0,0,3,0.8,0,1,3,True
927,0,2,2,7,0,0.46,1,61,1,0,26,1,4.92857142857143,1,12.0,1,1,1.375,0,23,0.5,0,1,2,True
928,1,1,2,3,1,0.26,2,78,2,0,28,2,6.3,0,8.96666666666667,1,1,0.514285714285714,0,24,0.416666666666667,0,4,6,True
929,1,1,1,5,0,0.18,2,77,3,0,29,1,7.2,1,14.15,2,1,1.63636363636364,0,361,0.533333333333333,0,6,2,True
930,0,1,2,2,0,0.38,2,78,1,0,12,1,3.66666666666667,1,4.66666666666667,1,1,0.5,0,0,0.666666666666667,0,1,2,True
931,1,1,0,3,0,0.24,1,71,2,0,15,2,4.45,0,9.15,1,1,0.130434782608696,0,83,0.285714285714286,0,4,3,False
932,0,1,0,2,0,0.25,3,55,3,0,14,1,6.0,5,18.5,10,4,3.75,3,30,0.666666666666667,0,1,3,False
933,1,1,0,0,0,0.43,1,100,2,0,5,1,2.75,1,5.75,1,0,0.857142857142857,0,0,0.0,0,1,0,False
934,2,1,4,1,1,0.17,0,88,2,0,15,2,4.25,1,6.3125,2,1,1.45,0,13,1.0,0,1,1,False
935,0,1,2,2,0,2.82,0,0,1,0,1,1,1.5,1,2.0,2,1,0.0,0,0,0.0,0,2,0,False
936,0,1,0,0,0,1.12,0,50,2,0,3,1,1.5,1,5.0,2,1,0.75,0,0,0.0,0,1,0,False
937,0,1,1,0,0,0.35,0,0,1,0,4,1,0.4,0,3.4,0,1,0.0,0,0,1.0,0,1,0,False
938,0,1,3,3,0,0.2,1,75,2,0,21,2,3.19230769230769,0,10.2692307692308,0,1,1.1,0,25,0.444444444444444,0,4,6,True
939,0,2,3,1,0,0.2,1,87,2,0,10,2,3.92857142857143,1,6.21428571428571,1,1,1.35294117647059,0,346,1.0,0,1,1,False
940,0,1,0,2,0,0.31,1,70,1,0,12,1,3.2,1,8.4,2,1,0.428571428571429,0,1,0.5,0,1,1,False
941,0,1,2,1,4,0.13,2,100,2,0,25,2,7.296875,0,8.40625,0,0,0.986666666666667,0,7,0.5,0,2,3,True
942,0,1,0,0,0,0.32,1,50,1,0,5,1,2.33333333333333,1,5.66666666666667,5,2,1.0,1,0,1.0,0,1,0,False
943,0,1,1,4,0,0.37,3,58,1,0,17,1,2.5,1,10.25,1,1,0.5,0,4,0.5,0,2,1,True
944,4,1,2,3,0,0.27,2,69,1,0,26,2,3.28571428571429,0,8.90476190476191,0,1,1.04166666666667,0,61,0.285714285714286,0,4,7,True
945,3,1,0,2,0,0.39,0,50,2,0,7,1,3.6,2,6.6,1,1,1.625,0,0,1.0,0,1,0,True
946,0,1,1,3,0,0.51,2,14,1,0,5,1,2.0,0,3.42857142857143,1,1,0.444444444444444,0,0,1.0,0,1,0,False
947,0,1,1,0,0,0.31,0,87,1,0,13,2,1.41666666666667,0,2.5,0,1,0.4,0,0,1.0,0,3,0,False
948,0,1,2,5,2,0.34,1,74,1,1,24,2,4.59090909090909,0,11.5,1,1,0.466666666666667,0,11,0.5,0,2,5,False
949,0,1,1,0,0,1.33,0,0,2,0,2,1,2.0,2,3.0,3,1,0.0,0,0,1.0,0,1,0,False
950,0,1,2,2,0,0.29,0,63,1,0,17,2,5.81818181818182,1,5.54545454545455,2,1,0.571428571428571,0,0,1.0,0,2,1,False
951,0,1,2,0,0,0.15,1,63,1,0,21,2,3.23076923076923,0,5.15384615384615,0,1,0.375,0,4,0.333333333333333,0,4,0,False
952,0,1,0,0,0,0.47,0,75,1,0,2,2,0.75,0,0.75,0,1,0.0,0,9,1.0,0,1,2,False
953,0,1,0,1,0,0.18,2,72,2,0,20,1,7.09090909090909,0,8.27272727272727,1,1,0.785714285714286,0,0,1.0,0,1,2,False
954,0,3,1,3,0,0.2,4,66,1,0,21,1,9.6,4,13.0,4,1,1.85714285714286,0,0,1.0,0,1,1,True
955,0,3,4,6,0,0.2,3,64,1,0,29,2,7.6875,1,13.8125,1,1,2.0,0,4,0.4,0,2,2,False
956,0,1,1,1,0,0.4,3,40,1,0,6,1,2.5,2,7.5,7,1,0.75,0,7,0.666666666666667,0,2,1,False
957,0,1,1,4,0,0.39,3,42,1,0,12,1,5.5,5,13.0,9,4,1.0,1,12,1.0,0,2,1,False
958,0,1,2,0,0,0.23,0,46,1,0,5,2,0.727272727272727,0,2.09090909090909,0,1,0.0,0,0,1.0,0,1,0,False
959,0,1,1,0,0,0.31,0,75,1,0,1,1,3.54545454545455,0,3.81818181818182,2,1,0.714285714285714,0,1,0.666666666666667,0,2,0,True
960,0,1,0,1,4,1.03,0,71,2,0,1,1,2.42857142857143,1,2.85714285714286,2,1,0.333333333333333,0,0,1.0,0,1,0,False
961,0,1,2,0,0,0.4,0,52,1,0,9,1,3.0,2,6.0,2,1,0.0,0,0,1.0,0,2,1,False
962,0,1,2,1,0,0.1,3,57,1,0,19,1,8.42857142857143,3,12.7142857142857,3,1,0.777777777777778,0,4,1.0,0,1,2,False
963,0,1,0,2,0,0.53,1,33,1,0,3,1,14.3333333333333,12,7.33333333333333,1,1,1.4,0,0,0.0,0,2,2,False
964,0,1,0,0,0,0.27,0,82,2,0,4,1,2.2,0,3.4,2,1,0.0,0,0,1.0,0,1,2,False
965,0,1,0,0,0,0.16,0,81,2,0,6,1,3.8,0,4.3,2,1,0.0,0,0,1.0,0,1,2,False
966,0,1,2,0,2,0.26,0,74,2,0,2,1,4.14285714285714,0,5.0,2,1,0.0,0,0,1.0,0,1,2,False
967,0,1,0,0,0,0.3,0,75,2,0,4,1,2.71428571428571,0,4.57142857142857,2,1,0.0,0,0,1.0,0,1,2,False
968,0,1,0,0,0,0.2,0,81,2,0,4,1,3.0,0,3.9,2,1,0.5,0,0,1.0,0,1,2,False
969,0,1,0,0,0,0.14,0,85,2,0,6,1,1.6,0,6.0,2,1,0.0,0,9,0.5,0,2,2,False
970,0,1,0,0,0,0.41,0,78,2,0,2,1,1.85714285714286,0,2.57142857142857,2,1,0.0,0,0,1.0,0,2,1,False
971,0,1,0,0,0,0.23,0,82,2,0,5,1,2.6,0,4.0,2,1,0.0,0,0,1.0,0,1,2,False
972,0,1,0,0,0,0.25,0,82,2,0,4,1,2.2,0,3.3,2,1,0.0,0,0,1.0,0,1,2,False
973,0,1,0,0,0,0.26,0,75,2,0,4,1,3.0,0,4.0,2,1,0.0,0,0,1.0,0,2,1,False
974,0,1,4,0,0,0.2,0,85,2,0,5,1,2.75,0,3.75,1,1,0.0,0,0,1.0,0,1,2,False
975,0,1,0,0,0,0.24,0,82,2,0,3,1,2.6,0,3.5,2,1,0.0,0,0,1.0,0,1,2,False
976,34,1,5,0,18,0.17,0,100,3,8,26,2,3.20792079207921,0,3.54455445544554,0,0,0.550387596899225,0,0,0.0,0,1,0,False
977,0,1,2,0,0,0.18,1,60,1,0,14,1,4.8,2,9.6,2,1,0.428571428571429,0,0,1.0,0,1,2,False
978,0,1,2,0,0,0.16,3,60,1,0,14,1,7.6,2,9.2,2,1,0.428571428571429,0,0,1.0,0,1,2,False
979,0,1,16,0,0,0.06,0,84,1,0,15,1,6.74074074074074,2,8.03703703703704,2,1,0.310344827586207,0,152,0.666666666666667,0,2,2,False
980,0,1,5,2,0,0.15,1,75,1,0,19,1,5.2,2,13.0,2,1,1.75,0,0,1.0,0,2,1,False
981,0,1,5,8,0,0.19,3,67,1,0,37,1,8.6,2,12.2,2,1,0.823529411764706,0,2,0.6,0,1,2,True
982,0,1,4,2,0,0.28,2,64,1,0,12,1,3.66666666666667,2,8.33333333333333,2,1,0.0,0,0,1.0,0,2,1,False
983,0,1,3,0,0,0.22,0,68,1,0,11,1,3.0,2,8.2,2,1,1.28571428571429,0,0,1.0,0,2,1,False
984,1,1,3,0,0,0.12,0,76,1,0,20,1,3.5,2,9.08333333333333,2,1,1.0,0,1,0.5,0,2,2,True
985,0,1,3,0,0,0.14,0,70,1,0,11,1,2.9,2,6.8,2,1,0.0,0,0,1.0,0,1,2,False
986,0,1,0,1,0,0.4,0,83,1,0,3,2,0.333333333333333,0,4.33333333333333,3,1,0.272727272727273,0,0,1.0,0,2,1,True
987,0,0,0,0,0,9.67,0,0,0,0,0,0,0.0,0,0.0,0,0,0.0,0,0,0.0,0,1,0,False
988,0,1,1,0,0,0.17,0,86,4,0,10,2,4.0,0,5.52941176470588,1,1,1.30434782608696,0,17,0.6,0,1,4,False
989,0,1,0,1,0,0.41,0,71,1,0,6,1,2.71428571428571,0,4.85714285714286,3,1,0.888888888888889,0,118,1.0,0,1,0,False
990,0,1,0,3,0,0.72,0,100,2,0,4,1,0.0,0,7.0,7,1,0.0,0,0,1.0,0,3,2,False
991,0,1,4,4,0,0.39,0,79,1,0,18,1,2.75,1,9.125,1,1,1.3,0,37,0.5,0,1,1,True
992,0,1,0,0,0,0.41,0,50,1,0,5,1,1.0,1,6.66666666666667,6,1,0.0,0,0,1.0,0,1,1,False
993,0,1,2,4,0,0.57,1,75,1,0,7,1,1.0,0,3.0,0,1,0.428571428571429,0,2,0.5,0,2,2,True
994,0,1,0,4,0,0.38,1,74,1,0,13,1,3.2,1,10.6,3,1,2.42857142857143,0,74,0.833333333333333,0,1,2,True
995,0,1,0,3,0,0.28,3,78,1,0,10,1,0.714285714285714,0,10.5714285714286,6,1,0.555555555555556,0,10,0.666666666666667,0,1,1,True
996,0,1,0,2,0,0.52,0,100,1,0,4,1,1.33333333333333,1,7.33333333333333,6,1,0.0,0,0,1.0,0,1,1,False
997,0,1,0,0,0,0.39,0,100,1,0,3,1,0.0,0,3.5,1,1,0.0,0,0,1.0,0,1,1,False
998,0,1,0,0,0,0.23,0,100,1,0,4,1,0.0,0,5.16666666666667,4,1,0.0,0,0,1.0,0,1,1,False
999,0,1,0,5,0,1.07,0,0,1,0,2,1,0.0,0,6.0,5,1,0.0,0,0,0.5,0,2,0,True
1000,0,1,2,3,0,0.6,0,66,1,0,5,1,1.8,1,7.6,1,1,0.428571428571429,0,9,0.5,0,2,3,True
1001,0,1,0,2,0,0.21,0,91,2,0,9,1,2.33333333333333,0,5.61111111111111,0,1,0.6,0,2,0.285714285714286,0,3,3,True
1002,0,1,2,5,0,0.28,1,57,1,0,20,2,2.22222222222222,1,9.22222222222222,1,1,0.692307692307692,0,0,0.5,0,1,1,True
1003,0,2,2,3,0,0.33,1,75,1,0,15,1,2.5,1,7.875,1,1,2.1,0,9,0.5,0,3,2,True
1004,0,1,0,1,2,0.12,3,96,1,0,26,1,1.0,0,10.4545454545455,2,1,0.708333333333333,0,17,0.4,0,3,3,False
1005,0,1,0,0,0,0.27,0,100,1,0,4,1,1.25,0,6.75,5,1,0.0,0,0,1.0,0,1,1,False
1006,0,1,2,3,0,0.32,0,70,1,0,18,1,3.0,0,5.875,1,1,0.277777777777778,0,67,0.615384615384615,0,3,3,True
1007,0,1,5,0,0,0.21,0,80,1,0,8,2,2.44444444444444,0,4.22222222222222,0,1,0.666666666666667,0,3,0.5,0,1,0,False
1008,0,1,15,5,0,0.5,1,84,1,0,14,1,4.56,0,6.36,1,1,0.111111111111111,0,324,0.588235294117647,0,3,2,True
1009,0,1,3,0,0,0.12,0,70,1,0,10,2,5.11111111111111,1,6.11111111111111,1,1,1.5,0,42,0.833333333333333,0,1,1,False
1010,0,1,6,0,0,0.08,3,66,1,0,23,2,5.18181818181818,0,11.6363636363636,0,1,0.48,0,5,0.333333333333333,0,1,2,False
1011,0,1,13,2,0,0.63,0,73,3,0,11,1,5.30769230769231,2,4.30769230769231,1,1,0.266666666666667,0,0,0.0,0,4,0,False
1012,0,1,2,0,0,2.67,0,0,1,0,2,1,8.0,7,1.0,1,1,0.0,0,0,0.0,0,1,0,False
1013,0,1,4,0,0,0.49,0,0,1,0,3,1,16.25,8,5.25,2,1,0.0,0,6,1.0,0,2,0,False
1014,1,1,0,2,5,0.32,0,78,1,3,17,1,5.54545454545455,2,10.2727272727273,2,1,1.0,0,2,0.666666666666667,0,1,1,True
1015,0,1,0,8,0,0.55,8,100,2,0,10,1,6.0,6,20.0,20,1,0.0,0,2,0.333333333333333,0,2,1,False
1016,0,1,0,11,0,0.64,9,100,2,0,9,1,7.0,7,19.0,19,1,0.0,0,1,0.333333333333333,0,2,1,False
1017,0,1,0,11,0,0.55,10,100,2,0,9,1,8.0,8,22.0,22,1,0.0,0,2,0.333333333333333,0,1,2,False
1018,0,1,3,4,0,1.23,0,66,1,0,2,1,6.4,3,3.6,3,1,0.428571428571429,0,1,0.666666666666667,0,1,1,False
1019,0,1,1,0,3,0.14,3,77,2,0,14,1,12.375,1,9.625,1,1,1.1,0,88,0.4,0,2,0,False
1020,0,1,0,0,0,0.2,0,92,1,0,12,2,0.636363636363636,0,1.09090909090909,0,1,0.0,0,5,0.6,0,3,2,False
1021,0,1,0,0,0,0.41,0,81,1,0,5,2,2.18181818181818,0,2.0,1,1,0.0,0,0,0.0,0,1,1,False
1022,0,1,2,0,3,0.21,0,91,1,2,2,2,4.08333333333333,1,2.83333333333333,1,1,0.866666666666667,0,0,0.5,0,1,0,False
1023,0,1,0,1,1,0.31,0,90,2,0,11,1,5.17647058823529,2,4.94117647058824,1,1,1.05,0,1,0.666666666666667,0,1,1,False
1024,1,1,1,0,1,0.25,0,87,2,0,6,2,6.1875,2,5.125,1,1,1.15,0,3,0.666666666666667,0,1,1,False
1025,0,1,1,0,0,0.12,1,89,1,0,5,2,3.91304347826087,0,3.91304347826087,1,1,0.730769230769231,0,123,0.75,0,1,0,False
1026,0,1,1,1,3,0.31,2,65,2,0,15,1,5.4,1,7.2,1,1,0.571428571428571,0,33,0.8,0,1,1,False
1027,0,1,0,4,0,0.97,2,50,2,0,2,1,3.0,3,8.0,8,4,1.0,1,0,1.0,0,2,1,False
1028,0,1,0,3,0,0.32,3,100,2,0,4,1,1.0,0,8.8,2,1,1.71428571428571,0,0,1.0,0,2,0,False
1029,0,1,1,2,0,0.22,0,85,1,0,2,1,1.73333333333333,0,3.93333333333333,1,1,0.941176470588235,0,356,0.5,0,1,0,False
1030,0,1,1,1,0,0.15,0,100,2,0,2,1,1.8,0,4.6,2,1,0.823529411764706,0,2,0.5,0,4,2,False
1031,0,1,0,7,0,0.4,5,100,1,0,4,1,3.0,2,10.5,4,2,3.25,1,0,1.0,0,3,1,False
1032,0,1,0,0,0,0.82,0,100,1,0,2,1,1.0,1,6.0,6,2,1.0,1,0,1.0,0,3,0,False
1033,0,1,0,0,0,0.48,0,100,1,0,5,1,0.5,0,8.0,7,1,0.0,0,0,1.0,0,2,1,False
1034,0,1,0,1,0,0.17,0,80,1,0,10,2,2.0,1,6.53846153846154,1,1,0.375,0,4,0.75,0,1,2,False
1035,0,1,0,4,0,0.3,3,100,1,0,6,1,2.0,0,11.2,3,1,1.28571428571429,0,5,0.666666666666667,0,2,1,False
1036,5,1,2,6,0,0.33,3,70,1,0,36,1,7.53571428571429,1,13.0714285714286,1,1,1.26666666666667,0,78,0.545454545454545,0,3,3,True
1037,1,1,1,0,0,0.32,0,60,1,0,6,1,5.42857142857143,4,3.14285714285714,3,1,0.0,0,8,0.5,0,1,1,False
1038,0,2,0,0,0,0.27,1,71,1,0,3,2,3.33333333333333,2,7.33333333333333,2,1,2.16666666666667,0,0,1.0,0,2,0,False
1039,0,1,0,0,0,1.15,0,100,1,0,2,1,0.0,0,2.0,2,1,0.0,0,1,1.0,0,2,1,False
1040,0,1,0,2,2,0.91,0,100,2,0,2,1,0.5,0,1.75,1,1,0.0,0,0,1.0,0,3,0,False
1041,0,1,0,0,0,0.33,0,58,1,0,1,1,2.0,0,5.33333333333333,4,2,1.6,1,1,0.666666666666667,0,1,1,False
1042,0,1,0,7,1,0.36,1,61,1,0,16,1,7.66666666666667,4,17.0,6,2,1.8,1,3,0.666666666666667,0,2,2,False
1043,0,1,0,9,0,0.4,3,60,3,0,18,1,9.2,4,17.4,5,1,2.28571428571429,0,2,1.0,0,3,4,False
1044,0,1,1,1,1,0.96,0,66,3,0,1,1,0.666666666666667,0,2.0,1,1,0.6,0,1,1.0,0,1,0,False
1045,0,1,0,0,0,0.67,2,0,2,1,4,1,3.5,3,6.5,2,1,0.0,0,6,0.666666666666667,0,2,0,False
1046,0,1,1,0,4,0.18,0,77,1,2,15,1,4.22222222222222,1,4.55555555555556,1,1,0.636363636363636,0,9,0.666666666666667,0,2,0,False
1047,0,1,0,1,7,0.2,0,75,3,3,2,2,2.52941176470588,1,3.88235294117647,1,1,0.541666666666667,0,0,1.0,0,1,2,False
1048,3,1,0,0,0,0.11,0,43,1,0,4,2,4.22727272727273,2,7.81818181818182,1,1,0.269230769230769,0,0,0.5,0,2,2,False
1049,0,1,3,3,0,0.33,1,89,1,0,9,1,3.0,0,4.46666666666667,1,1,0.764705882352941,0,0,1.0,0,1,2,False
1050,0,1,0,7,0,0.83,0,50,2,0,2,1,4.0,4,4.0,4,8,1.0,1,0,1.0,0,3,0,False
1051,0,1,0,2,0,0.32,3,100,1,0,2,1,0.0,0,9.5,6,1,0.75,0,0,1.0,0,1,2,False
1052,0,1,0,0,0,0.35,2,19,1,0,2,2,3.0,2,6.5,5,1,0.0,0,1,0.5,0,2,0,False
1053,0,1,0,0,0,0.23,2,50,1,0,6,1,2.75,0,10.75,6,1,1.0,0,0,1.0,0,2,3,False
1054,0,1,3,0,0,0.18,0,76,2,0,9,2,2.6,1,3.8,1,1,1.0,0,8,1.0,0,1,1,True
1055,0,1,2,0,0,0.23,0,66,1,0,7,2,1.2,0,4.6,1,1,0.0,0,16,0.75,0,2,0,True
1056,0,1,2,5,0,0.31,1,55,1,0,6,1,2.25,2,8.625,1,2,2.0,1,2,0.666666666666667,0,1,1,True
1057,0,1,0,0,0,0.76,0,50,1,0,4,1,2.0,2,7.0,7,1,0.0,0,0,1.0,0,2,0,False
1058,0,1,2,1,0,0.21,1,62,3,0,14,2,2.57894736842105,0,4.10526315789474,0,1,0.407407407407407,0,8,0.666666666666667,0,2,1,False
