commit_id,V,EM,EM/V,DD,DD/V,MDNL,NB,REMC,ENMC,NP,RG,ATL,RTS,buggy,NTM
2a60c998cc9ca8b9a90d8c7865f7494963395b3b,581.2436377185103,5.316584464077811,0.0091469121020341,14.0,0.0240862851504966,1.0,0.0,0.8181818181818182,0.0,1.0,0.3333333333333333,9.357142857142858,0.1318681318681318,False,22.0
f4a9e1b9be856b43e9e512bf40342514fa7856c8,153.73110979725664,4.479767068714279,0.0291402766468171,4.0,0.0260194569939374,0.0,0.0,0.625,0.0,0.0,0.75,13.6,0.0555555555555555,True,31.0
2a87d816a24c62215d682e3a7af65489c0d6e708,22.45883937646084,3.826874881864637,0.1703950421354183,1.0,0.0445258983885027,0.0,0.0,1.0,0.0,0.0,1.0,3.8,0.4,False,6.0
6a78e88237cd2d2947cf5461e9da8359a16a0228,635.3116383008074,5.17742552122626,0.0081494265319516,17.0,0.0267585212911696,1.0,0.0,0.7857142857142857,0.0,1.0,0.4,10.652173913043478,0.1481481481481481,False,25.0
0b84871dbca8a1a33407e7322e3c6162d24b4c29,92.0,4.657310009501607,0.050622934885887,3.0,0.0326086956521739,0.0,0.0,1.0,0.0,0.0,0.6666666666666666,6.4,0.1428571428571428,False,20.0
b51d733a5783ef29077951e842882bb002a4139e,708.2438973275413,4.989593094019918,0.1510628472600606,39.0,0.074074074074074,0.0,0.0,1.0,0.0,1.0,0.3333333333333333,12.56,0.4285714285714285,False,24.0
9e64396ca4c24804d5fd4e96212eed54530ca409,653.6213445634062,4.718881147653348,0.34677201004745,25.0,0.1,0.0,0.0,1.0,0.0,2.0,1.0,7.909090909090909,0.1724137931034483,False,19.0
9115a5de62dcb832569727773112a4688ef63f03,103.6123121079506,3.931873264118392,0.0379479347977669,4.0,0.0386054506324742,0.0,0.0,0.6666666666666666,0.0,0.0,0.6666666666666666,4.636363636363637,0.0,False,10.0
1418d18af43229b442d3ed747fdb8088d4fa5b6f,195.0419599705384,4.607418961420669,0.0236227064274612,5.0,0.0256355094091305,0.0,0.0,0.625,0.0,0.0,0.6,14.166666666666666,0.0454545454545454,False,33.0
2c5bade4ee6db747cbc7b0884094ad443834e3b1,710.8406828659748,4.756145666605031,0.1598579861712074,28.0,0.0833333333333333,0.0,0.0,1.0,0.0,2.0,0.6666666666666666,7.857142857142857,0.0,False,19.0
4358acfe07e991090fbe009aafe3f5110fbf0c40,66.41714012534482,4.673139880431713,0.0703604502032516,3.0,0.0451690632017321,0.0,0.0,1.0,0.0,0.0,0.5,9.2,0.0,False,20.0
9fa47a2039273c4318fafbe78f8253921984b70d,1198.507413093222,5.610402324655507,0.0046811577995797,35.0,0.0292029900004278,2.0,0.0,0.7083333333333334,0.0,1.0,0.2631578947368421,8.74,0.0794701986754966,False,19.0
53b2639a1e26e94f4a4fa8856f462b281c90d8b1,433.4029819467044,5.146678544215879,0.0118750418400415,9.0,0.0207658931177052,0.0,0.0,0.9,0.0,0.0,0.4285714285714285,9.0,0.0746268656716417,False,30.0
2812e722008b772756cbd0ef0600a55b65d6ee0e,242.8990497563786,4.856276297351081,0.0199929818672481,12.0,0.0494032397905042,1.0,0.0,1.0,0.0,1.0,0.125,9.909090909090908,0.1428571428571428,False,16.0
fd6148c8b20bc051786ff574d3b8f3b5e79b391a,535.0242986264551,5.023946299223042,0.0093901273495816,13.0,0.0242979618558901,0.0,0.0,0.75,0.0,0.0,0.5,10.678571428571429,0.0588235294117647,False,30.0
cbc48be13b38452963a81266db46ca4a36aa9d84,202.11890788006696,4.6268275796753455,0.0228916118150648,5.0,0.0247379132038794,0.0,0.0,0.625,0.0,0.0,0.6,14.5,0.0454545454545454,True,33.0
947fceaa73a21ddc4263b98913ebf11aa71f5ba1,213.96993759735608,4.639068780441461,0.021680937203296,5.0,0.0233677686507947,0.0,0.0,0.625,0.0,0.0,0.6,15.166666666666666,0.0454545454545454,True,33.0
f25282def5826fab6caabff28c82c57a7f3fdcb8,82.45413751658658,4.587386181538584,0.0556356093181591,6.0,0.0727677249524686,0.0,0.0,1.0,0.0,0.0,0.5,8.142857142857142,0.0,False,14.0
0982572519655354b10987de4f68e29b8331bd2a,679.3981205950126,5.1177752906660245,0.0075328075476333,15.0,0.0220783654609805,0.0,0.0,1.0,0.0,0.0,0.375,8.083333333333334,0.1875,False,26.0
7222ee29779c3c5146aa5a3d6d060f3b039c1ff7,222.97158093186488,4.874132698517231,0.0218598831211886,14.0,0.0627882707809211,0.0,0.0,1.0,0.0,0.0,0.375,10.545454545454543,0.088235294117647,False,21.0
b291db712e73fdff0c02946bac96e330b089409d,363.55973856504056,5.2485379726256935,0.0183643131352494,17.0,0.0562694992341151,0.0,0.0,0.7142857142857143,0.0,0.0,0.3636363636363636,9.615384615384617,0.1052631578947368,False,22.0
33bad85bb9143d41bc5de2068f7e8a8c39928225,43.18506523353571,4.103465189601645,0.129449914043221,2.0,0.0463123070252278,0.0,0.0,1.0,0.0,0.0,1.0,6.25,0.0,False,16.0
a515706d9cb2c94ed981d9015026331aaf582f36,495.5959501564604,4.683278250946455,0.0094497912048472,13.0,0.0262310456651146,0.0,0.0,1.0,0.0,0.0,0.4444444444444444,10.24,0.0,False,25.0
91b3d414481cd06e0b75f621550a38042f9b2ffd,376.4722502525251,5.019193972605901,0.0136136315493023,12.0,0.035879011874812,0.0,0.0,1.0,0.0,0.0,0.5,12.727272727272728,0.0754716981132075,False,32.0
2a872335c5c7b5481c927272447e4a344ef59dda,516.2341910549894,4.993974583753862,0.0147089842347531,15.0,0.0384794786530061,0.0,0.0,1.0,0.0,0.0,0.5,11.185185185185183,0.0471698113207547,False,25.0
b0f5f4d441119662c09572de697b2d9943f703ef,275.0,4.975943722527896,0.0216121470437234,15.0,0.0657218493303601,0.0,0.0,0.875,0.0,0.0,0.3,10.083333333333334,0.0952380952380952,False,27.0
b493f55a4fe43c83061a361eef029edbac50c006,69.18863237274594,3.875306873741967,0.0560107454193369,4.0,0.0578129652635775,0.0,0.0,1.0,0.0,0.0,1.0,4.333333333333333,0.0,False,7.0
7e56e99573b4cf161293e648aeb159375c9c0fcb,133.21582985307933,4.648597501977656,0.0348952336002747,11.0,0.0825727694083477,0.0,0.0,1.0,0.0,0.0,0.375,9.88888888888889,0.0,False,16.0
379564c7e05cfd0acceaee5641e0d06c86985bff,187.9834625295674,4.5861519383944565,0.0243965712551608,5.0,0.0265980843884794,0.0,0.0,0.625,0.0,0.0,0.6,13.833333333333334,0.0454545454545454,False,33.0
fbc1ab346867d5c81dc59e4c8d85aeda2f516ce2,237.7443751081734,4.488285882730499,0.0289481354509806,6.0,0.0437749225061989,0.0,0.0,0.75,0.0,2.0,1.0,8.636363636363637,0.0,False,14.0
9c32f300fb4151a2b563bf3d2e46469722e016e1,671.5100890923876,5.101435471070961,0.0075969602749618,15.0,0.0223377135260528,0.0,0.0,1.0,0.0,0.0,0.375,8.083333333333334,0.1875,False,26.0
7dfb82a992d47491174d7929e31351d26cadfcda,43.18506523353571,3.997952698660691,0.0925772064263561,2.0,0.0463123070252278,0.0,0.0,1.0,0.0,0.0,1.0,4.333333333333333,0.2857142857142857,True,7.0
a3959111387ae955c63284b389cc888cbd19e399,653.6213445634062,4.718881147653348,0.0072195946275368,25.0,0.0382484449260129,0.0,0.0,0.7272727272727273,0.0,2.0,0.2222222222222222,7.4375,0.0,True,19.0
578bd1fc28513eb84002c604000250f5cff9b815,353.10758835509176,5.016327441119404,0.0925772064263561,12.0,0.0463123070252278,0.0,0.0,1.0,0.0,0.0,1.0,8.789473684210526,0.0344827586206896,True,20.0
d09c36065ca040044530a50f0392c92866b6d301,611.4563412873773,4.816470260283152,0.0094527694925062,15.0,0.0297736581916833,0.0,0.0,1.0,0.0,0.0,0.5,11.78125,0.048076923076923,False,26.0
c2537057f9ed8723d2c33a1636edf9c9547cdc66,413.6403177873932,4.761869925901874,0.0152816179732188,15.0,0.0482453513579143,0.0,0.0,1.0,0.0,0.0,0.5,11.428571428571429,0.028169014084507,False,25.0
f649dabb4a3a57cb25a852808297fb718cbfedd4,830.4168831079292,4.81411704471467,0.0057972292503221,29.0,0.0349222186951019,0.0,0.0,1.0,0.0,0.0,0.3,10.538461538461538,0.0348837209302325,False,25.0
6caec3f44193a459a2dd10b0393e391979795039,291.4788597076543,4.919450462384956,0.0223076367455326,7.0,0.0320348320310822,0.0,0.0,1.0,0.0,0.0,0.3333333333333333,13.181818181818182,0.0434782608695652,False,27.0
1ffe26c7c03b5d128952e7d3ea7f130cd242a468,851.2372299310996,4.683278250946455,0.0094497912048472,22.0,0.0262310456651146,0.0,0.0,1.0,0.0,0.0,0.4444444444444444,10.24,0.0,False,30.0
5e9ce83d682d6198cda4631faf11cb53fcccf07f,450.0,4.612640675179038,0.0138305949426769,18.0,0.0425492107106726,0.0,0.0,1.0,0.0,0.0,0.6666666666666666,12.076923076923077,0.0625,True,26.0
e1a209f791a29225c7c75861aa4a18b14739fcc4,145.94737505048093,4.3310870176601215,0.2054501891204186,10.0,0.0685178475908947,0.0,0.0,1.0,0.0,1.0,0.2857142857142857,10.428571428571429,0.25,False,14.0
d761e7359deb7ca864d33b8f2e4380b57448630b,107.54887502163469,4.538428415365134,0.042198753026958,8.0,0.0743847855069679,0.0,0.0,1.0,0.0,0.0,0.4285714285714285,8.875,0.0,False,14.0
38b8048f291dd42ee996e75bd1b6d33aa24b1a5e,206.81934759820803,4.622161667924511,0.022348787584922,5.0,0.0241756879037912,0.0,0.0,0.625,0.0,0.0,0.6,14.833333333333334,0.0454545454545454,False,33.0
4b92a20232bc24fd858ed4eb7c45462241e36829,190.3981037807637,4.836077077828888,0.0253998174445972,11.0,0.0577736846196015,1.0,0.0,1.0,0.0,1.0,0.375,8.9,0.2413793103448276,False,17.0
66d501276b5a066bd9abaa4e284cfad557665948,1198.507413093222,5.612684193877359,0.4272869792568111,35.0,0.125,2.0,0.0,1.0,0.0,2.0,0.5,18.0,0.8571428571428571,False,38.0
35f80da21aaea8c6fde089754ef3a86bc78e0428,800.2167038379401,5.399922176650111,0.0119080978129019,22.0,0.0377843525081947,1.0,0.0,0.9285714285714286,0.0,1.0,0.4444444444444444,8.878787878787879,0.0919540229885057,False,27.0
a975a19f21e71f448b3fdb2ed4461e28ef439900,860.3856136843225,5.413312041302419,0.0106297600632333,24.0,0.037825759354782,1.0,0.0,0.9333333333333332,0.0,1.0,0.5,8.704545454545455,0.0879120879120879,False,27.0
7025dda8fa84b57d6f12bc770df2fa10eef21d88,755.6795483714568,5.235612160376412,0.0199663019052659,21.0,0.0468041317817399,1.0,0.0,1.0,0.0,1.0,0.4166666666666667,10.653846153846152,0.1590909090909091,False,29.0
4af5c7e24455246c61c1f3c22225507e720d721d,53.77443751081734,4.171860873964196,0.0775807440686846,3.0,0.0557885891302259,0.0,0.0,1.0,0.0,1.0,0.3333333333333333,5.0,0.0,False,9.0
2e95174c45f7ccfb5b9a44ca61897140ceae257f,830.2158611331321,5.40850576692358,0.0112254122737251,23.0,0.0377160551055552,1.0,0.0,0.9333333333333332,0.0,1.0,0.5,8.794117647058824,0.0898876404494382,False,27.0
7e758d709286e73d2c878d4a2d2b4606386142c7,1819.6810941015576,5.308296202805658,0.0029171574184137,40.0,0.021981873708343,1.0,0.0,0.84,0.0,1.0,0.1578947368421052,12.947368421052632,0.1266666666666666,False,32.0
31a704004f9b4ad34f92ae5c95ae6e90d0ab62c7,1106.3374166052884,5.487342131514026,0.0086509200647106,22.0,0.0262287309994626,1.0,0.0,1.0,0.0,1.0,0.4166666666666667,11.846153846153848,0.0961538461538461,False,38.0
aaf2b735fddbebccd28012006ee4647af3b3624f,307.35774857210805,5.165994255311218,0.0168077566917082,18.0,0.0585636772901369,0.0,0.0,0.75,0.0,0.0,0.4166666666666667,8.4,0.1666666666666666,True,20.0
29fabb1b528e60b2f65132a9ab64f2fd95b729ba,1290.0,5.05561152024278,0.1482787356262315,66.0,0.0791571526906715,1.0,0.0,1.0,0.0,1.0,1.0,13.461538461538462,0.2631578947368421,True,34.0
c3f8b78c211df6c5adae74f37e39fb55baeff723,211.51978731634912,4.603596514502652,0.0217643775691657,5.0,0.0236384503948181,0.0,0.0,0.625,0.0,0.0,0.6,15.333333333333334,0.0434782608695652,False,33.0
010c460d627c1917dc47b09e59fd41172bbf90b3,206.81934759820803,4.606619558336809,0.0222736393467702,5.0,0.0241756879037912,0.0,0.0,0.625,0.0,0.0,0.6,15.0,0.0434782608695652,True,33.0
0247b5c5467ca1b0d03ba929a78fa4d805582d84,129.65784284662087,4.720946864308895,0.036410808329532,2.0,0.0154252142106506,0.0,0.0,0.5,0.0,0.0,0.5,11.571428571428571,0.1,True,23.0
40a8fef4e6619b4ea10a4ec9026260649ce5ae73,63.11663380285988,4.505229681327448,0.0713794353386969,5.0,0.079218419911574,0.0,0.0,1.0,0.0,0.0,0.6,8.166666666666666,0.0,True,17.0
1faef149f763f4a54aaa6e17043d0a628ae338a0,438.86228838418543,5.079121606393466,0.0139271251298484,21.0,0.05758271811383,2.0,0.0,1.0,0.0,0.0,0.4285714285714285,12.916666666666666,0.106060606060606,True,29.0
7120a2979d0a9f0f54a88b2416be7ca10e74f409,767.5413409114686,5.157817961029943,0.2054501891204186,23.0,0.0504743802857165,1.0,0.0,1.0,0.0,0.0,1.0,13.294117647058824,0.2857142857142857,True,35.0
44dd57fb66bb676d753ad8d9757f9f4c03364113,1150.7169128358732,5.6076275060183365,0.0106960898333195,32.0,0.0409433548400025,2.0,0.0,1.0,0.0,1.0,0.5,11.961538461538462,0.2098765432098765,True,38.0
68f28dabe9c7679be82e684385be216319beb610,638.5199284689053,5.319918100775404,0.0118792333962463,16.0,0.0360062653313385,0.0,0.0,0.9333333333333332,0.0,1.0,0.5,8.35483870967742,0.0888888888888888,True,26.0
98750a74daf7e2b873da85d2d5067f47e3bbdc4e,358.95598430941163,5.215970250008135,0.0189544789464714,17.0,0.0587377372357216,0.0,0.0,0.7142857142857143,0.0,0.0,0.3636363636363636,9.615384615384617,0.1842105263157894,True,22.0
bfa614b12795f1cfce4de0950f90cb8c4f2a7d53,252.6150117466337,4.860564391876192,0.0192409958468786,9.0,0.0356273363873828,0.0,0.0,1.0,0.0,0.0,0.4285714285714285,12.555555555555555,0.032258064516129,True,31.0
968c0187a12f5ae4a696c02c1ff088e998ed7edd,578.6997515755535,5.066407256101166,0.0087548115275797,23.0,0.0397442714246563,1.0,0.0,0.8461538461538461,0.0,0.0,0.25,11.047619047619047,0.1125,True,22.0
9e6375349e945fed87bbeae565f35ab9ca28f70f,589.8675469486711,4.882680192119207,0.0082775874302236,21.0,0.0356012126936479,0.0,0.0,0.8181818181818182,0.0,0.0,0.3846153846153846,12.421052631578949,0.050632911392405,True,26.0
aa99f226a691ddcb4442d60f4cd4908f434cc4ce,857.6195752004813,5.46441801948736,0.0639942141569729,22.0,0.0955089218317067,1.0,0.0,1.0,0.0,1.0,0.4,10.5,0.0671641791044776,True,32.0
6e9ef10fd7446a11f37446c961916ba2a8e02cb8,218.26124091941205,4.7180809159230765,0.0216166686125692,11.0,0.0503983206256098,0.0,0.0,1.0,0.0,1.0,0.2857142857142857,8.333333333333334,0.0,True,17.0
5930f64bf0d2516304b21bd49eac361a54caabdd,1504.5093057978745,5.300808494410844,0.0676696519097964,34.0,0.0492252257031405,1.0,0.0,1.0,0.0,0.0,1.0,9.327586206896552,0.0913978494623656,True,28.0
037fe4d2ba01be5610baa3dd9c5c9d3a5e5e1064,569.7577992437202,5.049334475113311,0.0088622472247253,23.0,0.040368030118288,1.0,0.0,0.8461538461538461,0.0,0.0,0.25,10.952380952380953,0.1125,True,22.0
352ed6bbe3c3b67e52e298e7c535ae414d96beca,85.83671966625712,4.412940883808314,0.0514108752171137,2.0,0.0233000516303072,0.0,0.0,1.0,0.0,0.0,0.5,6.833333333333333,0.0,True,16.0
0bb33076e2c12947edc91ff61f98e4b72d881ec3,133.97977094150824,4.428225451932473,0.0640955597814867,4.0,0.0481774710529813,0.0,0.0,1.0,0.0,0.0,1.0,6.875,0.0,False,16.0
377b06820934cab6d67f3a9182528c7f417a7d98,12.0,3.189898095464287,0.2658248412886906,0.0,0.0,0.0,0.0,0.0,0.0,0.0,0.0,5.0,0.0,True,9.0
47a40f60d62ea69b659959994918d4c640f39d5b,2296.3285500900083,4.636679163578191,0.018758666182725,115.0,0.0500799417380811,0.0,0.0,1.0,0.0,0.0,0.9285714285714286,9.847457627118644,0.0,True,18.0
db34690466d67f9c8ac6a145fddb5f7ea30a8d8d,764.2631695248,4.707467074161866,0.0061594844052067,30.0,0.0392534943410308,0.0,0.0,0.9375,0.0,0.0,0.3333333333333333,12.714285714285714,0.3658536585365853,False,30.0
65181b7512c2192311705dfdfad588a80d3a6fde,18.09473750504809,3.536886723742167,0.2253566959358565,2.0,0.1105293734955833,0.0,0.0,0.0,0.0,1.0,1.0,15.0,0.0,False,15.0
b83091ae4589feea78b056827bc3b7659d271e41,1026.0,5.460937484412771,0.0555795849232647,67.0,0.0825899503765393,0.0,0.0,0.8181818181818182,0.0,6.0,0.5,8.25,0.0,False,13.0
b4034c3f889bf24f60eb806802866b48e4cbe55c,41.20902501875005,4.032303242743954,0.1218315167611097,2.0,0.0647649431105494,0.0,0.0,1.0,0.0,0.0,1.0,5.4,0.0,False,9.0
369127f03257e7081d2aa1fc445e773b26f0d5e3,1631.8848246035325,5.629377613827518,0.0144708218129722,53.0,0.0458747924050227,0.0,0.0,0.8461538461538461,0.0,3.0,0.5,8.8,0.0216216216216216,True,18.0
7e2f8821e08fddae661fcb484bf462210ad879e6,439.4436251225965,4.930049242403977,0.017000169801393,17.0,0.0482758620689655,0.0,0.0,0.8181818181818182,0.0,0.0,0.5555555555555556,11.272727272727272,0.0363636363636363,False,18.0
b127ff8a0c5fb704da574d101a2d0e27ac5f463a,1175.4712285260953,5.285218020819334,0.0044962546871065,48.0,0.0408346872600075,0.0,0.0,0.8333333333333334,0.0,0.0,0.3043478260869565,6.883116883116883,0.0320855614973262,False,23.0
7da33ce5057ff965eec19ce662465b64a3564019,89.92418250750745,4.479077406953246,0.0498094870818459,5.0,0.0556023959359604,0.0,0.0,0.6666666666666666,0.0,0.0,0.75,5.375,0.0,False,10.0
b79b4f5f2251ed7efeec1f4b26e45a8ea6b85a6a,365.3589740763779,4.712695773069092,0.0128988094106151,19.0,0.0520036494191273,0.0,0.0,1.0,0.0,0.0,0.8333333333333334,8.3125,0.3243243243243243,False,16.0
cb871c44c38a4c1575ed076389f14641afafad7d,1605.7697361013902,5.2126040891379954,0.003246171584846,48.0,0.0298922061618486,1.0,1.0,0.5909090909090909,0.0,1.0,0.3529411764705882,7.655172413793103,0.037593984962406,False,21.0
20c1434a8dbb25b98f6b434b158ae88e44ce3057,1299.8631573648038,5.5474686237458855,0.1168612022069819,79.0,0.1505149978319906,1.0,0.0,1.0,0.0,6.0,0.8,9.181818181818182,0.1875,False,23.0
a85fb6c07fdda5c74d53d6373910dcf5db3ff111,1023.5902638298094,5.3134244246215925,0.0825621288549226,37.0,0.0639895062024538,1.0,5.0,1.0,0.0,2.0,0.6666666666666666,8.454545454545455,0.0533333333333333,False,20.0
4786484076865c56c3fc23c49819b9be2933d287,1051.1312408924264,5.26724141916182,0.0050110216633746,42.0,0.0399569514881332,0.0,0.0,0.8235294117647058,0.0,0.0,0.3043478260869565,6.72,0.0338983050847457,False,23.0
3bb2a8d7508b507edfcc21bd20912b0ff4a0a248,1098.2466502567315,5.120147486965132,0.1621456971496651,30.0,0.0273162681561442,1.0,0.0,0.6521739130434783,0.0,1.0,0.3333333333333333,8.777777777777779,0.0566037735849056,False,21.0
4f87e9562aa0dfe5467d7fbaba9278213106377c,262.3084942066396,4.80281267987374,0.0183097870863846,7.0,0.0266861354268062,0.0,0.0,0.8,0.0,0.0,0.3333333333333333,9.7,0.0416666666666666,False,19.0
6d75ed7e5ccf6c58143de4608115f9a2b3ff6cf4,452.3638880654258,4.870324531555422,0.0107663866635858,14.0,0.0309485358344412,0.0,0.0,0.6923076923076923,0.0,0.0,0.4,9.055555555555555,0.0377358490566037,True,21.0
5051262d4ca6a2c529c9b1ba86d54cce60a7af17,1459.6652190148643,4.1720053961819925,0.0028581933321653,29.0,0.0198675693729088,0.0,0.0,0.3333333333333333,0.0,0.0,0.3333333333333333,13.28125,0.1875,True,33.0
29576e786072bd4218e10036ddfc8d367b1c1446,874.9385958144838,3.908770109333185,0.0044674793500159,20.0,0.0228587469974186,0.0,0.0,0.4444444444444444,0.0,0.0,0.5,12.608695652173912,0.2666666666666666,True,33.0
f743c79abe5a2fb66be32a896ea47e858569b0c7,2466.4609343304423,5.445710520023777,0.0188553394730043,69.0,0.0279753062534238,1.0,2.0,0.6666666666666666,0.0,1.0,0.5,8.421052631578947,0.0148514851485148,True,27.0
ff442bbcffd4f93cfcc2f76d160011e725d2fb3f,1739.918850406732,5.304657174175341,0.0113466108938181,32.0,0.0224882423179449,0.0,0.0,0.9629629629629628,0.0,0.0,0.5,9.3,0.0921052631578947,False,23.0
1650f6f56ed4b7f1a7f645c9e8d5ac533464bd78,968.4267166773049,5.413453478903126,0.0130304969825533,21.0,0.0321814502136109,1.0,0.0,0.7692307692307693,0.0,0.0,0.5,11.454545454545457,0.1020408163265306,False,33.0
49f1a820372d1cba41f3f00d07eb5728f2ed6705,359.4073508826329,4.9755895489257504,0.0193460970616443,12.0,0.0360025265209343,0.0,0.0,1.0,0.0,0.0,0.5,16.75,0.1142857142857142,True,34.0
7a9d09f0bb472a1671d3457e1f7108f4c2eb4121,64.72503367497927,4.233639952626227,0.0654096214748332,1.0,0.0154499726492466,0.0,0.0,0.0,0.0,1.0,0.0,11.0,0.0,False,23.0
6fc2740ebb59aca1aa0ee1e93658a7e4e69de33c,1076.1639629045685,4.869756265493844,0.1583864502243968,54.0,0.0605337205799926,0.0,0.0,0.8571428571428571,0.0,2.0,0.8,8.944444444444445,0.0,True,25.0
f2cc6b5bccc3a70fd7d69183b1a068800831fe19,122.9848878378053,4.574553695298556,0.0371960634816495,6.0,0.0487864818636327,0.0,0.0,0.75,0.0,0.0,0.8,5.363636363636363,0.0,False,10.0
27bfa9ab3a610e072c011fd88ee4684cea6ceb76,882.0997500027327,5.085262559366759,0.0174015907298295,33.0,0.0469475231927306,1.0,0.0,1.0,0.0,3.0,0.6666666666666666,5.918367346938775,0.1034482758620689,True,20.0
6cc96cf0c3ea87ab65d42a59725959d94701577b,894.0,5.483484253206425,0.00613365128994,22.0,0.0246085011185682,2.0,0.0,0.7368421052631579,0.0,1.0,0.1538461538461538,9.63888888888889,0.0338983050847457,False,20.0
270ee677750a1f2adaf24b5816857194e61782ff,625.5088210423362,4.973839241656967,0.1407024792768948,33.0,0.1402066119047683,0.0,0.0,1.0,0.0,4.0,0.4285714285714285,10.68421052631579,0.0,False,25.0
61f9c8711c79f35d67b0456155866da316b131d9,408.74358474821895,5.137359580110706,0.012568661067244,9.0,0.0220186942029778,1.0,0.0,0.4615384615384615,0.0,0.0,0.4444444444444444,7.75,0.0697674418604651,False,19.0
c352ffbdb9112714c176a747edff6115e9369e58,1375.8932753216357,5.211720856382761,0.0037878816256038,45.0,0.0327060251017511,0.0,0.0,0.9375,0.0,0.0,0.375,7.86,0.0,True,20.0
eaafe139f881d6105996373c9b11f2ccd91b5b3e,1003.2570824363356,5.176581696796008,0.0051597758813972,33.0,0.0328928652263903,0.0,0.0,0.7666666666666667,0.0,0.0,0.125,9.82051282051282,0.0967741935483871,False,25.0
4c33a34ba3167ae67fdb4978ea2166ce65638fb9,427.8545880631268,4.42271590636091,0.0212544890284146,11.0,0.0432517948938594,0.0,0.0,0.7777777777777778,0.0,0.0,0.4,10.1875,0.1764705882352941,True,40.0
9716a727fb2d11380794549039e12e53c771e120,825.0245656851504,4.75271710593093,0.0069644130567822,27.0,0.0395645581973448,0.0,0.0,0.8,0.0,1.0,0.7777777777777778,9.947368421052632,0.2758620689655172,False,25.0
6502944f39893b9dfb472f8406d5f3a02a316eff,118.30376252379816,3.767293487178128,0.0318442406801752,8.0,0.0676225322790617,0.0,0.0,1.0,0.0,1.0,0.0,5.636363636363637,0.0,False,9.0
767d288b6b33a79d99324b70c2ac079fcf484a50,66.60791492653966,4.099791168669235,0.0615511110532554,3.0,0.0450396924045532,0.0,0.0,0.5,0.0,0.0,1.0,3.9,0.0,True,7.0
29926238418223b0888d418d163feebf0217b35e,325.5976218400217,4.769688382128025,0.0146490270880158,9.0,0.0276414795327406,0.0,0.0,0.8571428571428571,0.0,0.0,0.3333333333333333,10.363636363636363,0.1034482758620689,False,19.0
2782818287a71925523c1320291db6cb25221e9f,289.50654514090263,4.697613339238797,0.4550279911177315,14.0,0.0483581467672387,0.0,0.0,0.8571428571428571,0.0,1.0,0.6,8.0,0.0,True,19.0
3a6003866ade45974b43a9e785ec35fb76a32b99,1185.501603236166,5.579822542380191,0.0047067186810616,35.0,0.029523367918236,1.0,0.0,0.7916666666666666,0.0,1.0,0.2857142857142857,7.842105263157895,0.0410958904109589,False,27.0
8023242e77e4a799de6edc490078285684549b6d,2515.8844537176487,5.439112782630945,0.0217499707378847,25.0,0.0386093059029189,1.0,0.0,0.8333333333333334,0.0,3.0,0.6923076923076923,8.541176470588235,0.044776119402985,True,28.0
3697232b7d438979cc119b2a364296b0eec4a16a,748.3849750966349,4.9760886142055964,0.0066491027743616,38.0,0.050776006018952,0.0,0.0,0.2142857142857142,0.0,1.0,0.4166666666666667,8.714285714285714,0.0,False,18.0
4d9e560b5470029143926827b1cb9d72a0bfbeff,921.4222753933536,5.47883060109072,0.0089218502405482,23.0,0.0427769931076656,2.0,0.0,0.75,0.0,1.0,0.2,9.54054054054054,0.1194029850746268,True,20.0
8aab94d8984e9d12194dbda47b2e7d9dbc036889,1470.7841192137662,5.238548523426313,0.003561738568558,45.0,0.0305959245902488,1.0,1.0,0.5909090909090909,0.0,1.0,0.3529411764705882,7.666666666666667,0.0396825396825396,True,21.0
b5347a4664625ede6ab9d8ef6558457a34ae423f,1275.2463857667913,4.141012154652665,0.0032472251643847,26.0,0.0203882169674736,0.0,0.0,0.375,0.0,0.0,0.3333333333333333,13.275862068965518,0.198019801980198,True,33.0
67d06880e47e0324409cf7e5b21db1dcb0107b82,535.7552004618084,4.89939382592418,0.0091448367121794,20.0,0.0373304822477886,0.0,0.0,0.9230769230769232,0.0,0.0,0.5833333333333334,12.2,0.05,True,24.0
3290d2d13bb4bd875aec14425c8e3766f9cc644b,1701.5926025577155,5.39402365358244,0.0662720816013937,42.0,0.082246394825706,1.0,0.0,1.0,0.0,1.0,1.0,8.923076923076923,0.2222222222222222,True,28.0
1727e0841cf9948e601ae2936fe89094c8c0c835,1446.8026341915454,5.208202611490767,0.0035998017202954,47.0,0.0324854260624587,0.0,0.0,0.9444444444444444,0.0,0.0,0.4117647058823529,8.14,0.0,True,20.0
52f5754f45370f98e577a2aa96accf3ee2e2c8e2,356.72482509951953,5.279232946696232,0.026536836942163,12.0,0.0599786802960211,0.0,0.0,0.75,0.0,0.0,0.5,9.6,0.0555555555555555,True,20.0
c032b0bf92130dc4facb003f0deaeb1228aefded,114.4489595550095,4.653332993730803,0.0759463937914392,6.0,0.1083993098692079,0.0,0.0,1.0,0.0,2.0,0.5,10.0,0.375,True,20.0
31954910d67c29874d2af22ee30590a7346a464c,221.13832641464973,4.663918777739535,0.021090504090161,5.0,0.0226102823561423,0.0,0.0,0.625,0.0,0.0,0.6,15.666666666666666,0.0434782608695652,True,33.0
9c5612f4e197dec82a5eac9542896d6216a866b7,692.7264317745532,5.178320089151106,0.0245865484560815,32.0,0.0623155119958661,1.0,0.0,0.6666666666666666,0.0,2.0,0.5,9.181818181818182,0.0394736842105263,True,23.0
fe26584a1f5b472fb2e87aa7259aec822a619a3b,211.52361657053456,4.9428977132285725,0.0233680654357586,6.0,0.0283656269558876,0.0,0.0,1.0,0.0,0.0,0.4,6.611111111111111,0.027027027027027,True,24.0
578bfeeff514228f6fd4b07a536815fbb3510f7e,1805.7803960712893,5.445788243671776,0.0315254240133053,44.0,0.0612471740717009,1.0,0.0,0.8709677419354839,0.0,1.0,0.6666666666666666,11.363636363636363,0.074074074074074,True,24.0
517eb37a85e0a28820bcfd5d98c50d02df6521c6,1840.9380113116297,5.442375489730084,0.0464833719205799,45.0,0.050968862941297,1.0,0.0,0.9375,0.0,1.0,0.75,11.363636363636363,0.125,True,24.0
ec8973d1245d4a99edeb7365d7f4b0063ac31ddf,333.4033961014228,5.124033148367168,0.0485432215045288,21.0,0.0629867609195309,1.0,0.0,1.0,0.0,4.0,0.6363636363636364,5.842105263157895,0.0,True,16.0
259936be710f367e1d1e019ee7b93fb68dfc33d0,209.2150500951926,4.664898586090548,0.0222971463284693,5.0,0.0238988543019491,0.0,0.0,0.625,0.0,0.0,0.6,15.0,0.0434782608695652,True,33.0
b305e377fb0a2ca67d9924b995c51e483a4944ad,1295.9952594519093,5.41161559388957,0.0041756445900721,35.0,0.0270062716238652,1.0,0.0,0.7692307692307693,0.0,0.0,0.4,7.1891891891891895,0.0163043478260869,False,20.0
2932e25da4532de9e86b01d08bce0cb680874e70,31.69925001442312,3.940072687348655,0.1242954544841258,2.0,0.0630929753571457,0.0,0.0,0.0,0.0,1.0,0.5,6.75,0.0,True,16.0
a5719804c5ed99ce36bd0dd230ab8b3b7a3b92e3,444.84010080270366,4.980002349273993,0.0140888591026332,17.0,0.0494439127289624,1.0,0.0,0.8888888888888888,0.0,0.0,0.5833333333333334,6.521739130434782,0.0408163265306122,True,17.0
56d7da14ab8f89bf4f303b27f51fd22d23967ffb,708.4973004910277,5.092003645427688,0.0071870473492258,22.0,0.0310516356022144,1.0,0.0,0.7894736842105263,0.0,0.0,0.2307692307692307,8.91304347826087,0.125,True,18.0
c0cc0eaec67208c087a30c1b1f50c00b2c1ebf08,1599.7428674226362,5.115402142222267,0.0031976402248092,57.0,0.0356307261377782,1.0,0.0,0.88,0.0,0.0,0.4761904761904761,12.72222222222222,0.0463576158940397,True,24.0
14f263448471f182123fc84619559df90e7ae52c,1758.055717003601,5.017761680735405,0.0300483226967926,31.0,0.075,1.0,0.0,0.75,0.0,2.0,1.0,17.903225806451612,0.4,True,23.0
781c8d71a0a6a86c84048a4f22cb3a7d035a5be2,1438.8571175045483,5.222037341014354,0.0036292952771231,42.0,0.0291898337152766,0.0,0.0,0.8333333333333334,0.0,0.0,0.375,7.980392156862745,0.0,True,19.0
c2467dadae8ce44010a912ee91c429310f8add65,1271.5104009236168,5.162987211331407,0.1006012273546374,45.0,0.0697357364127824,1.0,0.0,1.0,0.0,2.0,0.6153846153846154,7.140350877192983,0.1092436974789916,True,20.0
95296d9b1ad1d9e9396d7dfd0015ef27ce1cf341,822.0,5.2085920491203215,0.0063364866777619,37.0,0.0450121654501216,1.0,0.0,0.9375,0.0,0.0,0.5555555555555556,6.487179487179487,0.0,True,18.0
63ccdef81329e785807f37b4e918a9247fc70e3c,133.97977094150824,4.700796592884374,0.0350858682609377,5.0,0.0373190666386708,0.0,0.0,0.5,0.0,1.0,0.6,9.5,0.0,True,17.0
3af53e61fd604fe8000e1fdf656d60b79c842d1c,1394.0261805636103,5.086365814298688,0.0104993441903652,54.0,0.0391061908832348,1.0,0.0,0.8571428571428571,0.0,2.0,0.5,12.045454545454543,0.1228070175438596,True,26.0
968acf3bd9a502fcad15df3e53e359695ae702cc,872.070449713389,4.926341399805389,0.0056490176928073,15.0,0.017200445221977,0.0,0.0,0.7058823529411765,0.0,0.0,0.4,12.571428571428571,0.0350877192982456,True,33.0
d19f4fda63d0800a85b3e1c8379160bbbf17b6a3,858.0,5.167549726937747,0.0060227852295311,30.0,0.0349650349650349,1.0,0.0,0.8181818181818182,0.0,2.0,0.5555555555555556,6.972222222222222,0.0,True,17.0
075ce4914fdcbbcc7286c3c30cb940ed28d474d2,202.11890788006696,4.672261577489993,0.0231164002739536,12.0,0.0593709916893106,1.0,0.0,1.0,0.0,0.0,0.7142857142857143,8.1,0.0,True,25.0
2cc212d56a1d50fe68d5816f71b27803de1f6389,346.1295543881475,4.7142861168201815,0.0136200045822542,17.0,0.0491145577847314,1.0,0.0,0.5555555555555556,0.0,0.0,0.625,11.384615384615383,0.1063829787234042,True,23.0
99693fef0a30432d94556154b81872356d921c64,1639.655662679568,5.51789025684682,0.008833472107889,57.0,0.0347633965456192,1.0,0.0,0.6206896551724138,0.0,1.0,0.1111111111111111,9.875,0.0821917808219178,True,27.0
d91967e159f416924bbd7f0db25156588d4bd7b1,968.4267166773049,5.272062275545776,0.0124743794245511,21.0,0.0311866779701252,1.0,0.0,0.7647058823529411,0.0,0.0,0.625,12.529411764705882,0.2222222222222222,False,48.0
55946e76fd136958081f073c0c5e3ff8563d505b,276.7159976350619,4.463156496867994,0.2046628133472219,12.0,0.0508867410154317,0.0,0.0,1.0,0.0,2.0,0.1666666666666666,11.2,0.0,False,21.0
de5e531d337075fd849437e88846873bca8685e6,819.7476372408204,4.910973088848216,0.0059908353080199,29.0,0.0353767411853857,1.0,0.0,0.8235294117647058,0.0,0.0,0.4545454545454545,12.19047619047619,0.0,False,26.0
23b8188f75d945ef70fbb1c4dc9720c2c5f8cbc3,1739.918850406732,5.294106560469326,0.0030427318832897,32.0,0.0183916623424819,0.0,0.0,0.9629629629629628,0.0,0.0,0.2857142857142857,8.958333333333334,0.092511013215859,False,23.0
d3f07fd23cc26a70f44c52e24445974d4885d58a,33.219280948873624,4.03740119765411,0.1215378865023569,1.0,0.0301029995663981,0.0,0.0,1.0,0.0,0.0,1.0,6.333333333333333,0.0,False,12.0
5a23213c148bfe362514f9c71f5273ebda0a848a,1867.737061737026,5.305152960871479,0.0039906810854045,40.0,0.0223891397060813,1.0,0.0,0.8076923076923077,0.0,1.0,0.1818181818181818,13.64864864864865,0.1717171717171717,False,32.0
701fb5052080fa8c0a79ad7c1e65693ccf444787,1028.7812201713073,5.353187626568415,0.0052034266582714,38.0,0.0369369106423544,0.0,0.0,0.7647058823529411,0.0,1.0,0.5294117647058824,7.5,0.0,False,20.0
0f5ef6dfa67a068606aff8ea9d1addfce73446eb,1631.8848246035325,5.635440212431094,0.0215760891373159,51.0,0.0438802362134999,0.0,0.0,0.8461538461538461,0.0,0.0,0.5555555555555556,9.0,0.0219780219780219,False,20.0
871764c6ce531af5b1ac7ccccb32e7a903b59a2a,1327.7857772162731,4.990927475232271,0.0531906569971006,53.0,0.0609423868594798,2.0,0.0,1.0,0.0,1.0,0.4,12.714285714285714,0.4,False,31.0
b2d195e137fad88d567974659fa7023ff4da96cd,1188.293895971092,5.217857787984239,0.010413099637618,23.0,0.020580814709397,0.0,0.0,0.9565217391304348,0.0,0.0,0.5,10.736842105263158,0.0828402366863905,False,30.0
f4a22808e03fa12bfe1bfc82cf713cfda7e063a9,1412.7871647680354,4.174346996717512,0.0029546892135043,28.0,0.0198189796016424,0.0,0.0,0.3461538461538461,0.0,0.0,0.3333333333333333,13.35483870967742,0.1834862385321101,False,33.0
c5166f7a69faeaa8a41a774c73c1ed4d4c2cf0ce,379.5669432539275,5.060080424924699,0.0312746423754791,24.0,0.0632299530466334,1.0,0.0,0.0,0.0,2.0,0.4545454545454545,13.6,0.2,False,29.0
8a94eb23d53e291441e3144a1b800fe054457040,1417.469823983524,5.201659313381699,0.1900376367721662,42.0,0.1051549589285762,0.0,0.0,1.0,0.0,2.0,1.0,8.333333333333334,0.0,True,20.0
410dd41cf6618b93b6daa6147d17339deeaa49ae,528.4471074323186,4.815161133231758,0.0091119074463823,5.0,0.009461684868131,0.0,0.0,0.4444444444444444,0.0,0.0,0.2857142857142857,11.5,0.1282051282051282,False,21.0
a0e1abbd010b9e73d472ce12ff1d987678005d32,816.8292492438953,5.206213552651163,0.0174186709810459,28.0,0.0509487617726265,1.0,0.0,0.8181818181818182,0.0,0.0,0.5833333333333334,14.545454545454543,0.0833333333333333,False,32.0
57264400ac7d9f9c59c387c252a9ed8d93fed4fa,604.2965904129583,4.92958569446222,0.0081575600006173,21.0,0.0347511475873945,0.0,0.0,0.8181818181818182,0.0,0.0,0.3846153846153846,12.05,0.0125,False,26.0
e1f4de4a7d15d4ca4b5c64ff929ac3980f5d706f,1024.1217653865424,5.440736571342543,0.0403194214585736,52.0,0.1040091817371997,2.0,0.0,1.0,0.0,7.0,0.6666666666666666,13.0,0.32,False,33.0
47815878ad5e47e89bfbd57acb848be2ce67a4a5,771.1013914573628,4.897755582737231,0.0063516362919286,15.0,0.0194526947638498,0.0,0.0,0.7857142857142857,0.0,0.0,0.4,12.538461538461538,0.0377358490566037,False,30.0
9d8aadb72bbc86595e253fe30201cda6a8db877e,312.11436755437313,4.596318722271684,0.0147263926306467,12.0,0.0384474450632571,0.0,0.0,0.6,0.0,0.0,0.3333333333333333,5.28,0.1351351351351351,False,13.0
487d409e71767c76399217a07af8de1bb0da7aa8,89.85848369899593,4.292427130751074,0.1024409333664324,7.0,0.1003433318879937,0.0,0.0,0.6666666666666666,0.0,2.0,0.6,9.333333333333334,0.0,False,16.0
bbcba3a9430365640c0188e7ca6e0677d3227dd8,57.3594000115385,4.195816471537619,0.0731495878738896,2.0,0.0348678682063912,0.0,0.0,1.0,0.0,0.0,0.5,6.2,0.0,False,16.0
348d7c9a93dd00d3d1859342a8eb0aea2e77f597,78.13781191217038,4.38575448497818,0.0561284527637902,4.0,0.051191604961963,0.0,0.0,0.5,0.0,2.0,0.25,11.25,0.0,False,17.0
b3aedca6b55c678e40a5961e2fd3af4cb8c52bba,955.400533261527,5.061253256690144,0.0549625767496809,27.0,0.0777770161842588,1.0,0.0,1.0,0.0,4.0,1.0,14.5,0.3448275862068966,False,26.0
551def5d6972440365bd7436d484a67138d9a8f3,1356.842542634481,4.959183328053091,0.0036549438657961,29.0,0.0213731505968944,1.0,0.0,0.8064516129032258,0.0,0.0,0.1538461538461538,10.073170731707316,0.1588785046728972,False,31.0
82a396c2f594bade276606dcd0c0545a650fb838,666.8067922028456,4.69761492411536,0.0070449416218398,17.0,0.025494641324572,0.0,0.0,0.875,0.0,0.0,0.375,13.148148148148149,0.0095238095238095,False,28.0
ce1572d16f03d383071bcc1f30ede551e8ded49f,866.466837157446,5.093405512754562,0.0128472489239644,22.0,0.0454019378689321,1.0,0.0,0.8421052631578947,0.0,1.0,0.3888888888888889,10.379310344827584,0.0,False,30.0
8674054d3402b400a4766fe1c9214001cebf2106,1631.8848246035325,5.526653319973737,0.0033866687382894,51.0,0.0312522055668913,1.0,0.0,0.5666666666666667,0.0,2.0,0.125,9.31372549019608,0.0062111801242236,False,24.0
d34d6503786bbe429c10ddb1879519cc9bd709b6,1119.3406781141755,5.58740597141959,0.4625549647676366,35.0,0.1051549589285762,1.0,0.0,1.0,0.0,2.0,0.6666666666666666,13.0,0.75,False,21.0
747d2f5381b3ef0b2663ca7def42d3dc43ee13d7,256.75790004038475,4.7345648978269965,0.0243405885636539,20.0,0.0778943899948327,0.0,0.0,0.5,0.0,3.0,0.1428571428571428,9.666666666666666,0.0,False,15.0
de1a84e56e81347cb0d1ec67cc86944ea98bb9a9,2531.3009374665703,5.4663437438552025,0.0117500381187246,17.0,0.0297418245100119,0.0,0.0,0.9,0.0,7.0,0.5625,8.166666666666666,0.0980392156862745,True,28.0
3000b4b29f9165f436f186a8c1ba818e24f90615,423.72910602611006,5.035939672249032,0.1077211217291016,28.0,0.15625,0.0,0.0,1.0,0.0,10.0,1.0,8.4375,0.3333333333333333,True,24.0
675921040ee4802aa9914457de62af746bc3657d,1111.2165681852605,5.150704484605716,0.0046351941035376,65.0,0.0584944482119738,1.0,1.0,1.0,0.0,2.0,0.4166666666666667,7.173913043478261,0.0754716981132075,True,23.0
be0d5d3bbebf0912c27bf41ce27b5ba214e61e19,832.515798747551,5.176259907648654,0.0076637338198207,19.0,0.0269319565457911,1.0,0.0,0.8571428571428571,0.0,1.0,0.3,11.10344827586207,0.1111111111111111,False,34.0
776d183c82b424ef7c3cae30537d8afe9b9eee83,848.7737491369882,5.254247790139966,0.0061903985549533,31.0,0.0365232784726436,1.0,0.0,0.5882352941176471,0.0,2.0,0.125,9.20689655172414,0.0470588235294117,True,23.0
a7af6cd2eaf9f6ff491b9e1fabfc9c6f3d0f54bf,1030.1248628872609,5.000174505156474,0.0207098565083961,17.0,0.0296433440255043,0.0,0.0,1.0,0.0,0.0,0.6,12.9375,0.0823529411764705,True,26.0
a7444570764b0a08b7e908dc7931744f9dbdf3c6,837.1091260109552,5.451587936988438,0.6145104576202672,28.0,0.125,2.0,3.0,1.0,0.0,5.0,1.0,16.0,0.3125,False,24.0
5a3533e779d8e43ce0980203dfd3cbe343cc7d0a,494.8980697347503,4.978269106600792,0.0100591806900135,22.0,0.0444535983173086,1.0,0.0,0.75,0.0,0.0,0.4,10.0,0.0350877192982456,False,22.0
665e175328130ab3eb0370cdd2a43ed5a7bed1d6,191.8165500663464,4.388130943320636,0.0273597947319807,6.0,0.0375,0.0,0.0,0.6666666666666666,0.0,0.0,0.5,10.0,0.0,True,25.0
1b2c2162af4d5d2d950af94571e69273b49bf913,15.509775004326936,3.6897037321995465,0.2378953744441933,3.0,0.1934264036172708,0.0,0.0,1.0,0.0,2.0,0.5,7.0,0.0,False,11.0
222dcf79377df33007d7a9780dafa2c740dbe6a3,552.8458160366245,4.668658846016103,0.008444775578634,25.0,0.0452205647122846,0.0,0.0,0.7333333333333333,0.0,0.0,0.3636363636363636,13.875,0.0821917808219178,True,25.0
de8ab313e1fe59f849a62e59349224581ff0b40a,1178.9308694566012,4.981171488127174,0.0042251599454878,50.0,0.0424113078174348,0.0,0.0,0.7142857142857143,0.0,0.0,0.125,11.08695652173913,0.0,False,19.0
3f749f7ed443899d667c9e2b2a11bc595d6fc7f6,1470.3532297770205,5.267376954777715,0.3304660188708465,33.0,0.1583143053813431,1.0,0.0,1.0,0.0,4.0,1.0,17.333333333333332,0.3333333333333333,True,35.0
297c20226d3330309c9165d789749458f8f4ab8e,875.0436086950583,4.8112666022562784,0.0055812792911104,33.0,0.0377124061842043,1.0,0.0,0.8823529411764706,0.0,0.0,0.2857142857142857,13.45,0.0657894736842105,False,28.0
7151011b38a841d9d4bc2e453b9a7cfe42f74f8f,266.2737001211542,4.765976195771161,0.017898786825746,16.0,0.0600885479591864,0.0,0.0,1.0,0.0,0.0,0.4545454545454545,8.1,0.0,False,13.0
d39087147ff1052b623cdba69ffbde28b266745f,33.219280948873624,3.923251796980337,0.1181016471433697,3.0,0.0903089986991943,0.0,0.0,0.0,0.0,1.0,0.6666666666666666,7.0,0.0,False,16.0
127bf1bb07967e2e4f99ad7abaa7f6fab3b3f407,1740.9294701817782,5.559419550786961,0.0112230964060411,59.0,0.0387695742592629,2.0,1.0,0.8666666666666667,0.0,2.0,0.4117647058823529,13.63888888888889,0.2098765432098765,True,38.0
0c00391f77359efdbf9dbd26d4c8186be8839922,640.0769222291337,5.098407376086809,0.0079653041673976,28.0,0.0437447422764237,1.0,0.0,0.8333333333333334,0.0,3.0,0.4615384615384615,9.130434782608695,0.0,False,21.0
b7b5e17876f65c6644505c356f1a0db24ce1d142,583.9173310659907,5.264979861951506,0.0090166528408051,30.0,0.0513771357757654,0.0,0.0,0.7272727272727273,0.0,1.0,0.3333333333333333,7.107142857142857,0.0,True,18.0
46f80a307392bee6743e5847eb5243bf5fcd00a4,1353.9442827362936,5.206537526533128,0.0125042283935202,68.0,0.0502236324397141,2.0,8.0,1.0,0.0,3.0,0.625,6.483870967741935,0.0,False,18.0
ac56cf605b61803c26e0004b43c703cca7e02d61,791.6740880202444,5.156938960286269,0.0137507870221354,24.0,0.0533292603539838,2.0,0.0,1.0,0.0,0.0,0.3636363636363636,12.24,0.1166666666666666,True,34.0
02757535b58069ce8258108d89d8172a53c358e5,1463.2601751889429,5.195399097608198,0.0035505641345957,74.0,0.0505720043876987,0.0,0.0,1.0,0.0,1.0,0.7142857142857143,10.16326530612245,0.0,False,21.0
7a9e25c38380e6c62080d62ad38a4830e44fe753,889.8873538378795,4.9786379852351015,0.011691453722124,32.0,0.0359596075413268,0.0,0.0,0.7777777777777778,0.0,1.0,0.6666666666666666,8.28125,0.0,False,22.0
9785ed40d7fe4e1fcd440e55706519c6e5f8d6b1,438.6883841655666,4.855797194399005,0.0110688984930277,20.0,0.0455904480763542,1.0,0.0,0.8888888888888888,0.0,0.0,0.8181818181818182,7.105263157894737,0.1282051282051282,False,22.0
9b4e15ba13f62cff302d978093633fc3181a8475,656.0571752466353,5.185186622778404,0.0079035590470131,32.0,0.0487762365954919,0.0,0.0,0.6363636363636364,0.0,2.0,0.5,5.594594594594595,0.0,False,13.0
9412547e7a58c40e7be5acacaf15cc48057cb18a,851.6019420680523,4.978993440985547,0.0058466205806135,27.0,0.0317049535307922,0.0,0.0,0.7,0.0,0.0,0.5454545454545454,7.513513513513513,0.0208333333333333,False,17.0
c35c60fa916e92916442a98f4af123704bb9692e,88.0,4.707277761308517,0.0534917927421422,5.0,0.0568181818181818,0.0,0.0,1.0,0.0,0.0,0.8,7.142857142857143,0.0,False,16.0
20fd254101553cb5a4c932c8d03064899112bee6,1761.520290280475,5.6803501999223895,0.6145104576202672,74.0,0.1576717234461206,2.0,0.0,1.0,0.0,7.0,1.0,15.38888888888889,0.8,True,41.0
4bd697da03079c26fd4409dc128dbff28c737701,496.82780857305136,4.876090724236893,0.0248436484932838,9.0,0.047876551899263,0.0,0.0,1.0,0.0,1.0,0.6666666666666666,5.214285714285714,0.0,True,15.0
7299961657b5591a3257b21e40f3047db27f221c,1021.8920730402738,5.115307638389989,0.0090571615734108,34.0,0.0593226095290898,2.0,2.0,1.0,0.0,4.0,0.5454545454545454,10.296296296296296,0.0898876404494382,True,21.0
926a93e54b83f1ee596096f3301fef015705b627,1756.5268707198384,5.280680995018203,0.008444775578634,28.0,0.0452205647122846,0.0,0.0,0.8666666666666667,0.0,0.0,0.3636363636363636,13.875,0.0921052631578947,True,25.0
465c665db1dc65e3b02c584cf7f8d06b24909b0c,244.4228653433368,4.8604099507639,0.0198852506860868,9.0,0.0368214323457743,0.0,0.0,0.8571428571428571,0.0,2.0,0.4285714285714285,6.1,0.0,True,13.0
6ca990fb366cf68cd9d5afb433725d28f07e51a0,1796.2411958008315,5.201361938501173,0.0028956923773158,51.0,0.028392623506924,1.0,1.0,0.5909090909090909,0.0,1.0,0.3529411764705882,7.546875,0.0354609929078014,True,21.0
184085284185011d7cc6d054b54d2d38eaf1dd77,2610.80464514002,5.504385940256222,0.0887933699415515,74.0,0.0772109012649485,2.0,15.0,1.0,0.0,3.0,1.0,11.857142857142858,0.3722627737226277,True,36.0
5e6f2f45639f727cba43967858eb95b865ed81fa,667.5669502509623,5.101910543203891,0.0076425451279244,21.0,0.0314575189681055,1.0,0.0,0.8235294117647058,0.0,0.0,0.25,8.565217391304348,0.1311475409836065,True,18.0
2f7d0b68a29de9755fc9fafd9a52c048981ad880,106.19818783608964,4.551272380112911,0.0428564034175189,9.0,0.0847472088119897,1.0,0.0,1.0,0.0,0.0,0.6666666666666666,6.25,0.0,False,17.0
81bf870848cf9faeec5ab2d40acff27085466698,2033.255904072744,5.718244320560018,0.0028123583997006,74.0,0.0363948285367194,0.0,0.0,0.8333333333333334,0.0,0.0,0.4102564102564102,8.215384615384615,0.0100502512562814,True,19.0
8a1ce4899fb9f751dedaaa34ea654dfbc8330852,188.0175887256437,4.869552006975372,0.0933212587523611,10.0,0.1072857483273576,1.0,0.0,1.0,0.0,4.0,0.75,9.8,0.2222222222222222,True,19.0
865e7cc38d2b7cf2d4f7e7b04ccb7b17791a693b,2563.590518494097,5.526653319973737,0.0119679297051605,135.0,0.0586312038236225,2.0,7.0,1.0,0.0,4.0,0.5,9.31372549019608,0.0434782608695652,True,24.0
25b315e6cad7c27b62dcaa2c194293c1115fdfb3,1889.3218378824167,5.523974923949166,0.0227031903431529,51.0,0.0492872697440476,2.0,0.0,0.9411764705882352,0.0,1.0,0.5714285714285714,11.526315789473683,0.2333333333333333,True,31.0
d187e7dea9540d26b7800de4eb79863ef5f574bf,1554.1760234319354,5.541351830473296,0.4324289523296623,70.0,0.0520833333333333,2.0,0.0,1.0,0.0,5.0,0.6666666666666666,8.0,0.0130718954248366,True,19.0
8028a28885dbd90f20e38922240618fc310a0a65,1352.7378894720832,5.090186583984844,0.0127405497131809,42.0,0.0405109655883192,1.0,0.0,0.8888888888888888,0.0,9.0,0.6,11.307692307692308,0.1020408163265306,True,24.0
19a6d192d53ce6dffe998ce110adab1f2efcb23e,189.98960215439456,4.760203413752292,0.0250550733291389,12.0,0.0631613512735724,0.0,0.0,0.75,0.0,0.0,0.4285714285714285,11.25,0.2580645161290322,True,24.0
3c5e65c339a9b4d5e01375d7f073e444898d34c8,682.2004461959099,5.092097163786855,0.0074642243231904,21.0,0.0307827415198866,1.0,0.0,0.7777777777777778,0.0,0.0,0.25,8.375,0.1290322580645161,True,18.0
37bc203c8dd5022cb11d53b697c28a737ee85bcc,1569.3981146659276,5.637272872834248,0.0341148032380334,58.0,0.0726704444145852,1.0,0.0,1.0,0.0,2.0,0.7777777777777778,8.3,0.1515151515151515,True,22.0
2b5d11f34d73eb7117c0c4668c1abb27dcc3a403,1554.1760234319354,5.541351830473296,0.0504116848723063,70.0,0.0782881734778323,3.0,0.0,1.0,0.0,3.0,0.75,11.307692307692308,0.1333333333333333,True,25.0
8f90c151878571e20625e2a53561441ec0035dfc,524.0016865042788,4.687624111961567,0.0089458187496182,25.0,0.0477097701092911,0.0,0.0,0.7857142857142857,0.0,0.0,0.3636363636363636,13.1875,0.0704225352112676,True,25.0
8e4d15f70713e1aaaa96dfb3ea4ccc5bb08eb2ce,948.8859636554702,5.10341827738659,0.0053783262403063,34.0,0.035831492194298,0.0,0.0,0.9285714285714286,0.0,0.0,0.5,7.840909090909091,0.131578947368421,True,20.0
77ab49b8575d2ebd678065fa70b0343d532ab9c2,903.7542611281034,5.263509478390883,0.0060923606820851,29.0,0.0340486144815659,0.0,0.0,0.9,0.0,0.0,0.4,9.733333333333333,0.0198019801980198,True,29.0
b9c835337880f57fe8b953962913bcc524162348,2820.341900989082,5.575795482878698,0.1064278224288371,51.0,0.0722662065794719,2.0,0.0,1.0,0.0,7.0,0.6666666666666666,13.285714285714286,0.2101910828025477,True,39.0
15bd73627e04591fd13667b4838c9098342db965,538.7951186127309,5.088420504142709,0.0094440731334838,10.0,0.0185599305831641,0.0,0.0,0.6666666666666666,0.0,0.0,0.5,11.26923076923077,0.0631578947368421,True,29.0
158af162eac7348464c6751c8acd48fc6c117688,2563.590518494097,5.206537526533128,0.5152410118609203,135.0,0.0594829887233267,2.0,7.0,1.0,0.0,4.0,0.625,10.428571428571429,0.2738853503184713,True,26.0
47a2940da97caa55bbb8bb8ec1d51c9f6d5041c6,53.77443751081734,4.237291339955159,0.0787975018632743,2.0,0.0371923927534839,0.0,0.0,1.0,0.0,0.0,0.5,3.625,0.0,False,9.0
b44d1b8fcf00b238df434cf70ad09460b27adf07,1015.2974465508286,5.158788856291797,0.0050810615882244,36.0,0.0354575894210108,1.0,0.0,0.25,0.0,1.0,0.2857142857142857,5.661016949152542,0.125,False,20.0
03d77af9ec4ce9a42affd6ab4381ae5bd3c79a5a,183.4767000634617,4.4016906965638505,0.023990461432113,10.0,0.0545028333109389,0.0,0.0,1.0,0.0,4.0,0.125,8.222222222222221,0.0,True,12.0
50b89d05b7bffc212cc9b9ae6e0bca7cb90b9c77,110.36149671375917,4.397024668778734,0.0398420173675529,1.0,0.0090611311895639,0.0,0.0,0.25,0.0,1.0,0.0,6.555555555555555,0.0,True,11.0
23ddff4b2b2744c3dc84d928e144c541ad5df376,351.86167516009664,4.273049192654089,0.0326013423349728,10.0,0.0464153161099609,0.0,0.0,0.6,0.0,1.0,0.3333333333333333,11.166666666666666,0.225,True,24.0
4ecbe1b92f4c4c5b2d734895c09d8ded0ed48d4d,824.8646294429885,5.243456981417032,0.006356748482424,23.0,0.027883363135029,1.0,0.0,0.7222222222222222,0.0,1.0,0.25,8.5,0.0,True,20.0
97594c29b723f372a5c4c061760015bd78d01f50,1106.195813195846,4.751491652641644,0.0042953440936594,47.0,0.0424879568692409,1.0,0.0,0.48,0.0,0.0,0.2,9.025,0.1596638655462184,True,30.0
5320adc863ca85b489cef79f156392b9da36e53f,191.75555960140372,4.693242147959148,0.026622635631916,9.0,0.0469347539060041,0.0,0.0,0.6666666666666666,0.0,2.0,0.5,10.833333333333334,0.0,True,23.0
fd6e8f0e2269a2e7f24f79d5c2041816ea308c86,1125.3431026631197,5.1117335333668725,0.0045423778057287,44.0,0.0390991866355018,0.0,0.0,0.7142857142857143,0.0,0.0,0.1363636363636363,10.122448979591836,0.0103626943005181,True,19.0
cc97ea188e1d5b8e851d1a8438b8af092783ec04,708.4973004910277,5.107186150058519,0.0072084765129224,22.0,0.0310516356022144,1.0,0.0,0.8333333333333334,0.0,0.0,0.2307692307692307,8.708333333333334,0.1212121212121212,True,18.0
a36a76ac43c36a3b897a748bd9f138b629dbc684,330.3427076686749,4.60047378312063,0.0139263670010684,11.0,0.0332987523097761,0.0,0.0,0.6,0.0,3.0,0.2,7.0,0.0,True,17.0
07fcbea516cda66498b9346467a34733f14e8605,1452.335834562674,5.450888787554216,0.0037531875602281,65.0,0.0447554886777084,1.0,0.0,0.896551724137931,0.0,7.0,0.1666666666666666,6.584615384615384,0.0,True,21.0
7320f9bd190afb7639cd21e956e7300fdd84c0ee,1380.7405633202122,5.520612208770205,0.0066983412320436,42.0,0.0455959132631212,1.0,0.0,0.9047619047619048,0.0,2.0,0.3636363636363636,8.51063829787234,0.0526315789473684,False,20.0
02c8072eea72425e89256347e1f373a3e76e6eba,240.4376391848174,4.6491024464628135,0.1919274278044999,5.0,0.0967132018086354,1.0,0.0,0.3333333333333333,0.0,2.0,0.0,7.571428571428571,0.0,False,21.0
1c751fcf488189e5176546fe0d00f560ffcf1cec,144.75398259382442,4.635902940199018,0.0320260821645731,5.0,0.0345413639777349,0.0,0.0,0.2222222222222222,0.0,1.0,0.2,12.666666666666666,0.0,True,23.0
dcaa016610ac2c11d7dd01803f3515b02ab32e64,1756.5268707198384,5.280680995018203,0.0112188683426715,28.0,0.0204173049838348,0.0,0.0,0.8666666666666667,0.0,0.0,0.5,12.23076923076923,0.0921052631578947,False,30.0
ed84cd068419550b4a1b88a41e73f1870c3967e4,19.651484454403228,3.906890595608518,0.1988089299143565,2.0,0.1017734820308634,0.0,0.0,0.0,0.0,0.0,1.0,5.0,0.0,False,7.0
c3689bc24e03a9471cd6e8169da61963c4528252,2610.80464514002,5.681833692903648,0.2489431566980996,89.0,0.1289509357448472,3.0,7.0,1.0,0.0,4.0,0.8235294117647058,14.090909090909092,0.8,True,53.0
daace6014216b996bcc8937f1fdcea732b6910ca,1524.425861998402,5.5433889292829,0.0898932324669091,69.0,0.0452629424100339,2.0,0.0,1.0,0.0,1.0,0.5,9.285714285714286,0.075,True,21.0
02ac379e8645ce5d32e033f6683136da16fbe584,55.506595772116384,4.063307235905091,0.0732040432201443,0.0,0.0,0.0,0.0,0.0,0.0,1.0,0.0,5.333333333333333,0.0,False,9.0
7f3c778fd0ab0298d71e756990051e7c073f9151,513.8165500663464,4.917669448584022,0.0095708661932921,8.0,0.0155697592826992,0.0,0.0,0.5333333333333333,0.0,0.0,0.4,8.0,0.0363636363636363,True,15.0
2b027e9a386fe4009f61ad03b169335af5a9a5c6,312.7524354002241,5.089323907792822,0.1895775642619769,20.0,0.125,1.0,0.0,1.0,0.0,3.0,0.5,14.333333333333334,0.3636363636363636,False,30.0
e9e1adc036643c6b126237903b8e79ab379b1d32,822.948912809376,5.14576932812886,0.0062528417597178,19.0,0.0230877028990025,1.0,0.0,0.7692307692307693,0.0,1.0,0.1818181818181818,11.321428571428571,0.1122448979591836,False,26.0
cd81fc9e8652c07b84f0887a24d67381b4e605fa,1063.90625167431,5.49429718744411,0.0085809883179907,46.0,0.0432368922803189,1.0,0.0,0.8181818181818182,0.0,1.0,0.5,9.4,0.0743801652892562,False,21.0
de6e633420aba1fe5d806a2725a95e610699ae7d,2017.565475471636,5.623628710733732,0.0744424832816478,55.0,0.0664136582706797,0.0,0.0,1.0,0.0,4.0,0.5,9.98148148148148,0.4285714285714285,False,23.0
7569cf6cb85bda7d0e76d3e75e286d4796e77e08,1381.8617996521525,5.115701599326775,0.34677201004745,26.0,0.1,0.0,0.0,1.0,0.0,3.0,0.4444444444444444,11.947368421052632,0.0363636363636363,False,22.0
670891496a82538a5e2bf981a4044fb6f4cbb062,1077.5856334557873,5.363997009587661,0.0049777918738443,19.0,0.0176320093829272,1.0,0.0,0.6428571428571429,0.0,0.0,0.3333333333333333,9.955555555555556,0.0733333333333333,False,28.0
1808465855a8e2ce554b024ad5ff530457584aed,1756.5268707198384,5.280680995018203,0.0086708764738892,28.0,0.0307430824720823,0.0,0.0,0.9166666666666666,0.0,1.0,0.3333333333333333,9.85,0.0921052631578947,False,23.0
f893e262500e2f183de88e984300dd5b085e1f71,778.9971818205951,5.246253264522337,0.0067346241898607,37.0,0.0474969625866004,1.0,0.0,0.7222222222222222,0.0,0.0,0.3125,8.125,0.0,False,19.0
40d59ff5eaac6df237fe3d50186695c3806b268c,517.662472586761,5.098409857833332,0.0098489075948591,19.0,0.0367034525509584,1.0,0.0,0.6666666666666666,0.0,0.0,0.3,12.9375,0.0428571428571428,False,28.0
bde1d6a61593aeb62370f526542cead94919b0c0,1889.3218378824167,5.387373384220031,0.0028514852664055,41.0,0.0217009083248375,1.0,0.0,0.696969696969697,0.0,1.0,0.1428571428571428,8.623376623376624,0.0,False,24.0
5d4dafe8fdea49dcbd6b0e4c23e3791fa30c8911,688.2810216714395,5.366092923076475,0.0077963691488184,17.0,0.0246992136420044,0.0,0.0,0.8,0.0,1.0,0.2,11.461538461538462,0.11,False,25.0
0f24713468088fa7617d208572179d558e1f286b,4.754887502163468,3.321928094887362,0.6986344247631282,1.0,0.2103099178571525,0.0,0.0,0.0,0.0,0.0,1.0,3.333333333333333,0.0,False,6.0
712995757c22a0bd76e4ccb552446372acf2cc2e,1714.8856070323227,5.22174864254492,0.0030449544979162,49.0,0.0285733344539502,1.0,1.0,0.5909090909090909,0.0,1.0,0.3529411764705882,7.5,0.036231884057971,False,21.0
c1937dd19a23bd096a4707656c7ba19fb5c16966,257.2641000872811,4.901643555401215,0.0190529636810509,10.0,0.0388705614059922,0.0,0.0,1.0,0.0,3.0,0.1,6.533333333333333,0.1515151515151515,False,14.0
f2093107196b9af62908ecf15bac043f3b1e64c4,2364.865429730372,5.527499427525614,0.0503392685414367,83.0,0.0799374888560438,1.0,0.0,1.0,0.0,3.0,0.75,9.125,0.0967741935483871,False,21.0
bf665a958631125a1670504ef5966ef1a0e14798,1277.0294751672473,5.458312185406095,0.028291697515885,61.0,0.0600885479591864,1.0,0.0,1.0,0.0,7.0,0.8181818181818182,11.22222222222222,0.0769230769230769,False,21.0
75dc29620e8bf22aa56a55c0f2bc1b85800e84b1,324.33034055173533,5.008718295757387,0.1334858661787547,5.0,0.0630929753571457,0.0,0.0,0.5,0.0,1.0,0.6,16.083333333333332,0.2727272727272727,False,66.0
033d8081525a7137085ec898e2426a58056ee2b8,2562.4564109707603,5.477959473593352,0.0312963487479724,72.0,0.0605337205799926,1.0,2.0,0.5714285714285714,0.0,2.0,0.8,9.26923076923077,0.0146341463414634,False,24.0
e2ab79d5ea00af45c083cc9a6607d2f0905f9908,1889.3218378824167,5.486092477930851,0.0273597947319807,41.0,0.0375,2.0,0.0,0.7368421052631579,0.0,1.0,0.5,9.549019607843135,0.1728395061728395,False,25.0
55d6dad6f21dd4d50d168f6392242aa8e24b774a,1689.6025466187664,5.549842873183668,0.0054180476664405,54.0,0.0351565427077998,1.0,0.0,0.65,0.0,2.0,0.1851851851851851,9.226415094339623,0.0434782608695652,False,24.0
c62263340edb6976a10f274e716fde6cd2c5bf34,1543.2414794214951,5.49440178102158,0.0035602994439219,35.0,0.0226795355533861,1.0,0.0,0.8181818181818182,0.0,0.0,0.3809523809523809,7.405063291139241,0.0406091370558375,False,29.0
fb8bb04766005e8935607069c0155d639f407e8a,22.45883937646084,3.8442328987631913,0.1711679234320693,1.0,0.0445258983885027,0.0,0.0,0.0,0.0,1.0,0.0,5.25,0.0,False,10.0
3694ba48f0db0f47baea4b005cdeef3f454b7329,15.509775004326936,3.836591668108978,0.2473660428367685,1.0,0.0644754678724236,0.0,0.0,0.0,0.0,1.0,0.0,6.0,0.0,False,10.0
e06493cb7b790623a9106241a8d496ecea703328,687.3504545475838,5.187064366720288,0.0075464624085168,19.0,0.0276423764242737,0.0,0.0,0.8461538461538461,0.0,2.0,0.25,8.4,0.064516129032258,False,21.0
8fff0f92a4aca90b62c6e272eabcbb0257ba38d5,242.7556192089569,4.699171142692958,0.0193576204662354,9.0,0.0370743220252836,0.0,0.0,0.5,0.0,1.0,0.0,8.615384615384615,0.0,False,19.0
b0a03feef2cf4daa7642ec7f4dc479dbd473b581,1525.81248110834,5.378855161996278,0.0088289397347071,39.0,0.0279040745604157,1.0,0.0,0.8076923076923077,0.0,1.0,0.1875,11.902439024390244,0.0851063829787234,False,25.0
a6290e51e402e8434d6207d553db1f551e714fde,1733.1518003833078,5.386554738641077,0.0086272581736466,28.0,0.0267325713603503,1.0,0.0,0.7692307692307693,0.0,1.0,0.375,12.17948717948718,0.1386861313868613,False,32.0
0a4b620f3144d68232eb7914ae05563aab648ced,746.7576030764831,5.240758919570132,0.0070180188296434,21.0,0.0281215750780232,1.0,0.0,0.8,0.0,1.0,0.2142857142857142,10.458333333333334,0.0375,False,18.0
3893e8c576cf1a6decc18701267ce7cd8caaf521,645.9722173379898,5.1577801177400655,0.1024598560081827,31.0,0.04798968000164,1.0,0.0,0.5,0.0,2.0,0.6666666666666666,9.333333333333334,0.4117647058823529,False,25.0
73c20bf32524c2232febc8c4b12d5fa228347163,886.5992821530407,5.043967737880256,0.006427687508984,27.0,0.0318582901547527,0.0,0.0,0.8,0.0,1.0,0.5454545454545454,7.756756756756757,0.0202020202020202,False,17.0
bc36b0f1a1f38060700903be7bf5cf012b414551,80.0,4.308768198567056,0.0538596024820881,6.0,0.075,1.0,0.0,0.0,0.0,0.0,0.3333333333333333,5.5,0.0,False,15.0
fdcc3512f7b45e5b067fc26cb05146f79c4a5177,33.219280948873624,3.921928094887362,0.1180617997398388,2.0,0.0602059991327962,0.0,0.0,1.0,0.0,1.0,0.5,6.666666666666667,0.25,False,11.0
c079420d7c55d8972db716a2695a5ddd606d11cd,1885.3094053004768,5.533377903133852,0.0422485941267798,40.0,0.0559241774321875,2.0,0.0,0.9,0.0,1.0,0.6666666666666666,19.8,0.158273381294964,False,37.0
838cb4583dd68a9d7ef3bd74b9b4d33f32f177fc,613.1153771223285,4.9459308084186,0.0080668842977523,15.0,0.0244652157810865,1.0,0.0,0.8181818181818182,0.0,0.0,0.375,9.0,0.087719298245614,False,21.0
f958c1c3e292aba98d283637606890f353a9836c,202.11890788006696,4.476437446917576,0.0221475442048885,9.0,0.0445282437669829,0.0,0.0,0.8571428571428571,0.0,0.0,1.0,5.785714285714286,0.0,False,14.0
c9c1c0e54d34773ac2cf5457fe5925559ece36c7,1560.6517568629015,5.375893205998509,0.0034446462398534,38.0,0.0243488016034945,1.0,0.0,0.9333333333333332,0.0,0.0,0.4736842105263157,9.10344827586207,0.0804597701149425,False,30.0
c439d88e99c35a5f29f071715addfee8cbb215dc,886.2526753331741,5.1166759107710895,0.0057733827532284,40.0,0.0451338552912831,0.0,0.0,0.6923076923076923,0.0,2.0,0.3571428571428571,7.54054054054054,0.0,False,15.0
8f13cd4cc8dcf638b178774418669a2e247d0652,458.34698093619465,4.992442668558046,0.0123445815645507,14.0,0.0305445450331195,0.0,0.0,0.5454545454545454,0.0,1.0,0.4285714285714285,10.071428571428571,0.0,False,22.0
b0cafdb6ccff9add89dc31c45adf87c8fa906aac,817.9163668941227,5.386850560196311,0.006586065248519,17.0,0.0207845211174269,0.0,0.0,0.4444444444444444,0.0,1.0,0.1333333333333333,8.485714285714286,0.0,False,23.0
82f0874453991510216779926d795b0a4e07e854,423.72910602611006,4.88336162796321,0.1075572066481611,18.0,0.0820990897265403,0.0,0.0,1.0,0.0,3.0,0.4444444444444444,9.0,0.0,False,19.0
1ea49916acc46b0a74e5c85eef907920c5e31142,767.5413409114686,5.229723570017868,0.0103286179261241,22.0,0.0491057190714456,0.0,0.0,0.875,0.0,3.0,0.7,8.823529411764707,0.0909090909090909,False,19.0
cef73b563864d5f8aa1b26e31e3b9af6f0a08a5d,916.9462317995788,5.276085355892218,0.0057539746311378,22.0,0.0239926827081488,1.0,0.0,0.7857142857142857,0.0,1.0,0.375,10.48148148148148,0.0,False,19.0
b122c861cd72b580334a7532f0a52c0439552bdf,620.5793998852532,5.023857770240783,0.0144235482893446,17.0,0.0402225809331572,0.0,0.0,0.9090909090909092,0.0,8.0,0.125,8.2,0.0909090909090909,False,19.0
96941b12f8b465df21423275f3cd3ade579b4fa1,508.967440438718,4.873626684518492,0.009575517601514,22.0,0.0432247689184921,1.0,0.0,0.4545454545454545,0.0,0.0,0.5,7.714285714285714,0.0,False,22.0
53f32a22daa40b713fef477054290d8adbeb6f71,1246.0003336068894,5.636035042831346,0.0045233013915143,23.0,0.0184590640785947,0.0,0.0,0.696969696969697,0.0,1.0,0.375,8.4375,0.0381679389312977,False,23.0
be88383e15a86d094963de5f7e8792510bc990de,586.9610437365714,5.100450421348508,0.0086895893275629,12.0,0.0204442869387182,0.0,0.0,0.5714285714285714,0.0,1.0,0.4166666666666667,8.12,0.0476190476190476,False,18.0
24d07e45d4e2e5222043b9a4447aa6c384069d4f,886.5992821530407,4.956083879321809,0.0055899931108519,27.0,0.0304534422072083,0.0,0.0,0.7,0.0,0.0,0.5454545454545454,7.756756756756757,0.0202020202020202,False,17.0
5eef1e6c6a8b6202fc6db4a90c4caab5169e86c6,823.7779644494512,4.719269849492339,0.0057288129243009,21.0,0.0254923060657913,0.0,0.0,0.95,0.0,0.0,0.2857142857142857,9.678571428571429,0.0389610389610389,False,25.0
8bd05c9db2e9c1c77fd06d490e5d4136acd6821c,1398.2244113778768,5.681690506184034,0.011853660764619,40.0,0.0382566569145471,1.0,0.0,0.9130434782608696,0.0,1.0,0.5454545454545454,10.266666666666667,0.0888888888888888,False,27.0
1a5c6fcef131c60db4bc8852ca96445b9cb3bfac,406.3373625190581,4.801913769830049,0.0118175541133134,19.0,0.0467591753862133,1.0,0.0,0.8888888888888888,0.0,0.0,0.8181818181818182,6.894736842105263,0.131578947368421,False,22.0
2f84a686604b298537bfd4d087b41594d2aa7ec6,118.53642239625984,4.543518392411581,0.038330146131987,7.0,0.0590535791319856,0.0,0.0,1.0,0.0,1.0,0.6666666666666666,5.8,0.1818181818181818,True,16.0
17db4bfeaa0074298db622db38a5b0459518c4a9,852.0,5.276217762963603,0.0061927438532436,31.0,0.0363849765258215,1.0,0.0,0.6470588235294118,0.0,2.0,0.1764705882352941,9.137931034482758,0.0470588235294117,False,21.0
d2b2932d8be01dee31983121f6fffd16177bf48a,938.2632315635044,5.189187671693803,0.0055306309542223,44.0,0.0468951553464151,0.0,0.0,1.0,0.0,1.0,0.8333333333333334,10.538461538461538,0.0,True,19.0
de7af295c2047f1b508cb02e735e0e743395f181,110.36149671375917,4.458904870887996,0.1461598495791044,8.0,0.1,0.0,0.0,1.0,0.0,3.0,0.6,12.0,0.2692307692307692,False,20.0
cfb25b27c0b32a8a70a518955fb269314b1fd716,31.69925001442312,3.932138039759373,0.1240451442217167,2.0,0.0630929753571457,0.0,0.0,1.0,0.0,0.0,1.0,6.333333333333333,0.0,False,12.0
3bfb639cb7352aec572ef6686d3471bd78748ffa,3042.594314607693,5.230023112137197,0.0232507093954226,157.0,0.0516007011668406,2.0,8.0,1.0,0.0,4.0,0.625,8.882352941176471,0.0425531914893617,False,23.0
5fd0294ff8960982cfb3b901f84bc91a9f51bf28,1201.0856597106388,5.465339909349242,0.0456962789018882,47.0,0.0737884512517327,2.0,0.0,1.0,0.0,6.0,0.8,8.0,0.1842105263157894,False,20.0
93581fbc18c01595918c565f6737aaa666116114,24.0,3.725480556997868,0.1552283565415778,2.0,0.0833333333333333,0.0,0.0,1.0,0.0,1.0,0.5,6.0,0.0,False,9.0
ae33abf71b353c638487948b775e966c7127cd46,224.66316253533665,4.569066234574469,0.0203374072678951,5.0,0.0222555399985236,0.0,0.0,0.5,0.0,1.0,0.0,11.444444444444445,0.0,False,23.0
cfc696f4a4289acf132cb26baf7c02c5b6305277,70.30835464468075,4.149472799443177,0.0590182037456783,6.0,0.0853383645559957,0.0,0.0,1.0,0.0,2.0,0.6666666666666666,9.25,0.0,True,14.0
73d9067226671adb6410ccfb4d5ca2f00283c82b,760.0,4.752122969234701,0.0252923958641162,33.0,0.0640696640621644,1.0,0.0,1.0,0.0,1.0,0.75,7.84375,0.2203389830508474,False,23.0
1bf9012380de2aa7bdf39220b55748defde8b700,2435.265062774525,5.0849022344070125,0.0020880282447011,36.0,0.0147827850652876,0.0,0.0,0.8823529411764706,0.0,0.0,0.25,10.6986301369863,0.1026615969581749,True,23.0
db2fb84b4a3c45daa449cc9232340193ce8eb37d,705.3190309729902,5.436780319281912,0.0099184621113455,27.0,0.0382805493887686,1.0,0.0,0.8571428571428571,0.0,1.0,0.1875,11.2,0.1222222222222222,False,33.0
3ed1ae10052e456d4efb13b2e51b5a43f7b1609a,1059.0869253774383,5.188482007011804,0.0048990143138276,38.0,0.0358799632867316,1.0,0.0,0.25,0.0,1.0,0.2857142857142857,5.766666666666667,0.1212121212121212,False,20.0
6af7b43b34942c662122e3905b0724b2dd40a63f,626.3262525549593,5.347646879776273,0.0085381170882774,17.0,0.0271424037083744,0.0,0.0,0.4347826086956521,0.0,1.0,0.1428571428571428,8.03448275862069,0.0,False,23.0
8e558041aa0c41ba9fb2ce242daaf6d6ed4d85b7,377.8507809679381,5.01955898550892,0.0171611960737438,20.0,0.0529309478963259,0.0,0.0,1.0,0.0,0.0,0.6666666666666666,7.857142857142857,0.0357142857142857,True,13.0
afb21bf22a59c9416c04637412fb69d1442e6826,882.6621705499955,5.117954543122825,0.00579831640449,42.0,0.0475833239503505,0.0,0.0,1.0,0.0,1.0,0.8333333333333334,10.36,0.0,True,19.0
08c1972a0661d42f300520cc6e5fb31023de093b,1504.3901192335277,5.142152941881917,0.0068159211877546,39.0,0.0259241266619526,0.0,0.0,0.6,0.0,1.0,0.4615384615384615,11.73913043478261,0.0317460317460317,True,38.0
3d0c3af0a76757c20e429c38efa4f14a15c9097a,1394.4030503259626,5.55106520050878,0.0297203023478208,78.0,0.0559379154985112,1.0,0.0,0.8,0.0,6.0,0.5185185185185185,7.833333333333333,0.0,True,23.0
50ada2a4d31609b6c828158cad8e128c2f605b8d,396.82210161752647,5.092641876773294,0.0656520177733729,15.0,0.0464904909418549,0.0,0.0,1.0,0.0,1.0,0.5,9.142857142857142,0.0,True,19.0
300807c6e3011e4d78c6cf750201d0ab8e5bdaf5,1225.342384317483,5.082627864805446,0.0569939645664894,52.0,0.0840478512119019,0.0,0.0,1.0,0.0,3.0,0.6666666666666666,8.642857142857142,0.05,True,21.0
565e7a8d4ae7879ee704fb94ae9b3da31e202d7e,1437.6128216745403,5.587294772819585,0.028291697515885,63.0,0.0708633945350811,2.0,0.0,1.0,0.0,7.0,0.8181818181818182,7.464285714285714,0.072463768115942,True,18.0
3d4dd14cd563cef2aee791dc7c15d247c076f9a1,908.5465483719872,5.282815283703291,0.3527926005994273,29.0,0.0548924886561158,1.0,1.0,1.0,0.0,3.0,1.0,17.2,0.0897435897435897,True,26.0
16c4c03c71394ab30c8edaf4418973e1a2c5ebfe,1670.943845791721,5.4442287785274734,0.0084718094029507,13.0,0.0162578361584495,1.0,0.0,0.4444444444444444,0.0,1.0,0.1875,9.226415094339623,0.0862068965517241,True,32.0
b90bf520fd7b979a90d1377cfc2ee7f0bf82c705,1920.074438844896,5.561430295685799,0.0028964659823457,60.0,0.0312487884772298,1.0,0.0,0.6486486486486487,0.0,2.0,0.2,9.17741935483871,0.0052631578947368,False,24.0
ecc5631351e81bbee4befb213f3053a4f31532a7,1330.8085603634836,5.523933484270701,0.0526386560413836,48.0,0.0500284828642273,2.0,0.0,1.0,0.0,3.0,0.2608695652173913,10.22222222222222,0.0,True,23.0
c7911807050227fcd13161ce090330d9d8daa533,394.8369363238517,4.481046077981402,0.0113491055819204,6.0,0.015196146682383,0.0,0.0,0.4444444444444444,0.0,1.0,0.0,7.130434782608695,0.0,True,11.0
0197262a358fd174a188f8246ae777e53157610e,28.52932501298081,3.836591668108978,0.1344788797619058,1.0,0.035051652976192,0.0,0.0,0.0,0.0,0.0,1.0,6.0,0.0,False,9.0
bebd2e1ce10a460555f75cda75df33f39a783469,336.8853491063075,4.778806435862657,0.0141852605004637,12.0,0.0356204270438999,0.0,0.0,0.6666666666666666,0.0,2.0,0.2857142857142857,9.083333333333334,0.0,True,21.0
12ab7f7e89ec9e102859ab3b710815d3058a2e8d,101.95026032264605,4.375391655925726,0.0429169248031221,4.0,0.0392348188944397,0.0,0.0,0.25,0.0,0.0,0.0,5.7,0.0,True,11.0
ccdf21f56e4ff5497d7770dcbee2f7a60bb9e3a7,508.7462841250339,4.548119512345535,0.0089398579493658,10.0,0.0196561632232822,0.0,0.0,0.4285714285714285,0.0,1.0,0.0,8.363636363636363,0.0,True,23.0
ec873a4fd20a47cf0791456bfb301f25a34ae014,351.6111434007202,4.942430944883447,0.0140565253338706,14.0,0.0398167130444004,1.0,0.0,0.5384615384615384,0.0,1.0,0.2,8.529411764705882,0.0,False,22.0
12e740bba110c6ab017c73c5ef940cce39dd45b7,819.4507294666226,4.7168895416544565,0.0239249733455,11.0,0.0557941212056011,1.0,0.0,0.1666666666666666,0.0,0.0,0.5,12.458333333333334,0.3,False,18.0
ceaf77ae43a14e993ac6d1ff34b50256eacd6abb,567.0856942556361,5.089219271561327,0.1517153570587353,31.0,0.1187357290360073,1.0,1.0,1.0,0.0,7.0,0.5,9.75,0.1555555555555555,False,23.0
ca00cc70d6f01c0253a5bc2c22089cc54b476462,420.6012073894872,4.509142722836392,0.0469214701337302,10.0,0.0242338102206146,0.0,0.0,0.4375,0.0,0.0,0.6,10.071428571428571,0.0,False,26.0
7fae7995ba05e0333d1decb7ca74ddb7c1b448d7,452.9546635134159,5.229365425196527,0.0258026577736473,17.0,0.0429466141664042,1.0,0.0,0.7777777777777778,0.0,0.0,0.5,5.8,0.0,False,17.0
a1e40b1f5d651305bbd0ba05779263a44f607498,469.1316157817522,4.952655396174994,0.1895775642619769,19.0,0.1526602230462952,1.0,0.0,1.0,0.0,2.0,1.0,8.85,0.064516129032258,False,18.0
dadd13f365aad0d9228cd8b8e6d57ad32175b155,75.05865002596161,4.5586523094433655,0.0607345363641179,4.0,0.0532916592373625,0.0,0.0,1.0,0.0,2.0,0.5,5.857142857142857,0.0,False,14.0
bc6c56e940fe93591a1e5ba45751f1b243b57e28,15.509775004326936,3.773557262275185,0.2433018700285744,1.0,0.0644754678724236,0.0,0.0,0.0,0.0,0.0,1.0,5.0,0.0,False,7.0
f28b1a4c41d41e069b882bac06a68b2c45eb156c,723.2783617564279,5.275177587423733,0.1895775642619769,40.0,0.1017734820308634,2.0,2.0,0.9166666666666666,0.0,1.0,1.0,6.243243243243243,0.0,False,15.0
83fe3b5e10f8dc62245ea37143abb96be0f39805,447.04195997053847,4.842461753660796,0.0108322309475824,15.0,0.0335538972694834,1.0,0.0,0.6,0.0,0.0,0.4285714285714285,6.214285714285714,0.0961538461538461,False,19.0
bbd8d7def149e787a33ed0decf332d33c593e93c,323.33235014711585,4.562736580722508,0.0141115993455231,11.0,0.034020722006304,0.0,0.0,0.6,0.0,3.0,0.2,7.0,0.0,False,17.0
d9ad78908f6189719cec69d34557f1a750d2e6af,1266.8479066179646,5.468546414655136,0.004316655840127,49.0,0.0386786762199518,3.0,0.0,0.75,0.0,2.0,0.2,7.4423076923076925,0.0,False,20.0
3b049abf102908ca72674139367e3b8d9ffcc283,1774.388574787586,4.829516928322187,0.5152410118609203,99.0,0.0557938669165807,1.0,0.0,0.7333333333333333,0.0,2.0,0.4285714285714285,8.385714285714286,0.0734463276836158,True,22.0
14c4a62c126ac5e542f7b82565b5f0fcf3e7fa5a,1262.6323014906632,5.49059149993897,0.036357752762481,52.0,0.0711469527177978,2.0,0.0,1.0,0.0,6.0,0.8571428571428571,9.0,0.175,True,23.0
d32337b1effd5359e1ce7e46893767c908d4b16a,162.84823041805248,4.368675654831436,0.0268266694923026,5.0,0.0307034346468755,1.0,0.0,0.4,0.0,0.0,0.3333333333333333,4.846153846153846,0.0,False,11.0
f5fe63f7b8546b0102d7bfaf3dde77379f58a4d1,1319.4412826640846,5.188161053273574,0.003932089378618,34.0,0.0257684828015617,1.0,8.0,0.5454545454545454,0.0,1.0,0.3571428571428571,5.636363636363637,0.0,False,21.0
24e6c187fbaa6874eedbdda6b3b5dc6ff9e1de36,1162.7054026788148,5.231608887126225,0.0044995136988895,34.0,0.0292421450194225,1.0,8.0,0.5454545454545454,0.0,1.0,0.3571428571428571,5.524590163934426,0.0,False,21.0
731462a04f8e33ac507ad19b4270c783a012a33e,1645.505141891672,5.410062054167839,0.0032877819196289,81.0,0.0492250057066867,1.0,1.0,1.0,0.0,2.0,0.2941176470588235,7.698412698412699,0.0754716981132075,False,23.0
5014d6e2568021e6958eddc9cfb4c512ed7424a2,11.60964047443681,3.625,0.31224050460321,0.0,0.0,0.0,0.0,0.0,0.0,0.0,0.0,5.333333333333333,0.0,False,8.0
df64fa79d678e354efe3969a6ba25d964128ce18,1097.9621434728567,5.229582059181368,0.0047629894074855,34.0,0.0309664592737759,1.0,8.0,0.6,0.0,1.0,0.3571428571428571,5.47457627118644,0.0,False,21.0
98057583dd2787c0e396c2658c7dd76412f86936,750.2691485795713,5.348363787495512,0.0071285935155686,21.0,0.0279899553910189,0.0,0.0,0.5185185185185185,0.0,1.0,0.125,8.212121212121213,0.0,False,23.0
734dfbfcfea1ed1ab3a5f18f84c412a569dd87e7,754.9561398674884,5.409581908293201,0.0071654254103327,21.0,0.0278161854590466,0.0,0.0,0.75,0.0,0.0,0.3571428571428571,6.948717948717949,0.0,False,20.0
44e501ace38ea6e6535a8731e045681175d170ec,54.0,4.052682601195656,0.0750496777999195,4.0,0.074074074074074,0.0,0.0,0.0,0.0,3.0,0.0,5.25,0.0,False,13.0
16fab6b0ef3dcb33f92df30e17680922ad5fb672,2027.702146335169,5.564847839410167,0.2385875821608462,81.0,0.0644754678724236,1.0,1.0,1.0,0.0,2.0,1.0,13.0,0.0754716981132075,False,28.0
8f0490e22b4c7f1fdf381c70c5894d46b7f7e6fb,1162.7054026788148,5.202890293722133,0.0057638762253379,36.0,0.0403614375732194,1.0,8.0,0.6,0.0,1.0,0.3571428571428571,8.5625,0.1237113402061855,False,21.0
63d168cbb8ebe80bfcf91a4d5070f1d9f3ec7aca,548.1585937733984,4.766403950681001,0.184050961358586,15.0,0.0508867410154317,0.0,0.0,1.0,0.0,7.0,0.5,7.416666666666667,0.0,False,25.0
ad0dadaa251b031a480fc2080f792a54ed7dfc5f,101.02330072391148,4.861239523195369,0.0481199830965803,9.0,0.0890883581857642,1.0,0.0,1.0,0.0,3.0,0.2857142857142857,8.142857142857142,0.0,True,19.0
763b83ee84cbb6f263218c471dd9198dd6bee411,1388.073187015653,5.530442615336455,0.0039842586594636,42.0,0.0302577705504849,1.0,0.0,0.9090909090909092,0.0,1.0,0.35,8.375,0.0522388059701492,False,20.0
153dd49b74e1b6df2b8e35760806c9754ca7bfae,8.0,4.121928094887362,0.5152410118609203,0.0,0.0,0.0,0.0,0.0,0.0,2.0,0.0,5.0,0.0,True,11.0
e5c307c50a660f706799f1f7f6890bcec888d96b,1436.806753043687,5.524325840471989,0.0104279766755647,37.0,0.0367608229448074,1.0,0.0,0.8214285714285714,0.0,1.0,0.1875,11.743589743589745,0.0727272727272727,False,33.0
d3f4a2119634134320ebeb1ddbe0c49db080c040,999.6684021509736,5.210895679503685,0.0052126241744677,35.0,0.0350116097744921,1.0,0.0,0.25,0.0,1.0,0.2857142857142857,5.627118644067797,0.1170212765957446,False,20.0
5e00a5de14ae2d80471c6f38c30cc6fe63e05163,1702.2017536920048,5.399363653549205,0.0996142253539826,85.0,0.0722662065794719,1.0,1.0,1.0,0.0,2.0,0.2941176470588235,7.606060606060606,0.1818181818181818,True,23.0
d4895c9de6ca9c3ac4461cf6f86cd88eb63e0720,351.5549000980772,4.898788162262995,0.0179154191887629,16.0,0.0504447671499939,0.0,0.0,1.0,0.0,0.0,0.7142857142857143,10.153846153846152,0.0476190476190476,False,17.0
d935e0a9d9bb3d3c74e9529e161648caa50696b7,36.541209043760986,4.004886164091841,0.1552283565415778,3.0,0.1051549589285762,0.0,0.0,1.0,0.0,2.0,0.6666666666666666,7.666666666666667,0.0,False,12.0
313c6ca43593e247ab8cedac15c77d13e2830d6b,82.0447025077789,4.17174377806719,0.0508472046403197,6.0,0.0731308642313758,0.0,0.0,1.0,0.0,1.0,0.6666666666666666,6.714285714285714,0.0,False,19.0
6491cbf065254e28bca61c9ef55b84f4009ac36c,1162.1145175005067,5.379437844050671,0.0046290083834602,26.0,0.0223730102399212,0.0,0.0,0.92,0.0,1.0,0.2666666666666666,11.7,0.0932203389830508,False,25.0
0e9a750a8d389b3a17834584d31c204c77c6970d,1236.588724549786,5.186424176816139,0.0111763933104443,44.0,0.0355817573995908,1.0,0.0,0.8571428571428571,0.0,2.0,0.2307692307692307,9.736842105263158,0.0847457627118644,True,21.0
5536f3181c1e77c70f01d6417407d218ea48b961,153.80110650593844,4.693250510966881,0.0734413990127922,7.0,0.0455133266530154,0.0,0.0,1.0,0.0,2.0,0.5,8.75,0.0,False,33.0
6353425af76f9cc9de7ee4094f41df7a7390d898,187.9834625295674,4.549786553223968,0.024203121338444,3.0,0.0159588506330876,0.0,0.0,0.4,0.0,0.0,0.6666666666666666,8.11111111111111,0.0,False,21.0
c99fc9ad9b600095baba003053dbf84304ca392b,1726.8329236236934,5.154896163341982,0.0029851736626173,17.0,0.0098446119294078,0.0,0.0,0.6923076923076923,0.0,0.0,0.5555555555555556,8.81132075471698,0.0,True,28.0
1c4553d67de8089e8aa84bc736faa11f21615a6a,312.4780699337442,4.624665988052101,0.0307012275973493,13.0,0.0593092223316911,1.0,0.0,1.0,0.0,2.0,0.4,10.0,0.2222222222222222,False,25.0
4f175850985cfc4c64afb90d784bb292e81dc0b7,1356.7279006173096,5.568949276097822,0.0133458596459432,53.0,0.040006961479265,1.0,0.0,0.8846153846153846,0.0,1.0,0.6666666666666666,10.076923076923077,0.0642857142857142,False,21.0
02d0a1ffd9adb4bf898905095318eb099ed1807f,1417.4475690867205,5.565375049460273,0.0124456625175007,63.0,0.0746612951412524,2.0,0.0,0.925925925925926,0.0,5.0,0.5,7.428571428571429,0.0138888888888888,False,16.0
5056877e8bea56dd0f4dc9e3385669e1e78b2925,738.1056053860741,5.001785389327753,0.0161160128911629,22.0,0.0298060329571574,1.0,0.0,0.5862068965517241,0.0,1.0,0.2857142857142857,8.533333333333333,0.0555555555555555,False,24.0
d0ecff28545ac81f5ba7ac06957ced65b6e3ebcd,351.6111434007202,4.942430944883447,0.0140565253338706,14.0,0.0398167130444004,1.0,0.0,0.5384615384615384,0.0,1.0,0.2,8.529411764705882,0.0,False,22.0
7c36ee46d974021474d8098f87f70440a10319ee,1518.2291005689788,5.060556921130453,0.0033331971566306,55.0,0.0362264166714944,1.0,0.0,0.9130434782608696,0.0,0.0,0.4666666666666667,9.125,0.0,False,26.0
403c8d5a60b2712561044e320d6f9233ed3172bf,1423.8905125825688,5.559821034675075,0.0133458596459432,58.0,0.0407334689623031,2.0,0.0,0.92,0.0,1.0,0.6666666666666666,10.076923076923077,0.0134228187919463,False,16.0
92fc0a8f9619a8e7f8382d6a5c288aeceb03a472,539.1110263239493,4.907333816910137,0.0091026404159675,17.0,0.0315333932528116,1.0,0.0,0.6923076923076923,0.0,2.0,0.2222222222222222,10.77777777777778,0.0597014925373134,False,21.0
c132538a164cd8b55dbd7e8ffdc0c0782a0b588c,202.11890788006696,4.811124973879018,0.0238034384033671,7.0,0.0346330784854312,1.0,0.0,0.875,0.0,0.0,0.4,7.285714285714286,0.0909090909090909,False,20.0
c3a86faa53c9e49efd595802adc38a6d412ce681,4187.111331324927,5.139216155466634,0.0197701782926037,100.0,0.070052384214447,1.0,0.0,0.9655172413793104,0.0,4.0,0.3333333333333333,11.588235294117649,0.1272727272727272,False,28.0
4acbda4a96a5d6ef9065544631a3457e8d7b1748,399.0314892856283,5.042891108620678,0.0126378274497804,16.0,0.0400970861438635,1.0,0.0,0.5714285714285714,0.0,1.0,0.1666666666666666,8.736842105263158,0.0,False,22.0
89e8d556b93d1bf1b28fe153fd284f154045b0ee,8.0,3.8521687236032816,0.4815210904504102,0.0,0.0,0.0,0.0,0.0,0.0,1.0,0.0,4.25,0.0,False,8.0
42e8c381b15dd48c2f00c088c897ebdd25405aef,126.71134807876052,4.45367090893528,0.0351481613641028,7.0,0.0552436708008897,0.0,0.0,1.0,0.0,0.0,0.8,4.1875,0.0,False,10.0
32b4bcd6d31b92b179a15f9886779fc5f96404b5,1191.162269071743,5.169572609065219,0.0043399398581469,31.0,0.0260250016348804,0.0,0.0,0.8,0.0,2.0,0.3125,8.65,0.024390243902439,False,21.0
0b59170001be1cc1198cfc1c0486ca34633e64d5,351.6111434007202,4.942430944883447,0.0140565253338706,14.0,0.0398167130444004,1.0,0.0,0.5384615384615384,0.0,1.0,0.2,8.529411764705882,0.0,False,22.0
8ec25cd67e7ac4a8165917a4211e17aa8f7b394d,724.2975698908618,5.193629344502512,0.0220301687184688,31.0,0.0542646776547416,1.0,1.0,0.7142857142857143,0.0,3.0,0.5714285714285714,7.842105263157895,0.3673469387755102,False,20.0
a5925c1631e25c2dcc3c2948cea31e993ce66a97,88.81055323538621,3.881328385912461,0.0437034591556396,3.0,0.0337797693034149,0.0,0.0,0.8,0.0,2.0,0.3333333333333333,6.0,0.0,True,11.0
4506dad8a9613d4b6b319c0240119927265a67c1,657.8627255790088,4.67825311791977,0.0071112907541649,11.0,0.0167208135866316,0.0,0.0,0.4,0.0,1.0,0.0,8.407407407407407,0.0,False,23.0
17781d75308c328b11cab3658ca4f358539414f2,314.3466359948253,4.563141323894071,0.0296826148585801,5.0,0.0325243212424218,1.0,0.0,0.25,0.0,2.0,1.0,14.666666666666666,0.0,False,23.0
9a2b65a3c0c36316aae0a53aa0f61c5044c2ceff,632.7488087136612,5.104425255148287,0.008067064188592,13.0,0.0205452777168054,0.0,0.0,0.6,0.0,1.0,0.4166666666666667,8.153846153846153,0.0757575757575757,False,18.0
428b903859c3d8873045fdcfffdebe24fc6e027f,1262.7242100115236,5.19731974166584,0.0041159579427232,31.0,0.0245500955428082,0.0,0.0,0.8,0.0,2.0,0.3125,8.731707317073171,0.0234375,False,21.0
e41400c3c8aace9eb72e6134173f222627fb0faf,241.48052186828568,4.467186111330207,0.0184991571028938,9.0,0.0372700867563513,0.0,0.0,0.8571428571428571,0.0,1.0,0.4,6.066666666666666,0.0,False,18.0
28ea4e3142b88eb396aa8dd5daf7b02b556204ba,302.6636471615072,4.694715264553069,0.015511328527829,15.0,0.0495599657926401,0.0,0.0,0.8,0.0,0.0,0.375,6.777777777777778,0.0454545454545454,False,19.0
bac0d661af6092dd26638223156827aceb901229,57.3594000115385,4.212554583381756,0.0734413990127922,2.0,0.0348678682063912,0.0,0.0,0.0,0.0,1.0,0.0,7.777777777777778,0.0,False,27.0
344e3aab87178e45957333479a07e07f202ca1fd,171.8953543301665,4.741921627778161,0.0275860953093017,6.0,0.0349049572827637,1.0,0.0,0.8571428571428571,0.0,0.0,0.25,7.153846153846154,0.1,False,20.0
094aa597155dfcbf41a2490c9e462415e3824901,389.8255092878175,4.716969547069773,0.0207243043769506,16.0,0.0410440046092181,0.0,0.0,1.0,0.0,3.0,0.5384615384615384,9.77777777777778,0.0,False,24.0
2d085c13b7f715dbff23dd1f81af45ff903d1a79,2378.225672362717,4.846896887401077,0.1210759262087693,119.0,0.0500373036011237,1.0,9.0,1.0,0.0,2.0,0.9333333333333332,9.721311475409836,0.0,False,23.0
f6255d7b7cc4cc5d1f4fe0e5e493a1efee22f38f,386.4273122101762,4.496629656062167,0.0116364178047965,4.0,0.0103512352093384,0.0,0.0,0.6666666666666666,0.0,2.0,0.25,9.076923076923077,0.0,False,14.0
56e9e97073cf1896e301371b3941c9307e42ff77,1398.900350306884,5.560665308153558,0.0454316412121367,78.0,0.0685172700097026,0.0,0.0,1.0,0.0,6.0,0.6666666666666666,7.833333333333333,0.0,False,23.0
9c4b99861cda3f9ec44ca8c1adc81a293508190c,239.72242562519568,4.851679692777924,0.0202387393675195,8.0,0.033371929969155,0.0,0.0,0.0,0.0,0.0,0.3333333333333333,9.9,0.0714285714285714,False,31.0
93f92c0ed7442a4382e97254307309977ff676f8,228.23460010384647,4.521244423642173,0.0417019529688861,9.0,0.0737884512517327,0.0,0.0,1.0,0.0,1.0,0.8,6.555555555555555,0.0,False,13.0
1bd3d61f4191767a94b71b42f4d00706b703e84f,88.81055323538621,3.881328385912461,0.0437034591556396,3.0,0.0337797693034149,0.0,0.0,0.8,0.0,2.0,0.3333333333333333,6.0,0.0,False,11.0
c284c4e1f6f684ca8db1cc446fdcc43b46e3413c,1255.3370804791462,5.330388165373121,0.1008966051739744,49.0,0.1111787793530337,1.0,0.0,1.0,0.0,5.0,1.0,11.0,0.1176470588235294,False,31.0
6fb7d6c4f71be0007942f7d1fc3099f1bcf8c52b,11.60964047443681,3.625,0.31224050460321,0.0,0.0,0.0,0.0,0.0,0.0,0.0,0.0,5.333333333333333,0.0,False,8.0
aec966b05e8df9d459dae88d091de1923e50e2dc,91.3765181293825,3.938721875540867,0.0431043112188179,3.0,0.0328311918796491,0.0,0.0,0.6666666666666666,0.0,2.0,0.3333333333333333,6.0,0.0,False,11.0
90848d507457d30abb36e3ba07618dfc87c34cd6,252.1729375396636,4.710073897762944,0.2041252940017754,20.0,0.1402066119047683,1.0,0.0,1.0,0.0,3.0,0.6666666666666666,10.2,0.0,False,27.0
7b2dca5b12164b787ec4e8e7e9f92c60a3f9563e,322.09277977785945,4.637496257332269,0.0287224789881614,13.0,0.0548142780727157,1.0,0.0,1.0,0.0,2.0,0.4,10.285714285714286,0.2222222222222222,False,27.0
a6fc300e91273230e7134ac6db95ccb4436c6f8f,175.1368500605771,3.783974215643713,0.0510606576260238,9.0,0.0684159081054502,0.0,0.0,1.0,0.0,1.0,0.5,6.636363636363637,0.391304347826087,False,10.0
9fdc7a840daa64d1302d12027fd84ea9894110a1,1246.6703023969983,5.449933549696721,0.0043715917024878,26.0,0.0208555541509325,2.0,0.0,0.6666666666666666,0.0,0.0,0.2777777777777778,11.166666666666666,0.0839694656488549,True,28.0
710a68cec27a94c2df10d8b4022a755a94a5443b,416.1676999572452,4.100099135145146,0.0098520359354326,23.0,0.0552661823643759,0.0,0.0,0.75,0.0,2.0,0.2,10.266666666666667,0.3389830508474576,False,15.0
89671a27e783d77d4bfaec3d422cc8dd468ef04c,1392.3038890113603,5.567382564233781,0.0115259258527074,54.0,0.039755266418306,1.0,0.0,0.8888888888888888,0.0,1.0,0.6666666666666666,10.428571428571429,0.0633802816901408,False,21.0
9b7679a97ed2622081390301af8735e62055492d,705.7796917139337,5.094645098374121,0.0072184637191843,23.0,0.0325880728363637,0.0,0.0,0.6470588235294118,0.0,2.0,0.6666666666666666,6.774193548387097,0.0,False,15.0
466d011d3515723653e41d8b1d0b6150b9945f52,1398.900350306884,5.560665308153558,0.037393335212748,78.0,0.071553506733328,1.0,0.0,0.8333333333333334,0.0,6.0,0.6666666666666666,7.833333333333333,0.0,False,23.0
09a91d98bdecb86ecad4647b7ef5fb3f69bdc671,348.2892142331043,4.738924576208724,0.0429817193947183,14.0,0.08,0.0,0.0,1.0,0.0,2.0,0.6,11.727272727272728,0.0,False,19.0
722369ee5532c94eb7dd0cbda3b7365fc2f52026,2193.2919136348028,5.814521962642752,0.0135035710317289,76.0,0.0476370823206188,0.0,0.0,0.8333333333333334,0.0,1.0,0.4146341463414634,8.11111111111111,0.0096618357487922,False,19.0
99cbc51b3250c07a3e8cc95c9b74e9d1725bac77,456.506188508102,4.812217823647495,0.0105414076408782,15.0,0.0328582621169302,0.0,0.0,0.6428571428571429,0.0,2.0,0.2222222222222222,11.733333333333333,0.0476190476190476,False,21.0
23370554d0f88b82154d4232744b874cc58c7848,943.788075117874,4.291183526746751,0.004546765995333,57.0,0.0603949143910098,0.0,0.0,1.0,0.0,0.0,1.0,9.482758620689657,0.0,False,16.0
534065efeb51ff0d308fa6cc9dea0715f8ce25ad,1731.8036365404537,5.685018127070325,0.0032827152034551,64.0,0.0369556909626601,1.0,0.0,0.7666666666666667,0.0,0.0,0.1666666666666666,6.972222222222222,0.0,False,21.0
a42d894a4090c97a90ce23b0989163909ebf548d,280.4608412755348,3.745892339523695,0.0133562044615119,14.0,0.0499178421355653,0.0,0.0,1.0,0.0,0.0,0.5,6.4375,0.4242424242424242,False,10.0
027ed2d11b861a4b38c62452d26ce446794792af,228.23460010384647,4.796200641517901,0.0210143450613344,7.0,0.030670196354168,0.0,0.0,0.8333333333333334,0.0,0.0,0.3333333333333333,12.11111111111111,0.0344827586206896,False,31.0
e15a319ccd1125584c09c38ca90b252324df6998,1257.2339768265583,5.105504273498133,0.0204533209973688,28.0,0.0392940664282049,2.0,0.0,0.4642857142857143,0.0,0.0,0.4117647058823529,11.384615384615383,0.0617283950617283,True,26.0
e853afb416cdbfa3078c00295b0b3da4bcaed62e,125.09775004326936,4.424052075150737,0.0353647613455919,7.0,0.0559562421992306,0.0,0.0,0.6666666666666666,0.0,2.0,0.5,7.125,0.0,True,13.0
29dc59ac29361b30d59ae9bd8aa06bd031169600,144.4295354570819,4.5378266375968765,0.0314189658177313,8.0,0.055390332556856,0.0,0.0,1.0,0.0,2.0,0.6666666666666666,9.333333333333334,0.25,True,24.0
8bc304f97ee693b57f33fa6708eb63e2d641c609,249.9824559469954,4.645006634831549,0.0185813305067154,8.0,0.032002245796386,0.0,0.0,0.4,0.0,0.0,0.0,5.833333333333333,0.0,True,16.0
5700c39c895c1a340c40043900a25d7da383dab1,919.392452541745,5.43391018447665,0.0059103271616534,25.0,0.0271918699472518,0.0,0.0,0.7142857142857143,0.0,1.0,0.375,9.25,0.2205882352941176,True,29.0
d98aa2a18437dcff4c0ffe3acc1fa58b27062bd0,137.6075250475963,4.616004586020294,0.0335447104685858,7.0,0.0508693110902097,0.0,0.0,0.6666666666666666,0.0,1.0,0.2,7.75,0.15,False,12.0
06713959668c6d8015bd79b79f22cdb5fb5a32e1,1061.6019834237568,5.218214194085966,0.0049154148876557,46.0,0.0433307404453466,0.0,0.0,0.75,0.0,2.0,0.375,7.155555555555556,0.0,False,16.0
1febd373ea806326d269a60048ee52543a76c918,1123.140217710356,4.967914079802196,0.0638710361058843,36.0,0.0816901408450704,1.0,0.0,1.0,0.0,2.0,0.5714285714285714,13.136363636363637,0.1818181818181818,False,25.0
78a403fab92c263937e96a1673cf5edce7a8185d,804.2346001038464,4.69485342616692,0.0058376665534667,12.0,0.0149210193125867,0.0,0.0,0.4,0.0,1.0,0.0,8.25,0.0,False,23.0
5c50f682539b4af04b6536e75214bedd7187574b,24.0,3.641604167868593,0.1517335069945247,0.0,0.0,0.0,0.0,0.0,0.0,0.0,0.0,6.0,0.0,False,11.0
df8aa7ba8a99cbc172f09155cbf98157fbfdf323,38.03910001730775,3.4885473586890434,0.0917095135558348,5.0,0.1314436986607203,0.0,0.0,0.0,0.0,5.0,0.0,13.666666666666666,0.125,False,21.0
1941d35d1e250f707c0d70782e568c0887741dfa,748.8245361488895,4.678743988752146,0.0062481179006424,21.0,0.0280439528704552,1.0,0.0,0.0833333333333333,0.0,2.0,0.25,5.866666666666666,0.0,False,25.0
c6938eab57532a80f7126bf00ae0dfa66dcdfaa0,873.5168434259192,5.408281789683437,0.6986344247631282,27.0,0.2103099178571525,1.0,0.0,0.8666666666666667,0.0,0.0,1.0,8.866666666666667,0.0348837209302325,False,21.0
2dd6807e421c96d0aaafc57ceb48f50f66f9d2e7,722.0965507180929,5.123984897777762,0.0070959830685829,31.0,0.0429305471258267,1.0,1.0,0.0,0.0,1.0,0.1666666666666666,4.584905660377358,0.1454545454545454,False,11.0
956f6e988cf83cf68f6cea214b3d9045920bca55,467.4360568875695,5.171731409597527,0.0110640403824077,14.0,0.0299506206115532,0.0,0.0,0.6666666666666666,0.0,1.0,0.6363636363636364,8.823529411764707,0.0,False,22.0
4576dfde191a6277759ee6b2bb58f89d24278cb3,519.544823830915,4.996750502984328,0.0775972466468064,20.0,0.0625796718746722,1.0,1.0,0.25,0.0,1.0,0.6666666666666666,7.6,0.4285714285714285,False,18.0
5172190da19a2750e00e1eac00cebfbca1f3c173,438.6883841655666,5.038903593724535,0.0149091277455163,20.0,0.0532584707025386,0.0,0.0,0.7142857142857143,0.0,0.0,0.2727272727272727,10.846153846153848,0.0,False,20.0
1b575ef5d1b8e3e672b2fca5c354d6678bd78bd1,1525.5854776374736,5.537426410183,0.0712976845852725,65.0,0.0480720875902486,2.0,0.0,1.0,0.0,8.0,1.0,9.076923076923077,0.1063829787234042,False,25.0
949d71283932ba4ce50aa6b329665e0f8be7ecf1,575.0,4.776562916151288,0.0083070659411326,24.0,0.0417391304347826,0.0,0.0,0.8571428571428571,0.0,8.0,0.1,5.705882352941177,0.0508474576271186,False,20.0
6c4552c65045cfe82ed95212ee7cff684e44288b,146.94555522617034,4.387108344652549,0.0298553320507051,6.0,0.0408314493811339,0.0,0.0,0.5,0.0,0.0,0.6,3.9375,0.0,False,8.0
13049745391f97601ebc1402e77210638d908e40,343.3762346350719,5.100091882365184,0.0175865237322937,8.0,0.0275862068965517,1.0,1.0,1.0,0.0,3.0,0.6666666666666666,9.153846153846152,0.5172413793103449,False,27.0
4bdfda92a1c570d7a1142ee30eb41e37661bc240,257.6182081401175,4.914424990246377,0.0190763883722591,9.0,0.0349354188315172,0.0,0.0,0.7142857142857143,0.0,0.0,0.5714285714285714,7.5,0.0,False,18.0
8535df72614800ba789286e569a39ea6e84b3354,2187.2562653838954,5.604350145492172,0.0215804531270828,70.0,0.0517598893659608,1.0,0.0,1.0,0.0,4.0,1.0,13.333333333333334,0.1848739495798319,False,25.0
da576a737c2db01e5ba5ce19ed0e8f900cb5efaf,824.3741744142319,4.833456461761405,0.0322102324078295,28.0,0.0705330784023916,1.0,0.0,0.8333333333333334,0.0,4.0,0.75,10.571428571428571,0.2950819672131147,False,25.0
c2d0d700b551e864bb7b2ae2a175ec8ade704488,890.7210727409109,5.571107253470886,0.0062546036284148,39.0,0.0470710751628104,1.0,12.0,0.8333333333333334,0.0,2.0,0.3333333333333333,10.7,0.1,True,36.0
eef5e6d348e7025f48e8f69026254e07efe80894,164.99896988958,4.407100157331362,0.047478479341125,7.0,0.0633961240116204,1.0,0.0,1.0,0.0,1.0,1.0,6.666666666666667,0.0,False,16.0
19e17acf2dbb058d17efcc3c01633c1583590af7,653.2936476282865,5.220638587181057,0.0079912587641622,12.0,0.018368462702132,1.0,0.0,0.9285714285714286,0.0,1.0,0.4444444444444444,7.774193548387097,0.0,False,21.0
da7db9abf61b85860ace714d34ab17810c775e25,225.94568133670737,4.885107133726633,0.0216207147878466,9.0,0.0398325825337996,0.0,0.0,0.8333333333333334,0.0,4.0,0.1,10.333333333333334,0.0,False,25.0
7dff3b125de23a4d6ce834217ee08973b259414c,393.46274130995937,4.690080178582442,0.1638390849899739,11.0,0.1402066119047683,0.0,0.0,1.0,0.0,1.0,1.0,10.142857142857142,0.2777777777777778,False,23.0
614a5cc600b0ac01c5d03b1dc5fdf996ef18ac0e,497.54045264366175,4.664930630428817,0.0106919801405623,34.0,0.0683361520040075,0.0,0.0,0.5,0.0,0.0,0.8,10.214285714285714,0.1929824561403508,False,19.0
2e71a6e7ba20743e22a234f5209c1b120f2a7948,24.0,3.75,0.15625,1.0,0.0416666666666666,0.0,0.0,1.0,0.0,0.0,1.0,5.333333333333333,0.0,False,9.0
545c7ee00b5d4c5b848be6b27b3820955a0803d6,320.5101589987714,4.981228702097329,0.0155415626064958,14.0,0.043680362718405,1.0,0.0,0.75,0.0,1.0,0.4,7.764705882352941,0.0,False,18.0
d6a479b1f806451d75c05d046203d2989041767d,607.741652526635,4.993951733177137,0.0298061276025866,26.0,0.0427813362666639,0.0,0.0,0.7,0.0,2.0,0.25,8.555555555555555,0.0,False,22.0
ac808e2a02d67ed6210986704b84c8079791b123,195.4046656184049,3.773789918831669,0.0193126909579595,10.0,0.0511758507318778,0.0,0.0,1.0,0.0,0.0,0.5,6.583333333333333,0.4,True,10.0
7548a8826d6113121b6bda1ea99ca835374220b6,36.541209043760986,4.004886164091841,0.1552283565415778,3.0,0.1051549589285762,0.0,0.0,1.0,0.0,2.0,0.6666666666666666,7.666666666666667,0.0,True,12.0
fb60c2a170b40e80285c1255f0635d5ab319cd35,673.0296890880645,4.865712669352675,0.0083878558631338,34.0,0.0586115783496298,0.0,0.0,0.6666666666666666,0.0,0.0,0.7777777777777778,10.61904761904762,0.2142857142857142,False,21.0
11be22bb5e4784578c2f9ec1b80b30b2cf0ac3c7,8.0,3.640223928941852,0.4550279911177314,0.0,0.0,0.0,0.0,0.0,0.0,0.0,0.0,3.75,0.0,False,6.0
9b3211a194b28cbc0c7c389857cc0a80a783f49e,2821.883650238355,5.564532807139793,0.0019719214173375,45.0,0.0159467949701608,1.0,0.0,0.813953488372093,0.0,1.0,0.1851851851851851,12.0,0.1423841059602649,False,37.0
233c214a752771f5d8ca9fb2aea93cf1776a552d,1377.0085171709356,5.409572686834697,0.0039284961707779,45.0,0.0326795364290502,1.0,0.0,0.7391304347826086,0.0,1.0,0.3333333333333333,8.020408163265307,0.0518518518518518,False,24.0
79b05481a2cff7a0aa34146c72068cc6e41e2241,1398.900350306884,5.560665308153558,0.1462112140451885,78.0,0.1481481481481481,1.0,0.0,0.9166666666666666,0.0,6.0,0.75,10.947368421052632,0.5714285714285714,False,36.0
1e87694f2bc0dea3eaaef936dc8552b3ba421539,843.1314938239836,5.425462741875077,0.0096886113131689,27.0,0.0320234746273594,1.0,1.0,1.0,0.0,3.0,0.4666666666666667,7.0,0.0410958904109589,False,18.0
2efa6f5dd3e5690780a542918fdcf40e551b54fc,1267.0599303835977,5.581078672801345,0.0468231013914693,48.0,0.0599531166420328,1.0,0.0,0.8695652173913043,0.0,1.0,0.8333333333333334,7.66,0.0895522388059701,False,21.0
a6506f0c8a35effe82e23726976cf0cfc031ceaf,2217.859630514789,5.81405893495705,0.0026422857213431,77.0,0.0349937974175221,0.0,0.0,0.8387096774193549,0.0,0.0,0.4146341463414634,7.733333333333333,0.0096153846153846,False,19.0
9b61f90987d7ccf8bd74ec5078e4babff3c2a2b8,673.0296890880645,4.946818571426967,0.0514562684567383,25.0,0.0486073987601415,0.0,0.0,0.5,0.0,3.0,0.6666666666666666,10.61904761904762,0.22,True,27.0
c09675779b5669119ed225bd4eb69c9c12c9be51,330.3427076686749,4.757571330052664,0.0144019263014105,11.0,0.0332987523097761,0.0,0.0,0.6666666666666666,0.0,3.0,0.1666666666666666,8.692307692307692,0.0,False,29.0
6f687691ef6212c125f4023fcd79839ee9244049,156.0801066523054,4.273361679961986,0.0273792847251291,1.0,0.0064069664062164,0.0,0.0,0.2222222222222222,0.0,0.0,1.0,6.555555555555555,0.1176470588235294,False,27.0
121f9338cefbb1c800fabfea5152899a58176b00,967.1030590973526,5.324822979493352,0.0055059519555891,40.0,0.0413606384797645,1.0,0.0,0.625,0.0,1.0,0.2352941176470588,7.953488372093023,0.0166666666666666,False,19.0
89cebf4932ff966cc876ba8a9ecd9d9c034fb071,260.0652015672515,4.781486151165043,0.0183857206667789,11.0,0.0422970852451993,0.0,0.0,0.5,0.0,1.0,0.4285714285714285,6.222222222222222,0.0,False,21.0
db801cf3f26a5452b341dafbcd3efea64d177d83,232.19280948873623,4.663492005057358,0.0200845668534088,14.0,0.060294718130275,0.0,0.0,0.7142857142857143,0.0,2.0,0.5,5.35,0.0,False,11.0
c5d8a51f3b956c226d38f8fdc9ec644839e8b2f2,897.762450337501,5.075935446200268,0.2417830045215885,40.0,0.0644754678724236,1.0,0.0,1.0,0.0,2.0,1.0,9.571428571428571,0.0465116279069767,False,20.0
88d9de26dda1c91132fd909b0995492388dc5fac,1746.3084829126826,5.149392416624617,0.0029487301167064,17.0,0.0097348207182991,0.0,0.0,0.7037037037037037,0.0,0.0,0.5555555555555556,8.924528301886792,0.0,False,28.0
128ea37bda3dbc1d6ba2af762c7453ab7605d430,516.5533056585991,5.252972560381691,0.0244329044145238,22.0,0.0425899897629157,2.0,0.0,0.8,0.0,2.0,0.5,8.411764705882353,0.0816326530612244,False,23.0
d53e11ffce3f721886918c1cb4525478971f02bc,236.8366656785109,4.5512901109584645,0.0192169996056966,8.0,0.0337785535743837,0.0,0.0,0.8333333333333334,0.0,0.0,0.5,6.857142857142857,0.0666666666666666,False,18.0
d3d9c7bb0a5397c88e601703ba2b69fc4b92b0a5,670.1955000865387,4.922965267874584,0.2074880525161487,26.0,0.1111787793530337,0.0,0.0,0.5,0.0,4.0,0.75,8.68,0.0,False,20.0
8ecbb67b3b29bb4fffa5863de3a82921ddf20bb3,406.3373625190581,4.783524961135924,0.0117722990853728,20.0,0.0492201846170667,0.0,0.0,0.5833333333333334,0.0,2.0,0.2222222222222222,7.736842105263157,0.0,False,17.0
1e0facb60d25015aa32328d8ca4769a0042b1637,31.69925001442312,3.732158891364569,0.1177365044809085,0.0,0.0,0.0,0.0,0.0,0.0,0.0,0.0,5.5,0.0,False,12.0
5fa4ba0cfb126bfadee7451fe9a46cee3d60b67c,2736.334417055901,5.5610246578880895,0.0020322898485015,42.0,0.0153490011082742,1.0,0.0,0.8095238095238095,0.0,1.0,0.1851851851851851,11.917808219178085,0.1389830508474576,False,37.0
c4acfe7761bde41e9d26c5ab3a670ab86165cf9b,724.2139968552148,4.572931104903191,0.0069090400373285,22.0,0.0303777614013696,1.0,0.0,0.0909090909090909,0.0,2.0,0.0,5.595744680851064,0.0,False,12.0
e4b36df2c0ae3bdba4484f9f92461dbb528d8fb9,1547.700290000969,5.497732817007833,0.0141860903160248,65.0,0.0419977953224776,1.0,0.0,0.9375,0.0,8.0,0.25,7.25,0.0602409638554216,False,24.0
7fe750674e85d596aa7e788bf207c3b2073ea7cf,1014.37600046154,5.385800957853971,0.0054360609836487,18.0,0.0181874475189855,0.0,0.0,0.4444444444444444,0.0,1.0,0.1111111111111111,8.575,0.0188679245283018,False,23.0
64cc9e572e0213d5dea241b2b48ecdd68a5c6c99,747.0956672689539,5.259520873574216,0.0070399563322334,27.0,0.0361399499192651,0.0,0.0,0.6666666666666666,0.0,3.0,0.3125,6.529411764705882,0.1014492753623188,False,17.0
2f8a938805ce3c182d61bab8f66b9ff6d90dc83b,220.0782000346155,4.535390162317922,0.0206080845881353,8.0,0.0363507153309219,0.0,0.0,0.8,0.0,0.0,0.5,6.428571428571429,0.074074074074074,False,13.0
3f9247de1e0395a40071e80cd989e06eb1a85446,2193.2919136348028,5.811049740420529,0.0034907099705583,76.0,0.0346511102911285,1.0,0.0,0.8333333333333334,0.0,0.0,0.46875,8.49056603773585,0.0122699386503067,False,20.0
27e42c1de502da80fa3e22bb69de47fb00158174,627.8346361432892,4.987912886899175,0.0079446284097024,29.0,0.0461905067521336,1.0,0.0,0.4,0.0,0.0,0.1111111111111111,8.25925925925926,0.0,False,20.0
aa3d16d68b7ebd9210c330905f01590ef93d875c,1738.4901370676369,5.685400004037538,0.0359526706437762,62.0,0.0492866983800627,1.0,0.0,0.8928571428571429,0.0,0.0,0.6666666666666666,10.7,0.1071428571428571,False,28.0
4c37a8a3f4a489b52f1919d2db84f6e32c6a05cd,100.0,4.777966980744923,0.0513971172176263,2.0,0.0217391304347826,0.0,0.0,0.3333333333333333,0.0,0.0,0.5,5.6923076923076925,0.08,False,17.0
93e71e60e6a2cd0a5752faf43bf42719a6056951,377.4622195945133,5.128678066141896,0.0135872619825405,19.0,0.0503361634984572,1.0,0.0,0.75,0.0,6.0,0.1666666666666666,5.833333333333333,0.0,False,16.0
e11a55827e7475aab77e8a4ea0baed7c14059908,904.0128265671884,5.370473792690876,0.005940705302915,22.0,0.0243359378909928,1.0,0.0,0.8421052631578947,0.0,2.0,0.25,7.619047619047619,0.0,False,17.0
1a3858a7694a189f434846b132b828e902273620,328.27411308447785,5.193957961055105,0.0173872709690451,20.0,0.0609246943418082,1.0,0.0,0.8,0.0,4.0,0.4,9.615384615384617,0.054054054054054,False,22.0
300ec1a74cb14867c22e616e657566d510426331,877.6250385650667,5.2628273783120125,0.0216748293100365,38.0,0.0493408878311799,1.0,0.0,1.0,0.0,5.0,0.75,7.725,0.0384615384615384,False,22.0
f7bd1ab5862c38a9ae93c6c6f27919c529e8fb6d,31.69925001442312,3.732158891364569,0.1517335069945247,0.0,0.0,0.0,0.0,0.0,0.0,0.0,0.0,6.0,0.0,False,12.0
72a349a95d7661cd442851b62e7e830f213ed05c,392.4299824400821,4.326841455993808,0.0110257667599453,16.0,0.0407716044031955,0.0,0.0,0.2,0.0,0.0,0.6666666666666666,7.761904761904762,0.2,False,10.0
