commit_id,nuc,aexp,nd,ns,age,la,ld,target
0,0.0,3,1,1,0.0,2990,0,True
1,0.0,10,1,1,0.0,1387,0,True
2,1.1025641025641,11,6,3,13.1794871794872,2203,693,True
3,1.0,0,1,1,30.0,29,10,False
4,1.6666666666666698,1,3,1,15.333333333333302,1304,852,True
5,0.409090909090909,2,9,2,2.18181818181818,1070,22,True
6,1.5,3,2,2,3.0,4,0,False
7,2.0,4,2,2,3.0,34,10,False
8,2.5,2,2,2,18.0,4,1,False
9,1.70454545454545,0,5,2,13.25,1246,601,True
10,0.666666666666667,0,4,2,18.452380952381,2349,845,True
11,3.3333333333333304,2,2,2,12.666666666666698,52,0,False
12,5.5,3,2,2,2.25,34,2,False
13,4.75,4,2,2,0.0,188,4,False
14,5.0,5,2,2,10.833333333333302,60,22,False
15,2.9285714285714306,0,4,3,9.928571428571429,1845,370,True
16,6.33333333333333,3,3,2,6.0,36,0,False
17,8.5,4,2,2,5.0,12,1,False
18,7.2,0,2,2,2.4,279,90,False
19,10.0,0,2,2,0.0,34,3,False
20,7.66666666666667,6,2,2,11.666666666666698,30,23,False
21,4.18181818181818,1,5,2,4.90909090909091,1295,38,True
22,1.26315789473684,1,4,2,0.315789473684211,3139,0,False
23,9.33333333333333,0,2,2,5.0,82,3,False
24,9.0,6,2,2,13.0,6,1,False
25,7.0,7,2,2,2.5,248,180,True
26,11.0,8,2,2,13.0,99,127,False
27,7.25,9,3,2,22.5,112,3,False
28,6.33333333333333,2,3,2,27.3333333333333,120,498,False
29,8.5,3,4,3,15.0,493,34,False
30,11.25,1,2,2,18.75,205,152,False
31,14.333333333333302,2,2,2,14.666666666666698,12,6,False
32,16.6666666666667,4,2,2,3.3333333333333304,45,8,True
33,13.666666666666698,5,2,2,4.0,16,4,False
34,4.07692307692308,9,6,2,43.0,210,103,False
35,7.0,10,4,2,11.2857142857143,200,12,False
36,5.7,11,6,2,9.9,408,84,False
37,5.55555555555556,10,5,2,5.33333333333333,653,359,False
38,28.5,7,2,2,1.0,12,2,True
39,8.428571428571429,12,3,2,10.0,192,78,True
40,17.0,13,3,2,5.66666666666667,3,7,False
41,19.0,8,2,2,1.0,180,7,False
42,12.8,9,2,2,1.6,176,34,False
43,4.2,19,2,1,10.0,1,354,False
44,26.5,12,2,2,11.5,9,1,False
45,3.0833333333333304,13,8,2,15.666666666666698,95,27,True
46,17.25,15,3,2,13.5,199,134,False
47,19.0,16,2,2,26.6666666666667,8,68,False
48,10.5,2,3,2,21.8333333333333,55,13,False
49,12.142857142857098,17,3,2,1.28571428571429,502,4,False
50,12.0,14,3,2,4.0,294,35,False
51,15.5,0,3,2,28.5,142,12,False
52,31.0,3,2,2,23.0,20,28,False
53,26.0,4,2,2,16.3333333333333,35,91,False
54,20.5,5,2,2,13.0,149,214,False
55,24.6666666666667,6,3,2,7.33333333333333,32,4,False
56,19.5,7,2,2,8.75,66,8,False
57,20.5,8,2,2,0.0,8,66,False
58,21.5,9,2,2,0.0,67,8,False
59,17.75,8,3,2,33.75,267,117,False
60,18.5,2,4,3,16.0,94,118,False
61,2.0,9,1,1,2.0,0,2,False
62,15.166666666666698,0,4,3,26.5,147,2,False
63,13.166666666666698,10,2,2,22.6666666666667,25,17,False
64,29.6666666666667,10,2,2,1.6666666666666698,244,3,False
65,11.666666666666698,18,2,2,18.0,74,70,False
66,38.0,12,2,2,17.0,13,10,False
67,12.8888888888889,19,2,2,0.8888888888888891,70,74,False
68,13.333333333333302,15,2,2,11.333333333333302,475,179,True
69,26.6666666666667,13,2,2,7.33333333333333,281,237,False
70,13.666666666666698,11,2,2,6.5,532,6,False
71,3.67647058823529,16,10,2,13.2352941176471,2668,125,True
72,26.0,11,3,2,10.5,84,17,True
73,16.0,12,2,2,3.14285714285714,210,32,False
74,31.6666666666667,3,3,2,11.0,9,3,True
75,42.5,20,2,2,27.5,34,10,False
76,44.0,4,2,2,34.5,6,3,True
77,11.875,23,5,2,18.5,619,222,False
78,31.6666666666667,13,2,2,22.3333333333333,255,217,False
79,14.5714285714286,14,3,2,19.2857142857143,505,24,True
80,53.0,1,2,2,4.0,14,3,False
81,31.6666666666667,1,2,2,48.0,117,14,False
82,48.0,5,2,2,4.5,5,2,False
83,15.0,3,3,2,14.75,29,20,False
84,49.5,24,2,2,10.5,9,5,False
85,18.7142857142857,12,3,2,23.4285714285714,281,40,True
86,17.7777777777778,13,4,2,22.4444444444444,419,97,False
87,51.0,15,2,2,38.5,4,2,False
88,52.0,16,2,2,24.0,43,41,False
89,53.0,17,2,2,18.0,4,1,False
90,23.3333333333333,14,4,2,9.33333333333333,104,4,False
91,26.0,26,3,2,12.666666666666698,256,114,False
92,36.6666666666667,19,2,2,55.3333333333333,33,5,False
93,57.5,20,2,2,9.5,19,12,False
94,0.0,21,1,1,0.0,62,0,True
95,10.4545454545455,22,4,2,30.5454545454545,1821,173,False
96,18.5,24,2,2,25.7,194,55,False
97,29.5,2,2,2,44.75,22,19,False
98,44.3333333333333,25,2,2,0.0,13,2,False
99,21.6666666666667,17,3,2,7.5,313,1,False
100,60.5,18,2,2,6.0,4,0,False
101,5.738095238095242,15,9,4,45.30952380952379,2934,989,True
102,7.761904761904758,4,4,2,22.4285714285714,2994,1263,True
103,10.0,4,5,2,16.625,653,81,True
104,10.875,17,8,3,36.875,1012,10,False
105,23.1666666666667,26,4,2,38.5,86,31,False
106,68.0,18,2,2,2.0,21,13,False
107,32.4,27,3,2,6.4,113,12,False
108,15.1,21,8,5,24.1,161,277,True
109,67.0,14,2,2,46.5,49,24,False
110,50.0,19,2,2,22.6666666666667,69,9,False
111,47.0,29,2,2,32.3333333333333,13,6,False
112,23.375,30,5,2,33.875,112,473,True
113,36.75,19,2,2,9.25,61,6,False
114,6.90476190476191,20,4,2,16.1428571428571,2356,448,False
115,36.25,8,3,2,12.5,17,14,False
116,19.6363636363636,15,3,3,27.5454545454545,41,18,False
117,25.0,5,4,2,2.42857142857143,85,1,True
118,56.3333333333333,16,2,2,5.0,16,3,False
119,4.0,29,1,1,3.0,2,2,False
120,24.125,30,2,2,20.375,155,24,False
121,30.2,21,2,2,0.8,449,1,False
122,14.923076923076902,22,4,2,4.692307692307692,1369,663,True
123,13.25,31,3,2,54.6666666666667,702,14,False
124,18.5555555555556,23,5,2,12.666666666666698,349,45,False
125,43.75,24,3,2,8.75,69,2,False
126,10.1764705882353,18,4,2,13.7058823529412,485,49,False
127,21.272727272727305,32,3,2,7.4545454545454515,146,55,True
128,10.0526315789474,22,3,3,25.7368421052632,4590,2425,True
129,78.5,0,2,2,18.0,8,3,False
130,40.5,23,3,2,10.5,25,21,True
131,3.0,23,1,1,7.0,2,1,False
132,15.0,21,3,2,0.916666666666667,14,702,False
133,83.0,33,2,2,4.5,4,0,False
134,81.5,34,2,2,7.0,5,1,False
135,18.2,35,3,2,35.6666666666667,140,2066,False
136,82.5,31,2,2,47.0,7,1,False
137,7.441176470588241,33,4,2,26.3235294117647,3321,2595,True
138,16.363636363636402,6,4,2,20.9090909090909,173,1821,False
139,56.6666666666667,1,2,2,24.0,164,1,False
140,23.5,23,3,2,6.125,702,2,False
141,87.5,34,2,2,3.5,3,83,False
142,20.25,5,3,2,1.75,592,11,True
143,22.875,35,5,2,27.375,457,82,True
144,31.6666666666667,26,3,2,7.5,412,1,False
145,58.3333333333333,27,3,2,31.3333333333333,28,12,False
146,59.0,28,2,2,46.0,36,4,False
147,12.5789473684211,24,4,3,11.0,1680,10,True
148,15.5384615384615,29,5,2,21.0769230769231,1082,60,False
149,45.75,26,3,2,0.0,217,15,False
150,60.6666666666667,27,2,2,42.3333333333333,69,28,False
151,32.3333333333333,9,5,2,42.6666666666667,9,3,True
152,91.5,25,2,2,11.0,5,10,False
153,61.3333333333333,26,2,2,8.0,65,82,False
154,39.0,2,2,2,26.4,42,0,False
155,15.2857142857143,24,5,2,46.07142857142861,19,14,False
156,6.028571428571429,29,3,2,9.11428571428571,1766,821,False
157,10.5862068965517,28,9,2,24.2413793103448,1944,703,True
158,11.529411764705904,1,2,2,11.3529411764706,1607,3,True
159,97.5,30,2,2,26.5,8,0,False
160,96.5,0,2,2,28.5,12,3,True
161,69.6666666666667,1,3,3,15.0,41,2,False
162,32.7142857142857,30,4,2,26.4285714285714,36,13,False
163,99.5,37,2,2,9.5,6,0,False
164,67.6666666666667,10,2,2,25.6666666666667,76,21,False
165,11.3214285714286,29,4,3,25.0,2362,1097,True
166,13.875,31,5,3,6.8125,3043,4,True
167,5.55555555555556,38,14,2,22.25,5566,4294,True
168,52.0,32,3,2,4.5,53,12,False
169,105.0,32,2,2,0.5,13,2,False
170,9.77777777777778,33,8,2,22.88888888888889,1043,73,True
171,70.0,34,3,2,0.0,145,27,False
172,108.0,35,2,2,0.0,137,43,False
173,109.0,36,2,2,0.0,56,12,False
174,110.0,37,2,2,0.0,10,1,False
175,7.60377358490566,7,9,2,23.79245283018869,5129,2608,True
176,111.5,38,2,2,0.0,16,3,False
177,112.5,39,2,2,0.0,4,1,False
178,39.1428571428571,39,5,2,0.142857142857143,69,57,False
179,108.5,32,2,2,0.5,6,0,False
180,108.0,33,2,2,38.5,17,11,False
181,21.0769230769231,36,5,2,0.538461538461538,341,33,False
182,10.227272727272698,37,5,2,0.0909090909090909,3421,0,False
183,111.5,36,2,2,36.5,9,0,False
184,11.25,34,5,2,7.875,1933,713,True
185,36.375,37,5,3,0.0,306,10,False
186,8.85714285714286,0,12,5,6.31428571428571,918,1655,True
187,7.50980392156863,8,14,2,23.7647058823529,2246,1082,True
188,10.0357142857143,40,8,2,62.03571428571429,100,23,False
189,7.21052631578947,9,13,2,32.7368421052632,709,31,True
190,11.952380952381,27,5,2,3.52380952380952,2144,254,False
191,116.5,9,2,2,3.0,5,1,False
192,7.04166666666667,41,10,3,1.125,5977,33,True
193,63.75,35,2,2,5.25,154,19,True
194,53.2,36,2,2,5.8,111,10,False
195,37.3333333333333,10,5,2,7.66666666666667,140,18,False
196,80.6666666666667,42,3,2,32.6666666666667,42,0,False
197,84.3333333333333,37,3,2,15.333333333333302,130,50,False
198,46.0,38,2,2,20.1666666666667,1255,816,True
199,121.5,43,2,2,12.5,9,5,False
200,41.5,44,3,2,9.66666666666667,1894,16,False
201,20.3571428571429,38,7,2,18.1428571428571,133,71,False
202,14.9545454545455,43,10,2,46.7727272727273,60,28,False
203,32.0909090909091,44,7,2,20.0909090909091,344,48,False
204,145.0,47,2,2,1.0,11,6,False
205,51.0,48,2,2,24.8,175,20,True
206,85.0,49,2,2,24.6666666666667,120,72,False
207,44.8333333333333,51,2,2,24.1666666666667,26,0,False
208,131.5,52,2,2,11.5,4,1,False
209,128.5,53,2,2,32.5,66,49,False
210,33.9090909090909,45,7,2,2.54545454545455,48,344,False
211,69.0,39,3,2,8.75,162,7,True
212,8.09259259259259,11,14,2,48.6666666666667,753,125,True
213,21.9333333333333,40,4,3,23.6666666666667,231,435,False
214,18.8125,39,8,2,23.625,668,54,False
215,26.0625,48,3,2,27.6875,1130,38,False
216,13.25,1,4,4,31.0416666666667,111,109,False
217,38.4,49,6,2,5.7,478,53,False
218,46.6666666666667,12,3,2,30.6666666666667,356,206,True
219,135.5,41,2,2,18.0,8,2,False
220,58.3333333333333,50,2,2,4.33333333333333,27,23,False
221,137.5,7,2,2,24.0,8,1,False
222,100.666666666667,42,2,2,44.6666666666667,18,6,False
223,12.0,40,6,2,37.4814814814815,534,183,True
224,106.666666666667,51,2,2,3.6666666666666696,32,12,False
225,93.6666666666667,43,2,2,38.0,49,12,False
226,70.5,60,4,2,51.75,108,2,False
227,75.5,8,3,2,27.25,106,16,False
228,164.0,61,2,2,1.5,5,3,False
229,58.0,13,3,2,11.4,337,10,False
230,145.5,54,2,2,28.0,8,3,False
231,13.7142857142857,33,9,2,3.0,6311,1,True
232,0.0,34,1,1,0.0,197,0,False
233,75.0,62,2,2,30.25,404,180,False
234,98.0,5,2,2,8.0,144,63,False
235,26.5714285714286,39,3,2,42.8571428571429,527,388,True
236,92.75,55,2,2,18.0,60,53,False
237,104.0,9,2,2,12.333333333333302,155,105,False
238,28.0,41,7,2,33.0666666666667,692,14,True
239,41.375,41,5,2,29.125,158,34,False
240,77.0,63,3,2,51.25,14,11,False
241,45.71428571428571,57,6,2,44.1428571428571,127,22,False
242,63.4,44,3,2,22.8,202,72,True
243,106.666666666667,11,2,2,49.0,104,6,False
244,34.1111111111111,64,2,2,30.3333333333333,420,50,True
245,26.25,42,4,2,32.5625,362,84,True
246,73.8,67,2,2,26.4,64,4,False
247,156.5,68,2,2,24.5,6,24,False
248,64.3333333333333,59,5,2,58.6666666666667,76,12,False
249,8.69811320754717,43,10,2,41.3396226415094,2049,655,True
250,78.4,60,2,2,33.2,247,11,False
251,60.3333333333333,71,3,2,89.0,36,37,False
252,65.0,72,2,2,63.8,85,16,False
253,46.25,44,7,6,6.5,319,5,True
254,113.666666666667,12,2,2,6.66666666666667,41,2,False
255,110.333333333333,14,3,2,39.3333333333333,21,2,False
256,111.0,46,2,2,10.3333333333333,54,2,False
257,13.92,73,3,2,31.48,2381,732,True
258,54.6666666666667,74,4,2,16.5,200,5,False
259,164.0,45,2,2,99.0,21,94,False
260,168.0,46,2,2,3.5,5,1,False
261,85.0,48,2,2,5.25,205,14,False
262,46.4444444444444,49,5,2,20.4444444444444,176,20,True
263,70.5,6,4,2,4.16666666666667,331,4,False
264,115.333333333333,50,3,2,17.0,46,16,False
265,42.22222222222221,51,3,2,7.22222222222222,205,25,False
266,61.3333333333333,10,3,2,49.3333333333333,160,7,False
267,97.25,48,2,2,29.5,107,12,False
268,67.6666666666667,42,4,2,47.6666666666667,214,7,True
269,174.5,11,2,2,14.0,10,6,False
270,13.2280701754386,43,13,2,58.0,1654,731,True
271,178.0,7,2,2,0.0,6,2,False
272,117.0,8,2,2,22.6666666666667,143,38,False
273,36.6428571428571,44,5,2,13.2857142857143,310,225,True
274,90.0,76,3,2,5.0,180,5,True
275,121.0,49,2,2,4.0,16,14,False
276,184.0,78,2,2,3.5,4,2,False
277,184.0,79,2,2,0.5,6,1,False
278,27.75,50,10,6,61.875,792,225,True
279,180.0,45,2,2,2.0,3,1,False
280,36.9230769230769,46,5,2,20.692307692307697,251,28,True
281,24.3913043478261,51,5,2,30.7826086956522,775,196,True
282,178.5,52,2,2,114.5,4,1,False
283,121.666666666667,53,2,2,38.0,103,4,False
284,14.8965517241379,54,2,2,111.137931034483,416,477,True
285,41.5555555555556,55,4,2,99.2222222222222,92,9,False
286,31.5833333333333,61,3,2,83.4166666666667,2468,173,False
287,34.866666666666696,52,4,2,14.066666666666698,390,227,True
288,37.4,80,3,2,36.0,903,2,False
289,63.3333333333333,81,2,2,27.6666666666667,184,13,False
290,14.555555555555598,2,15,3,53.0555555555556,1393,219,False
291,70.8333333333333,9,4,2,10.6666666666667,378,51,True
292,29.6666666666667,10,5,2,55.6666666666667,1453,349,True
293,213.0,15,2,2,12.0,52,20,False
294,15.694444444444402,38,15,3,3.86111111111111,219,1393,True
295,44.461538461538495,53,3,2,51.53846153846151,405,76,True
296,188.0,7,2,2,68.0,25,6,False
297,33.4117647058824,47,5,2,15.529411764705904,743,69,True
298,96.0,83,3,2,119.0,26,2,False
299,46.6666666666667,84,6,2,50.6666666666667,343,19,True
300,36.0,85,7,2,75.0833333333333,38,28,False
301,101.5,87,2,2,61.5,63,55,False
302,49.25,88,2,2,91.5,109,58,False
303,133.0,90,2,2,13.333333333333302,29,32,False
304,45.22222222222221,91,3,2,110.111111111111,315,284,False
305,35.5,58,7,2,40.9166666666667,247,50,True
306,51.625,59,4,2,27.625,130,18,False
307,120.5,54,4,2,3.75,16,14,False
308,31.2105263157895,48,9,2,31.6315789473684,291,53,True
309,0.0,92,1,1,0.0,88,0,False
310,106.0,60,3,2,1.0,612,65,True
311,40.5,49,5,2,2.625,181,384,True
312,37.615384615384606,50,6,3,42.4615384615385,219,10,True
313,36.0714285714286,94,8,2,48.07142857142861,1329,950,False
314,53.8181818181818,41,4,2,6.18181818181818,24,33,True
315,202.5,52,2,2,2.5,9,2,False
316,137.333333333333,42,2,2,5.0,5,2,False
317,67.25,43,4,2,22.75,270,3,True
318,0.0,44,1,1,0.0,237,0,False
319,208.0,13,2,2,6.5,62,12,False
320,140.333333333333,3,3,2,4.33333333333333,33,6,True
321,28.875,62,5,2,19.1875,84,19,False
322,206.0,63,2,2,7.5,6,0,False
323,105.75,64,3,2,28.0,20,0,False
324,146.333333333333,97,2,2,10.3333333333333,28,23,False
325,117.0,100,2,2,13.25,6,3,False
326,141.0,14,2,2,8.33333333333333,518,19,True
327,26.38888888888889,66,5,2,54.22222222222221,1627,388,False
328,11.2439024390244,103,4,2,20.414634146341506,4088,121,True
329,70.5,45,5,2,7.875,69,47,False
330,36.5294117647059,53,6,2,50.1176470588235,1018,70,True
331,66.25,54,6,2,5.125,680,33,True
332,35.4285714285714,34,5,4,42.4285714285714,164,5,True
333,216.0,55,2,2,2.0,24,3,False
334,22.0,0,7,2,87.14705882352942,1531,206,True
335,63.57142857142861,16,3,2,16.571428571428598,34,28,False
336,146.0,0,2,2,55.0,70,22,True
337,147.333333333333,17,2,2,103.333333333333,132,1,False
338,25.25,104,4,2,71.25,96,105,False
339,222.0,18,2,2,0.5,61,26,True
340,54.0,58,5,2,26.7,421,78,True
341,33.0,106,2,2,34.8571428571429,1486,348,True
342,223.0,16,2,2,18.5,8,4,False
343,150.333333333333,19,2,2,0.666666666666667,33,62,True
344,52.1,2,5,2,3.9,109,70,True
345,27.6666666666667,3,5,2,34.0952380952381,524,147,True
346,35.5,5,8,2,29.4444444444444,751,150,True
347,230.5,14,2,2,13.5,5,1,True
348,55.1818181818182,59,3,2,15.3636363636364,371,82,True
349,33.6428571428571,108,3,2,89.42857142857142,527,75,True
350,84.1666666666667,109,4,2,71.3333333333333,101,21,False
351,69.71428571428571,67,4,4,54.1428571428571,13,29,True
352,230.0,4,2,2,3.5,19,6,False
353,37.9230769230769,68,7,2,43.3846153846154,529,11,False
354,22.625,69,8,2,86.7916666666667,224,794,True
355,234.5,112,2,2,25.5,8,3,True
356,48.5,114,4,2,157.9,201,10,False
357,157.0,5,2,2,0.333333333333333,1014,0,True
358,242.5,18,2,2,6.0,6,7,False
359,50.6,70,4,2,105.5,65,11,False
360,160.333333333333,7,3,2,19.3333333333333,59,37,True
361,62.25,8,4,2,96.75,39,0,False
362,99.0,119,3,2,26.0,179,124,False
363,35.5,10,4,2,26.142857142857103,154,116,False
364,246.0,121,2,2,106.5,17,3,False
365,97.0,17,4,2,73.8333333333333,360,35,False
366,33.2222222222222,45,5,4,29.11111111111111,461,12,True
367,85.3333333333333,126,3,2,136.333333333333,299,35,False
368,251.5,129,2,2,32.0,13,0,False
369,138.75,62,2,2,88.0,3,50,False
370,149.0,8,2,2,26.75,57,20,False
371,0.0,9,1,1,0.0,183,0,True
372,119.4,1,4,2,7.0,203,123,False
373,11.8863636363636,47,25,2,114.715909090909,433,622,True
374,0.0,48,1,1,0.0,271,0,True
375,131.0,15,3,3,118.5,70,0,False
376,80.0,63,4,2,51.0,97,11,False
377,191.666666666667,130,3,3,4.0,34,20,False
378,121.4,131,2,2,72.4,31,1,False
379,42.4117647058824,17,7,3,72.1176470588235,487,226,True
380,184.666666666667,24,2,2,85.0,30,16,False
381,12.6538461538462,14,10,4,1.57692307692308,8385,77,True
382,149.0,132,3,2,69.25,19,21,False
383,14.0,1,2,2,0.0,6415,0,True
384,114.333333333333,19,2,2,50.0,214,121,True
385,25.5555555555556,79,13,2,113.962962962963,57,54,True
386,35.6842105263158,64,7,2,74.10526315789471,60,63,False
387,278.0,18,2,2,15.5,10,32,False
388,273.0,61,2,2,133.0,5,1,False
389,140.25,65,3,2,28.5,39,9,False
390,186.333333333333,19,2,2,10.6666666666667,150,28,False
391,202.0,20,2,2,4.33333333333333,165,43,False
392,127.6,3,4,2,31.8,166,21,True
393,183.666666666667,4,2,2,134.666666666667,227,123,True
394,21.03125,136,8,2,143.625,129,52,True
395,203.333333333333,137,2,2,60.3333333333333,143,33,False
396,186.0,139,2,2,5.66666666666667,71,1,False
397,193.333333333333,21,3,2,3.6666666666666696,31,2,True
398,4.0,23,1,1,10.0,22,3,False
399,320.5,62,2,2,2.5,35,0,False
400,309.0,25,2,2,3.0,30,18,False
401,198.0,2,2,2,20.6666666666667,63,20,False
402,194.333333333333,25,2,2,24.6666666666667,32,2,True
403,14.6,10,10,5,6.8444444444444414,6368,61,True
404,297.5,20,2,2,8.5,10,0,False
405,0.0,6,1,1,0.0,64,0,False
406,118.8,141,3,2,85.2,4,3,True
407,50.0833333333333,6,3,2,49.9166666666667,159,97,False
408,120.8,12,2,2,164.8,218,2,False
409,199.666666666667,26,2,2,88.6666666666667,39,0,False
410,298.0,27,2,2,82.0,8,0,False
411,299.0,13,2,2,207.5,5,6,False
412,36.7241379310345,65,14,2,51.7241379310345,496,166,True
413,23.6296296296296,143,2,2,76.55555555555559,2282,621,True
414,87.875,28,2,2,104.75,419,299,False
415,161.5,66,4,2,7.5,51,28,True
416,190.75,67,3,2,5.0,27,34,True
417,69.3333333333333,144,2,2,9.66666666666667,646,142,False
418,125.2,145,3,2,94.4,130,147,True
419,311.0,71,2,2,7.0,4,0,False
420,310.5,19,2,2,45.5,12,3,False
421,133.2,73,2,2,70.2,104,25,False
422,0.0,21,2,1,0.0,73,0,False
423,319.0,22,2,2,0.5,7,0,False
424,161.25,24,2,2,57.0,131,23,False
425,97.0,22,4,2,98.2857142857143,174,11,False
426,235.333333333333,23,2,2,116.666666666667,52,16,False
427,0.0,24,1,1,0.0,373,0,False
428,324.5,27,2,2,29.5,7,0,False
429,184.5,28,2,2,66.25,19,2,False
430,72.0,34,4,3,144.7,834,7,True
431,24.576923076923105,29,12,3,121.980769230769,1559,1062,True
432,219.333333333333,25,3,2,297.33333333333303,7,4,True
433,137.8,31,4,2,126.6,98,16,False
434,329.5,20,2,2,50.0,6,0,False
435,96.0,36,2,2,54.8571428571429,147,49,True
436,332.5,32,2,2,43.0,4,0,False
437,169.5,33,2,2,110.75,23,0,False
438,171.25,38,3,2,11.75,122,8,True
439,58.5833333333333,2,4,2,18.4166666666667,1784,42,True
440,368.0,3,2,2,17.5,3,5,False
441,233.666666666667,35,3,2,3.3333333333333304,38,0,False
442,113.333333333333,36,2,2,0.0,802,0,False
443,1.0,49,1,1,516.0,0,610,False
444,116.666666666667,3,3,2,3.8333333333333295,659,19,True
445,231.0,5,2,2,7.66666666666667,32,1,False
446,342.0,96,2,2,1.5,91,0,False
447,78.7777777777778,6,3,2,58.6666666666667,478,182,False
448,344.0,37,2,2,5.0,4,0,False
449,57.23076923076921,38,3,2,12.3846153846154,289,68,False
450,349.0,97,2,2,41.5,13,11,False
451,241.333333333333,98,2,2,66.0,28,4,False
452,360.5,14,2,2,41.0,18,0,False
453,61.23076923076921,39,7,2,166.230769230769,236,57,False
454,175.75,23,3,3,152.25,38,0,False
455,145.8,8,2,2,4.8,120,16,False
456,32.8333333333333,9,4,2,7.0,1551,289,True
457,239.333333333333,10,2,2,7.66666666666667,178,228,False
458,179.5,39,3,2,80.75,186,25,False
459,74.9,40,3,2,16.1,1979,685,True
460,246.333333333333,11,2,2,101.333333333333,117,33,True
461,356.5,63,2,2,284.5,5,0,False
462,359.5,0,2,2,94.5,11,0,False
463,245.666666666667,1,2,2,58.0,94,1,False
464,85.7272727272727,2,3,2,257.272727272727,29,12,False
465,81.6363636363636,3,2,2,229.818181818182,151,36,True
466,271.33333333333303,5,2,2,116.666666666667,49,17,False
467,274.66666666666697,12,2,2,80.3333333333333,41,12,False
468,381.5,6,2,2,9.5,9,1,False
469,364.5,7,2,2,39.5,97,35,False
470,246.0,102,2,2,142.666666666667,72,33,False
471,77.8,14,3,2,55.6,38,37,False
472,370.0,9,2,2,81.5,4,0,False
473,165.8,11,3,3,46.0,168,0,False
474,163.0,1,3,2,65.0,49,0,True
475,370.5,1,2,2,173.5,9,0,False
476,375.5,12,2,2,68.5,10,0,False
477,229.75,16,2,2,88.0,29,19,False
478,255.666666666667,17,2,2,14.666666666666698,65,34,False
479,157.4,15,2,2,172.0,38,3,True
480,256.0,17,2,2,124.5,124,4,True
481,380.5,27,2,2,35.5,5,1,False
482,193.25,18,2,2,97.5,176,4,False
483,3.0,103,1,1,263.0,35,2,False
484,92.0,106,3,3,1.33333333333333,738,0,False
485,401.5,107,2,2,17.0,4,1,False
486,388.0,28,2,2,11.5,11,3,False
487,89.3,19,7,2,172.4,72,14,False
488,157.0,109,3,2,316.0,290,15,False
489,388.0,111,2,2,137.0,4,1,False
490,194.0,20,2,2,90.5,49,12,False
491,268.33333333333303,112,3,2,132.333333333333,21,6,False
492,389.0,113,2,2,143.5,7,4,False
493,395.5,20,2,2,101.5,4,1,False
494,390.5,22,2,2,23.0,43,1,True
495,398.0,15,2,2,239.0,6,0,False
496,91.4545454545455,116,5,2,169.727272727273,87,7,False
497,397.5,30,2,2,16.0,7,2,False
498,397.5,17,2,2,145.5,4,0,False
499,159.2,31,3,2,115.4,150,23,False
500,201.0,0,3,2,258.0,138,2,False
501,65.92307692307689,1,3,2,325.846153846154,157,91,False
502,206.5,2,3,2,3.75,238,79,False
503,292.66666666666697,34,2,2,21.0,16,0,False
504,406.0,36,2,2,175.0,7,0,False
505,97.6666666666667,117,4,2,179.666666666667,354,595,False
506,325.66666666666697,150,2,2,2.3333333333333304,19,9,False
507,29.11538461538461,41,13,4,140.19230769230802,639,723,True
508,420.0,40,2,2,35.5,11,0,False
509,82.6363636363636,119,6,3,481.818181818182,18,26,False
510,154.5,41,4,3,113.333333333333,134,1,False
511,233.5,121,3,2,35.0,120,0,False
512,423.5,42,2,2,5.5,4,1,False
513,465.5,122,2,2,0.5,7,4,False
514,279.33333333333303,44,3,2,158.666666666667,31,3,False
515,293.33333333333303,45,2,2,126.0,42,11,False
516,422.5,15,2,2,85.5,182,155,False
517,472.0,153,2,2,0.5,9,2,False
518,44.2173913043478,2,10,2,206.913043478261,512,11,False
519,294.0,155,2,2,12.333333333333302,81,6,False
520,224.0,156,3,2,92.0,201,39,True
521,150.666666666667,157,3,2,58.8333333333333,62,13,False
522,52.17647058823529,3,3,2,149.588235294118,1719,35,False
523,29.4137931034483,4,4,2,21.3103448275862,2301,0,False
524,15.3289473684211,53,35,6,327.921052631579,1338,244,True
525,90.4166666666667,124,3,2,189.5,37,40,False
526,71.4166666666667,5,4,2,0.833333333333333,749,0,False
527,180.2,6,3,2,235.6,274,2,False
528,289.66666666666697,7,3,2,4.0,144,0,False
529,429.0,8,2,2,0.0,197,0,False
530,37.8260869565217,9,4,2,1.3478260869565202,1012,17,False
531,22.0833333333333,12,10,3,536.25,2,6893,False
532,1.33333333333333,68,3,1,0.0,5,4,True
533,0.75,0,4,1,0.5,1388,12,True
534,1.375,2,4,1,1.0,839,11,True
535,5.5,73,2,1,6.5,5,5,True
536,2.0,78,3,1,0.8,127,20,True
537,1.81818181818182,4,2,1,13.5454545454545,979,22,True
538,2.25,4,4,1,10.875,205,28,True
539,3.5,5,3,1,25.0,18,10,True
540,3.8333333333333295,6,3,1,20.0,119,35,True
541,2.57142857142857,8,4,1,22.642857142857103,403,91,True
542,0.0,9,2,1,0.0,92,0,False
543,11.5,95,1,1,18.0,4,4,True
544,7.0,78,2,1,21.0,181,10,True
545,7.2,110,4,1,33.8,89,48,True
546,0.0,37,1,1,0.0,165,0,False
547,8.0,116,3,1,36.0,11,7,True
548,20.0,119,2,1,29.0,5,3,True
549,0.0,11,1,1,0.0,77,0,False
550,3.08,12,8,1,38.96,416,123,True
551,2.44444444444444,13,6,1,39.259259259259295,1333,146,True
552,15.0,15,2,1,40.6666666666667,80,3,True
553,16.3333333333333,16,2,1,0.0,65,4,True
554,23.0,17,1,1,30.5,9,3,True
555,1.23076923076923,16,5,1,3.69230769230769,80,36,True
556,1.09090909090909,17,7,1,1.6363636363636398,21,11,True
557,0.933333333333333,19,5,1,2.13333333333333,844,48,True
558,0.8888888888888891,24,8,1,0.0,77,2,True
559,1.7,32,4,1,1.6,528,10,True
560,0.857142857142857,25,12,1,0.6190476190476191,58,51,False
561,1.5531914893616998,35,4,1,2.70212765957447,1788,226,True
562,0.91304347826087,3,14,1,0.4782608695652171,422,44,True
563,3.5,36,3,1,1.33333333333333,224,20,True
564,4.5,37,2,1,0.25,137,111,True
565,0.421052631578947,95,6,3,0.0,142,118,True
566,2.14285714285714,4,9,1,4.57142857142857,172,51,True
567,2.46153846153846,39,4,1,3.92307692307692,464,28,True
568,12.5,41,2,1,0.0,6,2,True
569,7.25,42,4,1,3.0,22,1,False
570,9.66666666666667,43,3,1,2.6666666666666696,10,0,True
571,3.36363636363636,44,8,1,2.09090909090909,191,30,True
572,0.0,45,2,1,0.0,981,0,True
573,16.0,46,2,1,0.0,5,0,False
574,2.4,47,11,1,1.72,162,159,True
575,12.666666666666698,48,3,1,5.33333333333333,28,17,True
576,1.86363636363636,51,5,1,2.13636363636364,861,60,True
577,10.25,54,3,1,0.0,194,3,True
578,14.0,55,3,1,0.0,143,7,True
579,22.5,58,2,1,0.0,16,3,True
580,14.333333333333302,137,3,1,0.0,485,492,True
581,12.5,59,3,1,0.0,13,8,True
582,4.142857142857141,7,7,1,1.92857142857143,799,318,True
583,2.7027027027027,60,16,1,7.43243243243243,540,572,True
584,6.36363636363636,61,4,1,3.09090909090909,205,63,True
585,5.8,9,4,1,1.5,468,22,True
586,10.8,21,2,1,0.0,893,0,True
587,2.44285714285714,64,32,1,4.54285714285714,1256,580,True
588,13.2,65,4,1,2.6,89,3,True
589,30.5,66,2,1,2.0,19,19,True
590,3.85714285714286,30,7,1,2.2380952380952404,723,290,True
591,5.454545454545452,31,15,1,4.5,373,1080,True
592,10.2857142857143,12,7,1,2.42857142857143,325,44,True
593,19.5,68,3,1,1.75,126,11,True
594,5.1,32,11,1,5.15,686,133,True
595,4.77777777777778,33,7,1,3.72222222222222,145,64,True
596,10.0,15,4,1,3.25,290,109,True
597,5.27777777777778,16,5,1,9.111111111111107,726,269,True
598,20.25,18,2,1,3.75,203,9,True
599,26.0,19,3,1,0.333333333333333,60,1,True
600,12.142857142857098,20,2,1,3.28571428571429,123,9,True
601,12.857142857142902,71,4,1,7.28571428571429,25,7,True
602,10.7777777777778,35,5,1,7.33333333333333,198,7,True
603,16.6666666666667,72,3,1,1.8333333333333304,20,19,True
604,41.0,73,2,1,0.5,19,8,True
605,23.75,74,3,1,9.5,87,5,True
606,30.0,76,2,1,11.333333333333302,29,3,True
607,14.666666666666698,23,3,1,0.5,201,20,True
608,15.666666666666698,36,5,1,0.0,30,11,True
609,26.75,27,3,1,0.0,12,6,True
610,33.6666666666667,82,3,1,9.0,41,0,True
611,5.72413793103448,29,14,1,11.4137931034483,798,118,True
612,22.6,83,4,1,7.8,58,47,True
613,12.727272727272696,30,9,1,6.72727272727273,102,60,True
614,52.5,84,2,1,1.5,11,0,False
615,52.5,38,2,1,3.5,4,0,False
616,28.5,85,4,1,8.0,118,0,False
617,8.28571428571429,40,12,1,10.2857142857143,401,191,True
618,12.0,86,7,1,10.4545454545455,68,11,True
619,8.72222222222222,88,11,1,2.8333333333333304,308,181,True
620,38.3333333333333,34,2,1,6.33333333333333,60,2,True
621,41.0,37,2,1,8.33333333333333,10,5,True
622,8.555555555555559,38,2,1,6.22222222222222,494,22,True
623,15.0,90,10,1,2.0,86,24,True
624,6.955555555555558,39,18,1,7.8,860,576,True
625,14.75,92,5,1,8.0,178,63,True
626,16.25,93,5,1,3.625,1897,0,True
627,12.2352941176471,97,10,1,10.6470588235294,103,82,True
628,65.5,98,2,1,0.0,244,0,True
629,36.25,41,3,1,5.25,102,7,True
630,10.9565217391304,42,16,1,8.47826086956522,47,130,True
631,21.5555555555556,43,6,1,2.3333333333333304,118,92,True
632,29.0,44,3,1,1.2,422,7,True
633,10.8125,45,4,1,6.4375,394,73,True
634,20.2857142857143,7,3,1,4.142857142857141,163,29,True
635,41.75,42,2,1,9.25,76,11,True
636,76.0,47,2,1,3.0,12,0,False
637,77.5,48,2,1,1.5,45,32,True
638,17.8,49,6,1,10.0,501,26,True
639,30.8,99,2,1,4.8,114,9,True
640,49.3333333333333,100,2,1,0.0,150,36,True
641,53.6666666666667,103,2,1,0.666666666666667,106,3,True
642,12.7692307692308,50,7,1,1.0,474,245,True
643,11.0625,105,4,1,6.5,44,8,True
644,19.4,51,8,1,9.0,254,131,True
645,28.5,53,4,1,16.5,55,13,True
646,37.8,106,2,1,14.4,101,12,True
647,21.0,107,4,1,5.75,459,14,True
648,55.3333333333333,55,2,1,9.33333333333333,413,2,True
649,33.0,0,2,1,0.0,219,71,True
650,42.25,1,2,1,11.75,43,6,True
651,15.470588235294096,109,11,1,10.2352941176471,535,8,True
652,35.2,110,3,1,4.0,252,68,True
653,91.5,111,2,1,1.0,5,1,True
654,61.3333333333333,20,3,1,0.0,7,4,False
655,61.3333333333333,47,2,1,7.66666666666667,51,38,True
656,11.857142857142902,49,18,1,10.952380952381,106,18,True
657,62.6666666666667,50,2,1,2.0,7,8,True
658,29.142857142857103,56,6,1,8.571428571428571,124,10,True
659,22.2727272727273,117,9,1,9.27272727272727,294,71,True
660,28.375,119,6,1,9.125,230,45,True
661,46.6,120,4,1,3.6,41,16,True
662,8.6,58,18,1,16.8888888888889,688,197,True
663,35.0,60,5,1,3.3333333333333304,70,15,True
664,44.8,122,4,1,12.8,95,32,True
665,100.0,23,2,1,0.0,29,0,True
666,51.75,129,4,1,1.5,20,9,True
667,9.40350877192983,61,27,1,11.2456140350877,1300,484,True
668,69.3333333333333,130,2,1,0.0,10,4,True
669,19.375,56,10,1,11.5625,74,25,True
670,112.0,63,2,1,1.5,5,1,True
671,24.4166666666667,65,8,1,2.8333333333333304,392,102,True
672,28.5555555555556,132,6,1,5.55555555555556,351,16,True
673,48.8,133,4,1,2.4,42,24,True
674,1.0,124,1,1,0.0,2,2,False
675,7.923076923076921,58,28,3,11.2307692307692,856,234,True
676,19.4285714285714,136,7,1,7.0,240,122,True
677,15.947368421052596,140,12,1,11.315789473684196,809,41,True
678,65.75,59,2,1,5.5,303,222,True
679,20.125,143,11,1,11.8125,156,134,True
680,19.6666666666667,146,9,1,3.2666666666666697,504,48,True
681,121.5,147,2,1,1.0,7,0,False
682,14.695652173913,67,12,1,5.60869565217391,851,134,True
683,33.3333333333333,68,7,1,5.22222222222222,147,98,True
684,50.8,149,3,1,7.8,261,37,True
685,87.3333333333333,61,2,1,10.0,33,0,True
686,56.8,62,4,1,3.6,100,7,True
687,85.0,153,2,1,18.6666666666667,23,7,True
688,131.5,154,2,1,1.0,17,4,True
689,14.2608695652174,73,9,1,17.5652173913043,859,201,True
690,131.0,155,2,1,2.0,4,0,False
691,131.0,74,2,1,0.0,7,7,True
692,19.9411764705882,156,12,1,8.23529411764706,757,500,True
693,49.0,75,4,1,2.1666666666666696,181,26,True
694,87.3333333333333,76,2,1,1.33333333333333,13,4,True
695,52.4,77,2,1,13.2,234,15,True
696,12.2142857142857,78,18,1,10.6904761904762,938,107,True
697,15.08,79,13,1,1.64,575,138,True
698,18.2631578947368,158,10,1,4.10526315789474,121,37,True
699,21.1538461538462,160,8,1,0.923076923076923,128,68,True
700,59.8,66,4,1,10.2,48,35,True
701,22.61538461538461,164,6,1,1.7692307692307698,386,72,True
702,24.9166666666667,174,8,1,7.0,189,0,False
703,11.3939393939394,81,12,1,1.6969696969697,421,364,True
704,141.5,82,2,1,1.0,56,95,True
705,42.5,70,7,1,15.125,106,11,True
706,0.0,135,1,1,0.0,6,3,True
707,26.61538461538461,86,7,1,14.2307692307692,204,22,True
708,99.6666666666667,92,2,1,10.3333333333333,175,5,True
709,54.3333333333333,93,6,1,17.3333333333333,29,5,True
710,157.5,73,2,1,12.5,42,10,True
711,51.1666666666667,16,2,1,0.166666666666667,594,0,True
712,42.5,17,7,2,1.75,202,21,True
713,57.0,175,2,1,16.3333333333333,91,10,True
714,30.846153846153804,176,7,1,19.8461538461538,65,44,True
715,34.6,85,3,1,28.8,39,9,True
716,81.5,144,4,2,2.5,36,8,True
717,11.2075471698113,86,20,1,21.188679245283,1473,516,True
718,164.0,87,2,1,14.0,7,0,False
719,24.6875,88,7,1,33.6875,63,28,True
720,61.5,90,4,1,22.5,79,14,True
721,117.0,91,3,1,26.3333333333333,8,4,True
722,90.25,1,3,1,29.0,219,74,True
723,10.8064516129032,145,11,1,0.0,2126,19,True
724,72.8,3,4,1,33.4,175,6,True
725,86.25,4,2,1,10.75,74,1,True
726,87.75,146,3,1,0.5,73,0,False
727,178.0,24,2,1,17.5,3,2,True
728,42.875,93,6,1,1.625,128,12,True
729,65.5,94,6,1,16.3333333333333,15,6,True
730,172.5,177,2,1,0.0,5,0,False
731,64.6666666666667,96,2,1,20.0,50,17,True
732,44.75,147,5,1,1.125,58,0,False
733,91.25,98,3,1,9.75,77,10,True
734,48.125,99,3,1,14.375,186,27,True
735,97.5,100,2,1,2.25,79,15,True
736,119.0,149,3,1,4.66666666666667,15,0,True
737,123.666666666667,102,3,1,0.0,171,2,True
738,129.0,103,2,1,17.3333333333333,20,10,True
739,8.66666666666667,15,10,1,5.71111111111111,4598,246,True
740,37.6923076923077,108,11,1,32.0769230769231,293,18,True
741,22.85,16,8,1,10.15,347,62,True
742,128.333333333333,110,3,1,54.6666666666667,16,1,False
743,35.1538461538462,7,5,1,20.0769230769231,50,46,True
744,36.1818181818182,17,3,1,7.90909090909091,683,39,True
745,37.0714285714286,112,6,1,15.2857142857143,314,140,True
746,134.0,9,3,1,10.0,23,0,True
747,130.0,183,2,2,0.0,22,1,False
748,44.2,184,4,1,31.1,91,68,True
749,196.5,185,2,1,0.0,9,6,True
750,78.6,18,2,1,1.0,9,0,True
751,137.666666666667,19,3,1,2.3333333333333304,6,3,True
752,139.666666666667,113,3,1,7.0,147,50,True
753,132.333333333333,9,2,1,0.0,175,13,True
754,110.0,187,3,1,2.0,75,19,True
755,75.5,11,4,1,33.0,99,78,True
756,137.333333333333,12,3,1,10.0,4,2,True
757,59.0,188,3,1,6.0,285,79,True
758,16.1891891891892,114,13,1,17.4864864864865,584,405,True
759,87.6,13,4,1,28.6,362,164,True
760,144.0,116,3,1,34.6666666666667,17,5,True
761,87.0,118,3,1,15.8,446,158,True
762,35.6666666666667,120,3,1,9.25,379,31,True
763,107.0,122,3,1,2.0,39,30,True
764,39.7272727272727,112,2,1,10.4545454545455,372,59,True
765,108.5,113,3,1,4.5,174,71,True
766,113.75,123,3,1,0.5,530,26,True
767,70.14285714285711,124,4,1,3.71428571428571,49,25,True
768,148.0,125,2,1,24.6666666666667,48,0,False
769,151.333333333333,126,3,1,5.66666666666667,338,4,True
770,217.5,114,2,1,3.5,21,14,True
771,60.0,127,3,1,29.375,239,57,True
772,218.0,192,2,1,13.5,23,0,True
773,56.25,194,6,1,2.25,125,4,True
774,46.6666666666667,144,11,1,41.3333333333333,15,14,True
775,58.375,116,6,1,14.0,70,7,True
776,45.4,118,5,2,9.1,8149,5,True
777,120.0,195,2,1,5.25,83,79,True
778,64.0,49,8,1,35.1111111111111,57,25,True
779,112.75,130,2,1,48.0,39,18,True
780,52.0,125,6,1,7.77777777777778,1068,5,True
781,64.375,196,3,1,15.25,110,63,True
782,103.4,131,4,1,9.0,102,47,True
783,228.0,197,2,1,0.0,29,12,True
784,27.4,133,5,1,38.1,386,130,True
785,120.75,198,4,1,8.0,52,26,True
786,48.6666666666667,135,4,1,11.833333333333302,412,72,True
787,94.4,19,2,1,34.2,193,70,True
788,97.8,136,3,1,3.2,263,0,True
789,66.375,136,6,1,27.75,139,111,True
790,73.0,201,5,1,24.285714285714302,97,98,True
791,51.9,137,3,1,21.2,65,23,True
792,88.5,54,3,1,27.5,209,14,True
793,93.3333333333333,138,5,2,3.1666666666666696,65,8,True
794,105.8,18,4,1,26.0,188,56,True
795,123.5,19,3,1,1.25,87,20,True
796,111.6,139,3,1,1.0,75,2,True
797,132.5,140,2,1,2.0,53,32,True
798,125.25,57,3,1,36.25,32,1,False
799,36.933333333333294,141,9,1,45.4666666666667,742,592,True
800,59.3333333333333,142,4,1,6.55555555555556,209,80,True
801,91.0,143,4,1,22.0,176,53,True
802,45.6153846153846,207,4,1,5.0,260,88,True
803,168.666666666667,209,2,1,53.3333333333333,82,1,True
804,257.0,211,2,1,1.5,17,8,True
805,142.75,212,4,1,6.25,20,1,True
806,130.0,146,2,1,1.5,100,2,True
807,47.454545454545496,213,4,1,0.9090909090909092,307,144,True
808,132.75,147,3,1,49.5,12,2,True
809,138.25,147,2,1,19.75,126,7,True
810,177.666666666667,215,2,1,13.666666666666698,108,22,True
811,178.666666666667,216,2,1,2.3333333333333304,11,5,True
812,137.0,21,3,1,9.75,121,40,True
813,131.75,218,2,1,1.75,39,29,True
814,186.333333333333,148,2,1,0.0,43,5,True
815,53.8333333333333,150,6,1,29.0,180,73,True
816,269.0,152,2,1,7.0,12,8,True
817,184.666666666667,149,2,1,0.0,59,4,True
818,42.23076923076921,60,8,2,2.07692307692308,24,14,True
819,182.666666666667,12,2,1,8.0,109,22,True
820,136.5,208,2,1,43.0,134,113,True
821,33.5909090909091,153,13,1,50.7727272727273,173,117,True
822,190.666666666667,64,2,1,13.666666666666698,8,3,True
823,40.2142857142857,21,3,1,34.7857142857143,805,209,True
824,189.0,24,2,1,52.3333333333333,41,3,True
825,57.8181818181818,156,5,1,26.1818181818182,228,21,True
826,150.0,6,3,1,11.5,21,0,True
827,41.7333333333333,157,6,1,34.133333333333304,193,168,True
828,60.2727272727273,19,5,1,23.7272727272727,140,126,True
829,287.5,20,2,1,63.0,9,1,True
830,100.833333333333,28,5,1,8.66666666666667,183,6,True
831,59.6666666666667,165,9,1,51.5,162,69,True
832,127.4,166,4,1,21.6,181,8,True
833,203.0,234,2,1,2.6666666666666696,108,9,True
834,123.0,236,4,1,37.0,39,3,True
835,307.5,22,2,1,0.5,7,1,True
836,198.0,71,2,1,0.0,34,2,True
837,70.1111111111111,29,5,1,23.11111111111111,352,160,True
838,25.0,26,12,1,27.4444444444444,393,81,True
839,303.5,28,2,1,58.5,14,1,True
840,45.27777777777778,241,6,1,24.4444444444444,256,44,True
841,110.166666666667,74,5,1,21.5,150,19,True
842,324.5,33,2,1,7.5,4,0,True
843,208.333333333333,75,2,1,24.6666666666667,82,27,True
844,65.1818181818182,35,4,1,12.1818181818182,175,56,True
845,15.208333333333302,31,17,1,81.9166666666667,479,816,True
846,313.5,246,2,1,0.0,209,0,True
847,222.666666666667,39,2,1,11.666666666666698,39,4,True
848,132.2,11,4,1,42.4,142,35,True
849,94.0,40,3,1,26.857142857142897,180,8,True
850,133.2,43,3,1,47.0,127,161,True
851,0.0,44,1,1,0.0,170,0,False
852,114.0,14,5,1,15.333333333333302,39,3,True
853,326.5,50,2,1,77.5,2,1,True
854,80.6666666666667,17,7,1,4.44444444444444,24,21,True
855,224.666666666667,62,2,1,22.6666666666667,61,0,False
856,41.27777777777779,18,4,1,31.38888888888889,1398,965,True
857,147.2,34,2,1,30.4,131,82,True
858,186.0,35,2,1,8.25,101,12,True
859,89.125,69,6,2,42.375,169,7,True
860,229.666666666667,23,2,1,9.0,4,2,True
861,28.59375,38,15,1,63.0,620,224,True
862,343.5,7,2,2,0.0,5,0,False
863,155.8,26,4,1,27.0,106,9,True
864,242.666666666667,77,2,1,5.66666666666667,81,5,True
865,43.45,85,11,2,13.6,213,62,True
866,67.6153846153846,82,11,1,30.461538461538503,80,56,True
867,142.8,162,4,1,58.2,15,31,True
868,356.0,87,2,1,4.5,6,1,False
869,47.875,88,4,2,40.0,502,15,True
870,242.0,93,2,1,54.3333333333333,71,73,True
871,53.8823529411765,100,11,1,23.4117647058824,61,121,True
872,27.4,105,9,2,15.1333333333333,114,27,True
873,41.5833333333333,106,15,1,51.1666666666667,147,108,True
874,244.333333333333,112,3,1,68.0,49,6,True
875,12.166666666666698,37,8,4,0.0606060606060606,150,6,True
876,369.5,39,2,2,0.0,3,2,False
877,108.571428571429,167,5,1,73.1428571428571,292,11,True
878,163.0,115,3,1,51.6,226,23,True
879,101.5,119,5,1,91.625,279,54,True
880,0.0,45,1,1,0.0,127,0,False
881,380.0,120,2,1,30.5,4,1,True
882,255.333333333333,168,2,1,87.3333333333333,74,24,True
883,271.33333333333303,124,3,1,9.33333333333333,61,36,True
884,202.5,127,3,1,0.5,16,70,True
885,200.5,127,3,1,105.25,52,14,True
886,52.9,285,7,3,81.8,28,9,True
887,201.75,132,2,1,40.75,87,5,True
888,395.5,54,2,1,0.0,23,15,True
889,411.0,55,2,1,4.0,10,0,False
890,91.4,56,10,1,45.7,88,0,True
891,275.0,135,2,1,45.3333333333333,50,4,True
892,104.6,136,3,1,26.0,205,75,True
893,34.375,136,7,1,47.7083333333333,4495,4,True
894,169.0,140,3,1,113.2,85,3,True
895,56.77777777777778,248,11,1,115.222222222222,364,234,True
896,284.33333333333303,143,3,1,7.33333333333333,70,6,True
897,168.4,145,4,1,91.4,310,21,True
898,120.428571428571,250,6,1,6.571428571428571,707,1,True
899,42.5,145,11,3,31.8181818181818,2688,32,True
900,280.33333333333303,61,2,1,2.0,239,28,True
901,279.66666666666697,149,2,1,175.666666666667,112,0,False
902,100.222222222222,62,7,1,101.222222222222,56,5,True
903,210.5,63,2,1,24.5,299,26,True
904,231.25,66,2,1,27.75,74,2,True
905,281.33333333333303,1,2,1,80.6666666666667,82,52,True
906,213.25,46,2,1,1.75,202,15,True
907,291.33333333333303,2,2,1,45.6666666666667,146,2,True
908,427.0,155,2,1,12.0,4,0,False
909,425.5,162,2,1,81.0,8,0,True
910,25.88888888888889,160,15,4,52.148148148148096,295,61,True
911,288.33333333333303,69,3,1,53.0,31,1,True
912,177.666666666667,162,2,1,3.6666666666666696,20,3,True
913,127.142857142857,164,5,1,14.0,101,10,True
914,24.625,8,13,3,45.71875,736,562,True
915,285.33333333333303,169,2,2,61.6666666666667,5,2,True
916,161.166666666667,165,5,1,31.5,95,14,True
917,287.0,166,2,1,120.0,46,0,True
918,186.0,171,2,1,4.66666666666667,179,30,True
919,185.4,169,4,1,13.2,68,21,True
920,0.4782608695652171,48,23,2,0.840579710144927,1205,471,True
921,132.714285714286,51,5,1,92.7142857142857,64,201,True
922,290.33333333333303,172,3,1,77.6666666666667,8,1,True
923,157.333333333333,78,4,1,66.3333333333333,143,34,True
924,181.2,4,5,1,57.0,27,4,True
925,295.33333333333303,185,3,1,62.0,11,0,True
926,194.0,255,4,1,14.6,44,4,True
927,18.75,173,2,1,54.75,152,67,True
928,162.0,189,5,1,47.0,66,14,True
929,295.33333333333303,51,2,1,15.0,417,179,True
930,50.2,80,9,2,10.5,203,41,True
931,445.5,97,2,1,0.0,22,6,True
932,448.5,1,2,1,10.5,38,19,True
933,303.33333333333303,194,2,1,83.6666666666667,88,1,True
934,145.285714285714,196,5,1,14.2857142857143,305,28,True
935,7.571428571428571,195,4,1,0.0,644,2,True
936,307.33333333333303,61,2,1,6.66666666666667,65,6,True
937,457.0,199,2,1,18.0,5,0,False
938,55.3809523809524,202,11,1,118.809523809524,570,365,True
939,456.5,203,2,1,18.5,193,190,True
940,94.1818181818182,203,6,1,141.272727272727,176,24,True
941,232.25,16,3,1,108.5,36,29,True
942,324.0,64,2,1,20.0,110,0,True
943,196.0,6,4,1,92.4,40,10,True
944,230.5,206,2,1,137.0,178,44,True
945,309.0,189,2,1,27.0,39,2,True
946,48.0434782608696,86,11,3,75.4782608695652,79,44,True
947,255.75,213,4,1,27.0,38,1,False
948,2.0,215,1,1,40.0,142,26,True
949,131.75,224,6,1,48.625,217,17,True
950,205.2,230,3,1,8.0,208,48,True
951,244.75,234,3,1,147.0,63,75,True
952,479.5,87,2,1,7.0,72,24,True
953,316.33333333333303,239,2,1,74.6666666666667,112,3,True
954,23.341463414634102,240,9,2,25.04878048780489,224,255,True
955,25.6808510638298,418,25,1,98.51063829787228,225,116,True
956,318.0,244,2,1,147.666666666667,126,11,True
957,159.5,245,3,2,115.833333333333,57,39,True
958,496.5,253,2,1,7.5,4,0,False
959,322.33333333333303,89,3,1,84.0,6,25,True
960,142.714285714286,273,5,1,66.4285714285714,438,51,True
961,3.86274509803922,274,17,1,18.4509803921569,1798,131,True
962,2.53846153846154,7,4,2,59.15384615384621,56,123,True
963,328.0,18,2,1,87.6666666666667,159,5,True
964,333.66666666666697,20,2,1,26.0,85,1,True
965,197.0,209,4,1,19.8,159,0,True
966,36.52777777777779,256,12,1,55.9444444444444,1468,517,True
967,25.2,67,3,1,14.2,869,1,True
968,31.5,199,3,1,21.75,340,0,True
969,80.8,23,8,1,25.8666666666667,484,20,True
970,6.7,91,10,1,7.65,1118,32,True
971,39.3448275862069,92,13,1,151.758620689655,1063,106,True
972,52.4583333333333,258,13,2,73.5416666666667,1064,208,True
973,197.833333333333,278,5,1,4.5,79,7,True
974,220.2,216,5,1,26.8,95,0,True
975,151.75,201,7,1,17.5,130,10,True
976,0.0,216,1,1,0.0,114,0,True
977,258.5,260,3,1,2.25,58,14,True
978,517.5,25,2,1,3.0,10,3,True
979,330.66666666666697,220,3,1,52.3333333333333,12,0,False
980,495.0,71,2,1,0.0,4,0,False
981,222.8,8,4,1,5.0,116,10,True
982,73.52941176470591,74,8,2,57.23529411764712,423,38,True
983,201.6,228,3,1,0.6,352,21,True
984,350.0,217,3,1,8.0,235,104,True
985,126.0,264,2,1,23.625,1262,1,True
986,208.8,32,2,1,110.4,133,141,True
987,265.5,33,4,1,26.75,192,3,True
988,203.4,234,4,1,25.0,12,18,True
989,354.0,9,2,1,4.0,25,0,False
990,512.0,210,2,1,111.0,56,0,False
991,281.0,211,4,1,14.5,48,3,True
992,41.75,349,2,1,106.25,130,89,True
993,343.666666666667,218,2,1,74.6666666666667,225,113,True
994,128.222222222222,84,6,2,68.4444444444444,225,75,True
995,270.5,14,3,1,66.25,127,9,True
996,350.0,36,2,1,34.0,55,13,True
997,94.2857142857143,272,8,1,52.9285714285714,236,25,True
998,353.0,16,2,1,3.0,77,8,True
999,179.166666666667,273,3,1,88.8333333333333,465,41,True
1000,10.1111111111111,7,16,2,43.5925925925926,514,685,True
1001,39.0,1,4,1,13.2,746,227,True
1002,66.3333333333333,274,2,1,94.0,313,12,True
1003,159.25,223,5,1,27.0,133,43,True
1004,287.0,256,2,1,0.0,138,0,True
1005,137.0,40,7,1,30.6666666666667,274,31,True
1006,182.5,110,2,1,48.5,638,215,True
1007,171.0,285,6,2,26.5714285714286,62,5,True
1008,17.3571428571429,237,7,1,17.7857142857143,523,171,True
1009,132.5,240,5,2,24.0,98,34,True
1010,69.3333333333333,95,7,1,46.0952380952381,1147,771,True
1011,29.8703703703704,245,24,2,55.22222222222221,453,420,True
1012,535.5,65,2,1,0.0,9,0,False
1013,539.0,66,2,1,87.0,4,0,False
1014,78.3571428571429,9,4,2,91.2142857142857,129,38,True
1015,222.0,112,5,1,113.4,449,106,True
1016,284.75,11,3,1,142.0,9,0,False
1017,387.666666666667,275,2,1,16.6666666666667,135,4,True
1018,42.51282051282049,277,22,2,32.0512820512821,284,131,True
1019,83.3333333333333,285,11,2,17.4444444444444,174,64,True
1020,91.8125,286,12,2,19.5625,75,29,True
1021,226.8,290,3,1,45.4,201,6,True
1022,65.1904761904762,291,12,1,33.4285714285714,342,324,True
1023,380.333333333333,293,2,1,44.6666666666667,103,0,True
1024,566.0,298,2,1,4.0,22,0,False
1025,226.2,306,2,1,220.8,135,8,True
1026,62.8,311,12,1,75.2,123,119,True
1027,284.25,312,2,1,41.0,124,4,True
1028,287.75,316,4,1,173.75,305,2,True
1029,104.909090909091,322,4,1,94.3636363636364,176,3,True
1030,304.0,105,3,1,4.75,26,12,True
1031,385.333333333333,323,2,1,121.0,53,0,True
1032,15.107142857142902,106,22,2,61.16071428571429,218,398,True
1033,382.0,325,3,1,132.0,10,0,True
1034,234.4,326,3,1,17.2,70,19,True
1035,575.0,330,2,1,99.0,20,0,True
1036,157.7,107,9,3,39.6,36,22,True
1037,290.0,50,2,1,14.5,237,3,True
1038,389.333333333333,301,2,1,54.3333333333333,135,11,True
1039,78.375,53,4,1,7.0625,305,1170,True
1040,29.622641509434,339,4,2,384.698113207547,57,51,True
1041,10.8648648648649,18,18,2,5.45945945945946,745,97,True
1042,582.0,276,2,1,197.5,2,4,True
1043,390.666666666667,56,2,1,74.3333333333333,95,2,True
1044,300.25,278,4,1,24.5,40,27,True
1045,585.0,1,2,1,4.5,10,3,True
1046,149.0,344,5,1,3.7,75,79,True
1047,394.666666666667,57,2,1,0.333333333333333,123,19,True
1048,593.0,305,2,1,45.0,5,0,True
1049,319.0,283,3,1,0.0,3,21,True
1050,121.8,306,3,1,106.3,557,490,True
1051,45.07142857142861,307,10,2,3.28571428571429,18,96,True
1052,24.037037037037,313,10,2,1.2962962962963,55,68,True
1053,20.0,366,21,2,2.11764705882353,1613,1193,True
1054,301.5,48,2,1,27.0,337,220,True
1055,131.111111111111,20,3,1,2.1111111111111103,1132,12,True
