File,CountDeclMethodPrivate,CountDeclMethodDefault,AvgEssential,CountDeclClassVariable,CountDeclClassMethod,AvgLineComment,AvgCyclomaticModified,CountLineComment,CountDeclClass,CountDeclMethodProtected,CountDeclInstanceVariable,CountDeclMethodPublic,AvgLineBlank,MaxInheritanceTree,CountClassDerived,CountClassCoupled,CountClassBase,CountInput_Min,CountOutput_Min,MaxNesting_Min,OWN_COMMIT,MINOR_COMMIT,MINOR_LINE,MAJOR_COMMIT,MAJOR_LINE,target
0,0,0,1,0,0,0,1,21,1,0,0,1,0,3,0,0,1,3,2,0,0.0,0,2,0,2,False
1,0,1,1,0,0,7,1,27,1,0,0,0,0,0,16,0,0,20,0,0,0.0,0,2,0,0,False
2,0,1,1,0,0,12,1,37,1,0,0,0,0,1,13,2,1,16,1,0,0.0,0,2,0,1,False
3,0,0,0,0,0,0,0,21,1,0,0,0,0,0,0,0,0,0,0,0,0.5,0,2,2,1,False
4,0,0,1,0,0,0,1,21,1,4,2,3,0,1,7,2,2,1,1,0,0.5,0,1,2,0,False
5,1,0,1,0,10,3,1,62,1,0,0,10,0,1,0,3,2,0,1,0,0.75,0,3,2,1,False
6,0,0,1,0,0,2,1,97,1,3,3,28,0,1,1,12,2,0,1,0,0.4,0,3,3,2,False
7,0,0,1,0,0,0,1,21,1,0,1,2,0,1,0,1,2,1,1,0,1.0,0,2,1,1,False
8,1,0,1,0,0,2,1,72,2,0,4,15,0,3,0,11,1,0,1,0,0.428571428571429,0,2,3,1,False
9,0,0,1,0,0,1,1,71,2,0,7,33,0,2,0,13,2,0,1,0,0.571428571428571,0,3,3,1,False
10,0,3,1,0,0,3,1,31,1,0,0,0,0,0,1,3,0,1,0,0,1.0,0,2,1,2,False
11,0,0,1,0,0,0,2,21,1,0,2,4,0,2,0,4,1,1,2,0,0.0,0,2,0,1,False
12,0,0,1,0,0,0,1,21,1,1,1,2,0,1,6,2,2,2,1,0,1.0,0,2,1,1,False
13,1,0,1,0,29,1,1,166,26,0,0,78,0,1,0,4,2,0,1,0,0.545454545454545,0,3,5,2,False
14,0,0,1,0,1,5,1,254,1,0,2,44,0,4,0,7,1,0,1,0,0.75,0,1,2,1,False
15,0,0,1,0,0,0,1,21,1,0,2,9,0,2,0,5,1,0,1,0,0.333333333333333,0,1,3,2,False
16,0,0,1,0,0,0,1,25,1,0,0,2,0,2,0,2,1,0,1,0,0.0,0,1,0,1,False
17,0,0,1,1,1,0,1,21,1,0,0,2,0,3,0,0,1,0,0,0,0.0,0,1,0,0,False
18,1,0,1,0,16,0,1,52,14,16,0,28,0,1,0,4,2,0,1,0,0.666666666666667,0,2,2,3,False
19,0,1,1,0,0,5,1,27,1,0,0,0,0,1,0,1,2,0,1,0,1.0,0,3,1,0,False
20,0,0,1,0,0,0,2,21,1,1,0,1,0,1,6,0,2,1,2,0,1.0,0,1,1,0,False
21,1,0,1,0,12,1,1,60,13,0,0,36,0,1,0,4,2,0,0,0,0.666666666666667,0,2,2,2,False
22,0,1,1,0,0,0,1,21,1,0,0,0,0,0,3,1,0,1,1,0,0.0,0,2,0,0,False
23,0,0,1,0,0,2,1,75,1,4,3,20,0,2,353,13,2,0,0,0,0.384615384615385,0,2,5,3,True
24,0,0,1,0,0,1,1,78,1,2,1,24,0,1,1,3,2,0,1,0,0.6,0,2,3,1,True
25,0,0,1,0,0,0,2,25,1,0,2,8,0,1,0,0,3,0,1,0,0.0,0,1,0,2,False
26,0,0,1,0,0,0,1,21,1,0,1,2,0,1,0,1,2,1,1,0,0.0,0,2,0,1,False
27,0,0,1,0,0,0,1,21,1,0,0,1,0,1,0,2,2,0,1,0,0.0,0,3,0,0,False
28,0,0,1,0,0,0,1,21,1,0,1,2,0,4,0,0,1,1,1,0,0.0,0,2,0,1,False
29,0,0,1,1,0,0,4,24,1,0,2,4,0,1,0,3,2,1,1,0,0.5,0,2,2,1,True
30,0,0,1,6,1,2,1,56,1,0,1,11,0,1,0,4,1,1,1,0,1.0,0,2,1,2,False
31,0,2,1,0,0,0,1,21,1,0,0,0,0,0,3,1,0,1,0,0,0.0,0,2,0,2,False
32,0,1,1,0,0,0,1,21,1,0,0,0,0,0,3,1,0,1,1,0,0.0,0,3,0,0,False
33,0,0,1,0,0,0,1,21,1,0,2,2,0,1,0,1,2,1,1,0,0.0,0,2,0,1,False
34,0,0,1,0,0,0,1,21,1,0,0,1,0,1,0,2,2,0,1,0,0.0,0,3,0,0,False
35,0,0,1,0,1,1,2,107,6,6,15,45,0,1,0,9,4,1,1,0,0.5,0,3,2,0,False
36,0,0,1,0,0,0,1,21,1,1,1,4,0,1,0,3,2,1,1,0,1.0,0,2,1,2,False
37,0,0,1,0,5,1,1,77,1,3,5,27,0,1,0,11,2,0,1,0,1.0,0,3,1,2,False
38,0,25,1,0,0,4,1,134,1,0,0,0,0,1,1,11,2,0,0,0,0.307692307692308,0,2,5,3,True
39,0,1,1,0,0,5,1,27,1,0,0,0,0,0,8,1,0,1,0,0,0.0,0,2,0,1,False
40,0,0,1,0,0,0,1,21,1,0,0,4,0,2,3,0,1,0,1,0,0.0,0,1,0,3,False
41,0,0,1,1,1,0,1,24,1,1,1,3,0,3,8,1,1,1,1,0,0.0,0,1,0,3,False
42,0,0,1,0,0,0,1,24,1,0,0,2,0,3,0,2,2,1,2,0,1.0,0,2,1,0,False
43,0,3,1,0,0,5,1,39,1,0,0,0,0,1,3,2,2,1,0,0,0.666666666666667,0,2,2,1,False
44,0,0,1,0,0,1,1,25,1,0,1,2,0,4,0,1,1,1,1,0,0.0,0,1,0,2,False
45,0,1,1,0,0,0,1,22,1,0,0,0,0,0,1,3,0,1,1,0,0.0,0,2,0,0,False
46,0,0,1,1,0,0,1,31,1,3,1,5,0,3,0,8,1,0,1,0,1.0,0,1,1,3,False
47,1,0,1,0,0,0,1,25,1,2,4,13,0,5,0,6,1,1,1,0,1.0,0,1,1,2,False
48,0,0,1,0,0,0,1,21,1,0,0,5,0,2,0,4,1,0,2,0,1.0,0,2,1,2,False
49,0,3,1,0,0,0,1,21,1,0,0,0,0,0,2,2,0,1,1,0,0.0,0,3,0,0,False
50,0,0,3,1,1,2,4,59,1,9,7,7,0,1,0,26,1,2,1,0,0.4,0,4,4,0,True
51,0,0,1,0,0,0,2,25,1,0,3,10,0,1,0,5,2,0,1,0,0.0,0,2,0,2,False
52,0,0,1,2,0,1,2,41,1,3,3,11,0,2,0,12,2,0,1,0,0.5,0,4,4,1,True
53,0,0,1,0,0,0,2,22,1,0,2,2,0,1,0,8,2,4,3,0,0.5,0,2,3,1,False
54,0,0,1,0,0,0,1,21,1,0,3,7,0,1,0,5,2,1,1,0,1.0,0,2,1,0,False
55,0,0,1,0,0,0,3,22,1,1,0,1,0,1,2,5,2,3,5,1,1.0,0,2,1,1,False
56,0,0,1,0,0,1,1,36,1,0,1,4,0,1,0,4,2,1,1,0,1.0,0,2,1,1,False
57,0,0,1,0,0,0,1,21,1,0,3,9,0,1,0,0,2,0,1,0,0.0,0,1,0,1,False
58,0,0,1,0,0,0,1,22,3,2,6,20,0,1,0,5,2,0,1,0,0.416666666666667,0,1,4,3,True
59,0,5,1,0,0,0,1,21,1,0,0,0,0,0,1,0,0,0,1,0,1.0,0,2,1,2,False
60,0,0,1,0,0,0,1,21,1,0,1,2,0,3,0,0,1,1,1,0,0.0,0,2,0,2,False
61,0,0,1,0,0,0,1,21,1,0,4,6,0,1,0,1,1,1,1,0,0.0,0,2,0,2,False
62,0,1,1,0,0,0,1,21,1,0,0,0,0,0,1,1,0,1,1,0,0.0,0,1,0,2,False
63,1,0,1,0,4,4,1,44,1,0,0,4,0,1,0,3,1,0,1,0,0.75,0,3,2,0,False
64,0,0,1,0,0,0,1,23,1,3,7,12,0,1,1,9,2,1,1,0,1.0,0,1,1,1,False
65,0,0,1,0,0,0,4,21,1,0,0,1,0,2,0,6,1,1,7,3,0.0,0,3,0,0,False
66,0,4,1,0,0,3,1,35,1,0,1,0,0,0,1,2,0,1,0,0,1.0,0,1,1,2,False
67,0,0,1,0,0,0,1,21,1,1,0,0,0,3,0,4,1,3,4,0,1.0,0,2,1,1,False
68,0,0,1,1,0,0,2,24,2,3,2,2,0,3,0,6,2,0,2,0,0.5,0,3,2,0,True
69,0,0,1,1,1,0,1,39,1,4,6,18,0,3,0,11,2,0,0,0,0.666666666666667,0,2,2,1,False
70,0,0,1,0,0,0,1,35,1,3,4,12,0,1,2,5,2,0,0,0,0.0,0,1,0,2,False
71,0,0,1,0,0,0,1,29,1,1,2,6,0,2,0,1,1,0,1,0,0.0,0,1,0,1,False
72,0,0,1,0,0,0,1,22,1,1,0,0,0,3,0,2,2,2,3,0,1.0,0,3,1,0,False
73,0,0,1,1,0,0,1,22,2,0,2,10,0,2,0,6,2,0,1,0,0.8,0,2,2,2,True
74,0,0,2,1,0,0,3,22,1,0,1,3,0,3,0,5,2,2,3,0,0.666666666666667,0,2,2,1,False
75,0,0,1,2,0,0,1,29,1,1,0,2,0,3,0,3,1,0,1,0,0.846153846153846,0,5,2,0,True
76,0,0,2,1,0,1,3,54,3,7,10,13,0,4,0,7,2,0,0,0,0.911764705882353,1,6,2,0,False
77,0,0,1,2,0,1,1,79,1,5,13,37,0,3,0,14,1,0,1,0,0.68,2,3,3,4,False
78,0,0,1,0,0,0,1,21,1,0,1,5,0,2,0,3,1,0,1,0,0.666666666666667,0,3,2,2,False
79,0,0,1,0,0,0,1,21,1,1,1,7,0,3,0,1,1,0,1,0,0.0,0,4,0,1,False
80,0,2,1,0,0,9,1,39,1,0,0,0,0,0,1,2,0,1,0,0,1.0,0,3,1,1,False
81,1,0,2,1,0,0,3,22,1,1,1,4,1,3,0,9,1,1,2,0,0.7,0,5,3,0,True
82,0,0,1,1,0,1,1,31,1,1,2,7,0,1,0,0,2,0,1,0,1.0,0,2,1,2,False
83,0,0,1,1,0,0,2,22,1,0,0,3,0,2,0,2,1,0,1,0,1.0,0,2,1,2,True
84,1,0,3,0,1,2,3,24,1,0,0,1,1,1,0,4,1,0,1,0,1.0,0,4,1,0,False
85,0,0,1,2,0,0,2,21,1,3,2,6,0,1,3,5,2,0,1,0,0.666666666666667,0,1,3,3,True
86,0,1,1,0,0,6,1,27,1,0,0,0,0,0,1,0,0,2,1,0,1.0,0,3,1,0,False
87,0,0,1,0,0,0,1,21,1,0,0,2,0,2,0,0,1,0,2,0,1.0,0,2,1,1,False
88,0,0,1,1,0,0,1,24,1,0,1,7,0,2,0,4,1,0,1,0,1.0,0,2,1,2,True
89,0,0,1,0,0,0,1,22,1,1,1,4,0,3,0,3,1,0,1,0,1.0,0,3,1,2,False
90,0,0,1,0,0,0,2,21,1,0,1,2,0,3,0,2,2,3,3,0,0.0,0,2,0,2,False
91,0,0,1,1,0,0,1,22,1,1,9,19,0,2,0,7,1,0,1,0,0.833333333333333,0,4,2,1,False
92,0,0,1,0,0,0,1,21,1,0,0,1,0,2,0,3,1,6,4,0,1.0,0,4,1,1,False
93,0,0,1,0,0,0,1,21,1,0,1,6,0,3,0,1,1,0,1,0,1.0,0,2,1,2,False
94,0,0,1,0,0,0,1,21,1,1,0,0,0,3,0,2,1,1,2,0,1.0,0,3,1,0,False
95,0,0,1,0,0,0,1,26,2,2,3,12,0,2,1,8,2,0,1,0,0.666666666666667,0,2,2,0,False
96,0,0,1,0,0,1,2,25,1,2,0,0,1,3,0,8,1,3,4,0,0.5,0,3,3,1,False
97,0,0,1,0,0,0,2,25,1,2,8,17,0,1,0,3,2,1,1,0,0.666666666666667,0,1,3,0,True
98,0,0,1,0,0,2,1,47,2,3,1,8,0,2,2,9,2,0,1,0,0.5,0,2,2,1,False
99,0,0,1,0,0,0,2,21,1,1,0,0,0,3,0,4,1,4,4,1,1.0,0,2,1,2,False
100,1,0,1,1,6,2,2,173,9,7,18,58,0,2,2,12,2,0,0,0,0.384615384615385,0,3,5,3,True
101,0,0,1,0,0,0,1,21,1,1,0,0,0,3,0,3,1,2,6,0,0.5,0,3,2,0,False
102,0,0,1,0,0,0,1,21,1,0,1,3,0,3,0,3,2,2,2,0,0.0,0,1,0,1,False
103,0,0,1,0,0,0,1,20,1,2,1,4,0,3,0,2,1,0,0,0,1.0,0,2,1,1,False
104,0,0,1,1,0,0,1,23,1,0,0,1,0,4,0,0,1,1,2,0,1.0,0,3,1,1,False
105,0,0,1,0,0,0,1,22,1,1,0,1,0,3,2,3,1,2,2,0,1.0,0,2,1,2,False
106,0,0,1,1,0,0,2,21,2,2,3,4,0,2,0,6,3,0,0,0,0.5,0,2,3,2,True
107,0,0,1,0,0,0,1,23,1,0,1,8,0,2,0,8,2,0,1,0,0.333333333333333,0,2,3,1,False
108,0,0,1,0,0,0,2,22,1,2,1,1,0,3,0,2,1,1,3,0,1.0,0,3,1,0,False
109,0,0,1,1,0,0,2,21,2,4,2,2,0,3,0,4,2,0,1,0,0.8,0,3,2,1,False
110,0,0,1,0,0,0,1,21,1,0,7,20,0,2,0,6,1,0,1,0,1.0,0,2,1,1,False
111,0,0,1,2,0,0,2,24,1,4,0,0,0,4,0,2,1,1,2,0,0.0,0,3,0,0,False
112,0,0,0,0,0,0,0,21,1,0,0,0,0,1,4,0,2,0,0,0,1.0,0,1,1,1,False
113,0,0,0,0,0,0,0,24,1,0,0,0,0,0,0,0,0,0,0,0,0.5,0,2,2,0,False
114,0,0,1,0,0,0,1,22,3,0,0,4,0,1,0,4,2,0,1,0,1.0,0,2,1,1,False
115,1,0,1,0,9,1,1,34,1,0,0,9,0,1,0,1,1,0,1,0,1.0,0,3,1,1,False
116,0,1,1,0,0,0,1,23,1,0,0,0,0,0,0,0,0,0,1,0,0.5,0,2,2,0,False
117,1,0,1,1,25,0,1,26,1,1,0,24,0,1,0,2,1,0,1,0,0.5,0,3,4,0,True
118,0,0,1,0,0,0,1,22,1,0,1,6,0,2,0,0,1,0,1,0,1.0,0,2,1,1,False
119,1,0,1,0,3,0,2,30,1,2,0,1,0,1,0,1,1,0,1,0,0.0,0,2,0,1,False
120,0,0,1,0,0,0,1,23,1,0,2,17,0,1,0,1,1,1,1,0,0.0,0,1,0,1,False
121,0,0,1,0,0,0,1,21,1,0,0,2,0,1,0,1,1,1,2,0,0.0,0,1,0,0,False
122,0,0,1,0,0,0,1,22,1,0,2,13,0,2,1,0,2,0,1,0,1.0,0,2,1,2,False
123,0,0,1,3,0,2,2,155,1,0,3,48,0,1,0,6,1,1,1,0,1.0,0,2,1,2,False
124,1,0,1,1,11,0,1,25,1,0,0,11,0,1,0,2,1,0,1,0,0.666666666666667,0,3,2,2,True
125,1,0,2,0,14,2,2,62,1,0,0,14,0,1,0,2,1,0,1,0,1.0,0,3,1,2,False
126,0,0,0,0,0,0,0,23,1,0,0,0,0,0,2,0,0,0,0,0,0.666666666666667,0,2,2,0,True
127,0,0,1,1,0,0,1,21,3,0,1,4,0,3,0,6,2,2,1,0,0.6,0,1,2,1,True
128,0,13,1,0,0,4,1,82,1,0,0,0,0,1,11,7,2,0,0,0,0.444444444444444,0,4,4,2,True
129,0,2,1,0,0,0,1,28,1,0,0,0,0,0,0,0,0,1,1,0,0.5,0,3,2,1,False
130,0,26,1,0,0,5,1,167,1,0,0,0,0,1,106,4,1,0,0,0,0.333333333333333,0,3,4,2,True
131,0,0,1,1,1,3,2,46,1,0,8,7,0,1,0,1,1,0,1,0,0.666666666666667,0,3,2,0,False
132,0,0,1,3,6,0,1,49,1,0,3,14,0,1,0,2,1,2,1,0,0.0,0,1,0,1,True
133,0,0,1,0,0,1,1,24,1,0,1,2,0,4,0,1,1,1,1,0,0.0,0,1,0,1,False
134,0,0,1,0,0,0,1,21,1,0,2,3,0,3,0,2,1,1,1,0,0.0,0,2,0,1,False
135,0,1,1,0,0,6,1,33,1,0,0,0,0,1,36,0,2,42,1,0,1.0,0,1,1,2,False
136,0,0,1,0,0,0,1,21,1,0,1,2,0,3,0,1,1,1,1,0,0.0,0,3,0,0,False
137,0,1,1,0,0,0,1,22,1,0,0,0,0,0,0,0,0,6,1,0,0.5,0,2,2,1,False
138,0,0,0,0,0,0,0,22,1,0,0,0,0,0,0,0,0,0,0,0,0.5,0,1,2,1,False
139,0,0,1,0,0,0,1,21,1,4,2,3,0,1,0,2,2,1,1,0,0.5,0,2,2,1,False
140,0,0,2,2,0,2,4,37,1,5,2,2,0,1,1,9,2,1,1,0,0.444444444444444,0,3,3,1,True
141,0,0,8,0,0,0,12,23,1,0,0,1,0,1,0,0,2,2,13,0,0.5,0,2,2,2,False
142,1,0,2,0,1,0,3,25,2,0,0,3,0,3,0,3,2,3,2,0,0.5,0,2,2,1,False
143,0,0,1,0,0,0,1,21,1,1,3,2,0,1,0,2,1,3,3,0,1.0,0,2,1,1,False
144,0,0,2,1,0,0,3,40,2,4,7,13,0,1,0,14,3,1,1,0,0.5,0,2,3,1,False
145,0,0,1,0,0,0,3,23,1,0,0,1,0,1,0,2,2,3,6,0,0.5,0,2,2,1,False
146,0,0,1,0,0,0,1,22,1,0,2,3,0,1,0,3,2,1,1,0,0.5,0,2,2,2,False
147,0,0,7,0,0,3,7,25,1,0,0,1,3,1,0,1,2,2,9,0,0.5,0,2,2,2,False
148,0,0,1,0,0,0,1,21,1,0,1,3,0,1,0,1,2,1,1,0,0.5,0,2,2,0,False
149,0,0,3,0,0,0,3,22,1,0,0,1,0,1,0,0,2,2,3,0,0.5,0,1,2,1,False
150,0,1,1,0,0,6,1,27,1,0,0,0,0,0,1,1,0,1,0,0,1.0,0,2,1,1,False
151,0,2,1,0,0,3,1,28,1,0,0,0,0,0,2,2,0,1,0,0,1.0,0,2,1,1,False
152,0,0,1,3,0,1,2,107,1,13,17,48,0,2,1,36,3,1,1,0,0.4,0,3,6,2,True
153,0,0,1,1,0,3,2,102,2,7,4,17,0,2,39,10,2,0,0,0,0.583333333333333,0,3,4,2,True
154,0,0,7,2,0,1,10,25,1,0,0,1,0,1,0,6,2,6,11,0,0.5,0,3,2,0,False
155,0,0,1,0,0,1,1,31,1,3,4,7,0,2,17,7,2,1,1,0,1.0,0,2,1,1,False
156,0,0,1,0,0,0,1,31,1,7,5,20,0,1,21,10,3,0,0,0,0.4,0,2,5,3,True
157,4,0,1,1,3,0,2,38,1,4,9,33,0,1,15,10,2,0,1,0,0.5,0,3,4,2,True
158,0,0,1,0,0,1,1,22,1,0,0,1,0,1,0,1,2,0,1,0,0.0,0,2,0,1,False
159,0,0,1,1,1,0,1,21,1,0,0,2,0,1,0,1,2,1,1,0,1.0,0,2,1,0,False
160,0,0,3,2,0,1,5,24,1,1,0,1,0,1,0,6,2,4,7,2,1.0,0,2,1,2,False
161,0,0,1,0,0,1,1,24,1,0,0,5,0,1,0,4,2,0,0,0,0.5,0,3,3,0,True
162,0,0,1,0,0,1,1,51,1,5,2,15,0,2,13,3,1,0,0,0,0.5,0,2,2,2,True
163,0,0,1,0,0,0,1,21,1,4,0,1,0,3,5,5,2,0,1,0,1.0,0,2,1,0,False
164,0,0,1,0,0,0,1,21,1,2,1,6,0,2,29,2,2,1,0,0,1.0,0,1,1,2,False
165,0,0,1,0,0,0,1,51,4,8,5,42,0,2,1,11,2,1,1,0,0.444444444444444,0,1,4,0,True
166,0,0,1,0,0,0,1,39,1,0,10,21,0,1,0,19,2,1,1,0,0.666666666666667,0,3,2,3,True
167,0,0,1,0,0,0,2,24,1,3,1,2,0,4,0,6,2,0,2,0,1.0,0,1,1,1,False
168,0,0,1,1,0,0,2,49,1,0,4,7,0,1,0,3,2,0,0,0,0.666666666666667,0,3,2,0,False
169,0,0,1,0,0,0,1,21,1,0,1,6,0,1,1,4,2,1,1,0,1.0,0,2,1,1,False
170,0,0,1,0,0,0,1,26,1,1,1,4,0,2,0,4,2,1,1,0,1.0,0,2,1,1,False
171,0,0,1,1,0,0,1,24,1,3,3,8,0,3,0,5,2,0,1,0,0.8,0,3,2,0,False
172,0,0,1,0,0,0,1,21,1,1,0,2,0,1,7,1,3,1,1,0,1.0,0,2,1,1,False
173,0,0,1,0,0,0,1,21,1,1,1,8,0,1,0,1,2,0,1,0,0.0,0,2,0,1,False
174,0,0,1,0,0,0,1,22,1,0,1,3,0,1,0,2,2,2,2,0,1.0,0,1,1,3,False
175,0,0,1,1,0,1,2,43,1,3,3,11,0,1,1,4,2,1,1,0,1.0,0,3,1,1,False
176,0,0,1,0,0,0,1,21,1,0,0,1,0,1,0,1,2,1,1,0,0.0,0,1,0,1,False
177,0,0,1,0,0,0,1,26,1,1,2,5,0,2,6,3,2,1,1,0,1.0,0,2,1,1,False
178,0,0,1,0,0,0,2,21,1,1,0,1,0,1,0,0,2,1,2,0,1.0,0,2,1,1,False
179,0,0,1,0,0,0,1,23,3,5,1,9,0,4,2,7,2,0,1,0,1.0,0,2,1,1,False
180,0,0,1,0,0,0,1,23,1,2,1,4,0,3,0,5,1,0,1,0,0.0,0,1,0,1,False
181,0,0,1,1,2,3,2,55,1,4,1,7,0,2,0,11,2,0,0,0,0.6,0,2,3,3,True
182,1,0,1,2,1,0,1,26,3,1,6,11,0,2,0,3,2,1,1,0,0.5,0,3,2,1,False
183,0,0,1,0,0,0,1,21,1,0,1,3,0,1,0,2,2,0,1,0,0.5,0,3,2,1,False
184,0,0,1,1,0,0,1,34,1,3,6,11,0,3,7,3,2,1,0,0,0.555555555555556,0,2,3,1,False
185,0,0,1,0,0,0,1,22,1,5,1,3,0,2,6,4,2,0,1,0,0.5,0,2,3,1,False
186,0,0,1,0,0,0,1,22,1,0,0,2,0,1,0,2,2,1,3,0,1.0,0,1,1,2,True
187,0,0,1,1,1,1,1,43,1,7,5,6,0,1,31,1,2,1,0,0,0.333333333333333,0,3,3,1,False
188,0,0,1,0,0,0,2,22,1,0,1,3,1,1,0,3,2,1,2,0,0.0,0,2,0,1,False
189,0,2,1,0,0,0,1,21,1,0,0,0,0,0,1,1,0,0,0,0,0.0,0,2,0,0,False
190,0,0,1,1,1,0,1,23,1,1,1,3,0,3,0,0,1,1,1,0,1.0,0,2,1,1,False
191,0,0,1,0,0,1,1,24,1,0,1,3,0,4,0,3,1,1,1,0,0.0,0,1,0,3,False
192,0,0,1,0,0,1,1,24,1,0,1,2,0,4,0,3,1,1,1,0,0.0,0,2,0,1,True
193,0,0,1,0,0,2,1,27,1,0,2,3,0,4,0,2,1,1,1,0,0.0,0,2,0,2,False
194,0,1,1,0,0,0,1,22,1,0,0,0,0,0,0,0,0,0,1,0,0.5,0,2,2,0,False
195,0,0,1,0,0,0,2,23,1,1,2,3,0,2,0,6,2,2,1,0,0.5,0,2,2,0,True
196,0,0,1,0,0,0,2,28,1,0,0,2,0,1,0,5,2,1,3,0,0.75,0,1,2,1,False
197,0,0,1,0,0,0,1,21,1,0,3,4,0,4,0,1,1,1,1,0,0.0,0,2,0,1,False
198,0,0,1,0,0,0,1,21,1,0,2,3,0,3,0,2,1,1,1,0,1.0,0,2,1,2,False
199,0,0,1,0,0,0,1,21,1,0,2,3,0,3,0,1,1,1,1,0,1.0,0,1,1,2,False
200,0,2,1,0,0,0,1,21,1,0,0,0,0,0,0,1,0,1,1,0,0.5,0,3,2,0,False
201,0,2,1,0,0,0,1,21,1,0,0,0,0,0,0,0,0,0,1,0,0.5,0,3,2,0,False
202,0,2,1,0,0,0,1,21,1,0,0,0,0,0,0,0,0,3,1,0,0.5,0,2,2,0,False
203,0,1,1,0,0,0,1,22,1,0,0,0,0,0,0,0,0,0,1,0,0.5,0,2,2,0,False
204,0,0,2,0,1,0,3,35,1,4,0,3,0,1,0,6,2,1,2,0,0.8,0,1,2,4,False
205,0,2,1,0,0,1,1,24,1,0,0,0,0,0,0,1,0,0,1,0,0.5,0,2,2,0,False
206,0,0,1,13,0,2,2,52,1,4,2,11,0,1,0,10,1,0,1,0,0.8,0,4,2,0,True
207,0,0,1,0,0,0,1,16,1,0,1,3,0,1,1,0,1,1,1,0,0.0,0,2,0,0,False
208,1,0,1,6,0,1,3,40,2,6,11,14,1,2,0,1,2,1,1,0,1.0,0,3,1,1,False
209,0,0,1,0,0,0,2,20,1,0,1,2,1,1,0,4,2,2,2,0,0.0,0,2,0,1,False
210,0,0,1,0,0,0,2,26,1,0,1,2,1,1,0,5,2,2,2,0,0.0,0,2,0,0,False
211,0,0,1,1,0,2,3,54,1,0,4,11,2,1,0,20,2,1,1,0,0.4,0,3,3,0,True
212,0,0,1,1,0,0,2,24,2,1,1,6,0,3,0,4,2,1,1,0,0.666666666666667,0,3,2,0,True
213,1,0,1,8,0,1,1,30,1,0,0,0,0,1,0,0,1,0,1,0,0.0,0,1,0,0,False
214,0,0,1,0,0,0,1,16,1,0,1,3,0,1,0,1,1,1,1,0,1.0,0,2,1,0,False
215,0,1,1,1,0,0,1,16,1,0,2,5,0,3,0,2,1,0,0,0,1.0,0,2,1,0,False
216,0,0,1,0,0,0,1,16,1,0,1,5,0,1,0,2,1,1,1,0,0.0,0,2,0,1,False
217,1,0,1,0,3,0,1,28,1,0,0,3,0,1,0,0,1,0,1,0,1.0,0,1,1,1,False
218,0,0,1,0,0,0,1,24,1,0,8,13,0,2,1,0,1,1,1,0,1.0,0,4,1,0,False
219,0,22,1,0,0,5,1,134,1,0,0,0,0,1,1,1,1,0,0,0,0.0,0,5,0,0,False
220,0,2,1,0,0,0,1,26,1,0,0,0,0,0,0,0,0,1,1,0,0.5,0,2,2,1,False
221,1,0,1,0,0,0,1,31,2,2,6,25,0,4,0,15,2,0,0,0,0.388888888888889,0,2,4,3,True
222,0,0,1,0,0,0,2,21,1,0,4,14,0,4,0,6,1,0,1,0,0.5,0,1,2,3,False
223,0,1,1,0,0,0,1,21,1,0,0,0,0,0,5,1,0,1,0,0,0.0,0,3,0,0,False
224,0,0,1,0,0,0,1,21,1,1,3,13,0,3,0,4,1,0,1,0,1.0,0,2,1,3,False
225,0,0,1,1,0,0,2,25,1,0,2,12,0,3,0,11,1,0,1,0,0.8,0,3,2,3,True
226,0,0,1,0,0,0,1,21,1,0,2,7,0,1,0,3,1,0,1,0,1.0,0,1,1,2,False
227,0,0,1,0,1,3,1,71,1,0,2,7,0,1,0,0,1,1,1,0,0.0,0,1,0,0,False
228,0,0,0,0,0,0,0,20,0,0,0,0,0,0,0,0,0,0,0,0,0.0,0,2,0,0,False
229,0,0,1,0,1,3,1,76,1,0,3,10,0,1,0,2,1,1,1,0,0.5,0,1,2,1,False
230,0,0,1,0,0,0,1,19,1,1,2,11,0,3,0,4,1,0,1,0,0.8,0,2,2,1,True
231,0,0,0,0,0,0,0,19,1,0,8,2,0,1,0,1,1,0,1,0,0.0,0,2,0,0,False
232,0,0,1,1,0,0,1,26,1,1,4,12,0,3,0,2,1,1,1,0,0.0,0,1,0,1,False
233,0,0,1,0,0,0,1,21,1,0,0,1,0,3,0,0,1,1,2,0,1.0,0,2,1,0,False
234,0,0,1,0,1,0,2,30,1,4,2,6,0,2,7,4,2,0,0,0,1.0,0,2,1,1,True
235,0,0,1,0,0,0,1,21,1,1,2,6,0,3,0,1,1,1,1,0,0.5,0,1,2,2,True
236,0,0,0,0,0,0,0,22,0,0,0,0,0,0,0,0,0,0,0,0,0.0,0,2,0,0,False
237,0,0,1,0,0,0,1,21,1,1,0,0,0,3,0,2,1,0,1,0,1.0,0,2,1,1,False
238,0,0,1,0,0,0,1,21,1,1,1,2,0,3,0,2,1,1,1,0,0.0,0,3,0,0,False
239,0,0,1,0,0,0,1,21,1,0,1,3,0,3,0,0,1,1,1,0,0.0,0,1,0,1,False
240,0,0,1,0,0,0,1,21,1,0,1,9,0,4,0,5,1,0,1,0,0.444444444444444,0,3,4,2,True
241,0,0,1,0,0,0,1,21,1,0,2,4,0,1,0,0,1,1,1,0,0.0,0,2,0,0,False
242,0,0,1,0,0,0,1,39,1,2,5,23,0,3,0,7,1,0,1,0,0.461538461538462,1,1,4,3,True
243,0,0,1,0,0,0,1,21,1,2,2,10,0,3,11,6,1,0,1,0,1.0,0,3,1,2,False
244,0,0,1,0,0,0,1,21,1,0,0,6,0,4,0,4,2,0,1,0,0.5,0,2,2,2,False
245,0,0,1,0,0,0,1,21,1,0,0,4,0,4,0,2,2,0,1,0,0.0,0,3,0,1,False
246,0,0,1,0,1,0,1,39,1,1,3,14,0,2,0,3,1,0,1,0,0.5,0,3,2,2,False
247,0,0,1,0,0,0,1,21,1,0,0,3,0,6,0,1,1,0,1,0,0.0,0,3,0,1,False
248,0,0,1,0,0,0,1,21,1,0,2,10,0,4,0,6,1,0,1,0,0.6,0,2,2,2,False
249,0,0,1,0,0,3,1,38,1,0,1,2,0,1,9,0,1,1,1,0,0.0,0,1,0,3,False
250,0,0,1,0,0,0,1,26,1,0,2,11,0,5,1,3,1,0,1,0,1.0,0,2,1,2,False
251,0,0,1,0,0,0,1,21,1,0,0,1,0,4,1,2,2,1,1,0,1.0,0,3,1,1,False
252,1,0,1,0,0,2,2,39,1,0,3,7,1,4,0,9,1,0,1,0,0.5,0,4,2,2,True
253,0,0,1,0,0,0,1,21,1,0,0,3,0,2,0,0,1,0,1,0,1.0,0,1,1,2,False
254,0,0,1,0,1,0,2,43,1,5,5,19,0,1,15,8,3,0,0,0,0.6,0,2,2,2,False
255,0,0,1,0,0,0,1,21,1,0,0,3,0,2,0,0,1,0,1,0,1.0,0,1,1,2,False
256,0,0,1,0,0,0,1,21,1,0,0,3,0,2,0,0,1,0,1,0,0.0,0,1,0,2,False
257,0,0,1,0,0,0,1,21,1,0,0,3,0,2,0,0,1,0,1,0,1.0,0,1,1,2,False
258,0,0,1,0,0,0,1,21,1,0,0,3,0,2,0,0,1,0,1,0,1.0,0,1,1,0,False
259,0,0,1,0,0,0,1,22,1,0,1,4,0,2,0,0,1,0,1,0,1.0,0,1,1,2,False
260,0,0,1,0,0,0,1,22,1,1,2,8,0,2,0,3,1,0,1,0,0.5,0,1,3,3,False
261,0,0,1,0,0,0,1,27,1,3,1,4,0,2,2,1,2,0,1,0,0.0,0,2,0,1,False
262,0,0,0,0,0,0,0,23,0,0,0,0,0,0,0,0,0,0,0,0,0.0,0,2,0,0,False
263,0,0,1,0,0,0,1,22,1,0,0,3,0,2,0,0,1,0,1,0,1.0,0,1,1,2,False
264,0,0,1,0,0,0,1,21,1,2,1,5,0,3,0,1,1,0,1,0,1.0,0,1,1,3,False
265,1,0,1,1,0,0,1,21,1,2,2,7,0,3,0,1,1,0,1,0,1.0,0,3,1,2,False
266,0,0,1,0,1,0,2,28,1,4,2,8,0,2,4,4,2,0,0,0,0.5,0,2,2,1,False
267,0,0,0,0,0,0,0,20,0,0,0,0,0,0,0,0,0,0,0,0,0.0,0,2,0,0,False
268,0,0,1,0,0,0,1,19,1,1,0,0,0,3,0,2,1,0,1,0,0.0,0,3,0,0,False
269,0,0,1,0,0,0,1,19,1,1,0,0,0,3,0,2,1,0,1,0,0.0,0,3,0,0,False
270,0,0,1,0,0,0,1,19,1,1,2,8,0,3,0,1,1,1,1,0,1.0,0,2,1,1,False
271,0,0,1,0,0,0,1,19,1,1,0,0,0,3,0,2,1,0,1,0,1.0,0,3,1,0,False
272,0,0,1,0,0,0,1,24,1,1,2,14,0,4,0,16,1,0,1,0,0.428571428571429,0,2,3,2,False
273,0,0,1,0,0,0,1,23,1,0,2,10,0,4,0,12,1,0,1,0,0.5,0,1,3,2,True
274,0,0,1,0,0,0,1,22,1,2,3,9,0,4,0,6,1,0,1,0,0.857142857142857,0,2,2,4,True
275,0,0,1,0,0,0,1,22,1,0,0,2,0,1,0,2,1,0,2,0,1.0,0,2,1,0,False
276,0,0,1,1,1,2,1,48,1,2,2,9,0,2,4,1,1,1,1,0,1.0,0,2,1,0,False
277,0,0,1,0,0,0,1,21,1,0,0,4,0,4,0,2,2,0,1,0,1.0,0,3,1,2,False
278,0,0,1,1,0,3,2,31,1,1,1,2,0,3,14,0,1,2,1,0,0.5,0,3,2,1,True
279,0,0,0,0,0,0,0,22,0,0,0,0,0,0,0,0,0,0,0,0,0.0,0,2,0,0,False
280,0,0,1,0,0,0,1,22,1,0,0,2,0,4,0,2,1,0,1,0,0.0,0,1,0,0,False
281,0,0,1,0,0,0,2,21,1,2,2,8,0,4,0,3,1,0,1,0,1.0,0,2,1,2,False
282,0,0,1,0,0,0,1,23,1,0,0,2,0,4,0,2,1,0,1,0,1.0,0,3,1,0,True
283,0,0,1,0,0,0,2,21,1,0,2,8,0,4,0,2,1,0,1,0,0.666666666666667,0,2,2,2,False
284,0,0,1,2,1,4,1,692,2,10,7,130,0,3,17,64,2,0,1,0,0.4375,1,4,5,3,True
285,0,0,1,0,0,0,1,21,1,0,0,6,0,4,0,5,1,0,1,0,0.75,0,3,2,1,False
286,0,0,1,0,0,0,1,26,1,0,6,21,0,1,0,1,1,1,1,0,0.375,0,1,4,2,False
287,2,0,1,0,0,1,1,51,2,2,5,21,0,3,0,11,2,0,1,0,0.4,0,2,5,3,True
288,0,0,1,0,0,0,1,21,1,0,1,6,0,2,0,4,1,0,1,0,1.0,0,1,1,3,False
289,0,2,1,0,0,3,1,27,1,0,0,0,0,0,2,0,0,0,0,0,1.0,0,3,1,1,False
290,0,0,1,0,0,0,1,40,1,1,8,24,0,2,0,13,2,1,1,0,0.75,0,1,2,3,False
291,0,0,1,1,0,1,1,62,1,2,6,24,0,3,0,12,2,1,1,0,0.5,0,2,3,4,False
292,0,0,1,2,0,0,1,19,1,0,2,11,0,3,0,3,1,0,1,0,0.666666666666667,0,2,2,1,False
293,0,0,1,0,0,0,1,21,1,0,2,4,0,1,0,1,1,1,1,0,1.0,0,2,1,1,False
294,0,0,1,0,0,0,1,19,1,0,0,5,0,4,0,5,1,0,1,0,0.5,0,2,2,0,False
295,0,0,1,0,0,0,1,19,1,0,2,11,0,4,0,6,1,0,1,0,0.8,0,2,2,1,False
296,0,0,1,0,0,0,1,21,1,0,3,12,0,4,0,7,1,0,1,0,0.363636363636364,0,3,5,2,False
297,0,0,1,0,0,0,1,32,1,0,11,29,0,3,0,4,1,0,1,0,0.666666666666667,0,3,2,1,True
298,0,0,1,0,0,0,1,28,1,0,3,13,0,3,0,3,1,0,1,0,0.75,0,2,2,2,False
299,0,0,1,0,0,0,1,20,1,0,3,8,0,3,0,4,1,0,1,0,0.5,0,2,2,1,False
300,0,0,1,0,0,0,1,37,1,0,3,16,0,3,0,6,1,0,1,0,0.714285714285714,0,2,3,2,False
301,0,0,1,0,0,0,1,19,1,0,0,5,0,4,0,5,1,0,1,0,0.5,0,3,2,0,False
302,0,0,1,0,0,0,2,33,1,1,4,12,0,4,0,6,1,0,1,0,0.5,0,2,3,5,False
303,0,0,1,0,0,0,1,23,1,0,2,10,0,4,0,12,1,0,1,0,0.5,0,1,3,2,True
304,0,0,1,0,0,0,1,21,1,0,0,6,0,4,0,4,1,0,1,0,0.5,0,3,2,2,False
305,0,0,1,1,0,0,1,21,1,0,1,2,0,3,0,0,1,1,1,0,0.0,0,1,0,0,False
306,0,0,1,1,0,0,1,23,1,0,1,2,0,3,0,0,1,3,1,0,0.5,0,3,2,0,True
307,0,1,1,1,2,0,1,24,1,1,2,3,0,4,0,1,1,1,1,0,0.0,0,1,0,0,False
308,0,0,1,1,0,0,1,24,1,0,1,2,0,3,0,0,1,1,1,0,0.0,0,2,0,0,False
309,0,1,1,1,2,0,1,24,1,1,2,3,0,4,0,1,1,1,1,0,0.0,0,2,0,0,False
310,0,0,1,0,0,2,2,31,1,0,2,4,0,3,0,0,1,1,1,0,0.5,0,2,2,2,False
311,0,3,1,0,0,7,1,46,1,0,0,0,0,2,1,0,2,0,1,0,0.666666666666667,0,2,2,1,False
312,0,2,1,0,0,8,1,43,1,0,0,0,0,1,11,0,1,4,0,0,1.0,0,2,1,0,False
313,0,1,1,0,0,5,1,31,1,0,0,0,0,0,212,1,0,94,0,0,0.0,0,3,0,0,False
314,0,0,1,1,0,0,1,28,1,2,3,5,0,2,1,3,1,1,0,0,0.428571428571429,0,3,4,1,False
315,0,1,1,0,0,8,1,33,1,0,0,0,0,0,10,1,0,2,1,0,0.0,0,2,0,1,False
316,0,0,1,0,0,0,1,24,1,1,2,4,0,3,0,4,1,1,2,0,0.333333333333333,0,1,3,1,False
317,0,0,1,0,0,0,1,23,1,0,0,1,0,1,1,1,2,2,1,0,1.0,0,1,1,3,False
318,0,0,1,0,0,0,1,33,1,1,1,4,0,3,0,6,1,0,2,0,0.5,0,3,3,1,False
319,0,0,1,3,0,0,1,38,1,6,7,12,0,2,2,6,3,0,0,0,0.75,0,2,2,2,False
320,0,0,2,0,0,0,2,21,1,0,1,4,0,3,0,0,1,1,1,0,0.0,0,2,0,2,False
321,0,0,1,0,0,0,2,25,1,2,2,5,0,2,0,5,2,2,1,0,1.0,0,2,1,1,True
322,0,0,1,0,0,0,2,22,1,2,1,4,0,2,0,2,2,1,1,0,0.0,0,2,0,0,False
323,0,0,1,1,0,0,2,21,1,0,1,2,0,1,0,3,2,3,2,0,0.5,0,2,2,0,True
324,0,0,1,5,4,1,2,56,4,3,10,18,0,3,0,12,2,1,1,0,0.444444444444444,0,4,4,0,True
325,0,0,1,0,0,2,2,44,1,2,2,4,0,4,0,3,1,1,1,0,0.5,0,2,2,1,False
326,0,0,1,1,0,1,2,38,1,6,2,4,0,3,2,3,1,1,0,0,1.0,0,2,1,2,False
327,0,0,1,0,0,0,1,20,1,2,1,7,0,2,1,4,2,0,1,0,1.0,0,1,1,0,False
328,0,0,1,0,0,0,1,25,1,3,1,7,0,2,25,2,2,1,1,0,0.0,0,2,0,1,False
329,0,0,0,0,0,0,0,21,1,0,0,0,0,1,1,0,1,0,0,0,0.0,0,1,0,1,False
330,0,0,1,0,1,3,2,38,1,2,2,3,0,2,3,4,2,1,1,0,1.0,0,3,1,0,False
331,1,0,3,1,1,4,5,36,1,0,0,1,4,1,0,2,2,2,4,1,1.0,0,2,1,0,False
332,0,1,1,0,0,8,1,30,1,0,0,0,0,0,2,2,0,1,1,0,1.0,0,1,1,1,False
333,0,0,1,0,0,0,1,22,1,0,1,4,0,3,0,2,1,1,1,0,1.0,0,2,1,1,False
334,0,0,1,0,0,0,4,16,1,0,0,1,0,3,0,3,1,1,6,3,0.5,0,2,3,0,True
335,0,0,1,1,0,0,1,34,1,3,3,6,0,2,0,6,2,1,1,0,0.5,0,2,2,1,False
336,0,0,1,0,3,3,1,39,1,0,1,5,0,1,0,1,2,0,2,0,1.0,0,3,1,1,False
337,0,1,1,0,0,7,1,29,1,0,0,0,0,0,2,0,0,1,1,0,1.0,0,1,1,2,False
338,0,0,1,0,0,2,1,28,1,0,2,3,0,3,0,2,1,1,1,0,0.0,0,1,0,2,False
339,0,0,1,0,0,0,1,22,1,2,1,5,0,3,1,2,2,1,1,0,0.0,0,1,0,2,False
340,0,0,1,0,0,1,1,20,1,0,0,1,1,1,0,1,1,1,0,0,0.0,0,2,0,0,False
341,0,0,2,1,1,2,2,35,1,2,4,5,0,1,0,11,2,1,1,0,0.666666666666667,0,2,2,1,False
342,1,0,1,0,0,0,1,34,1,5,6,11,0,3,0,6,1,1,1,0,1.0,0,2,1,0,False
343,0,0,1,0,0,0,1,21,1,0,3,4,0,1,0,2,1,1,1,0,0.0,0,1,0,1,False
344,0,1,1,0,0,3,1,25,1,0,0,0,0,0,3,1,0,1,1,0,1.0,0,2,1,0,False
345,0,0,1,0,1,1,2,24,2,0,0,5,0,4,0,4,2,0,1,0,0.75,0,2,2,1,False
346,0,0,1,0,0,0,2,21,1,4,7,15,0,1,0,6,1,1,1,0,0.461538461538462,0,2,4,1,True
347,0,0,1,0,0,0,1,28,1,3,5,16,0,3,0,6,2,0,1,0,0.714285714285714,0,1,3,0,False
348,0,0,1,0,0,0,1,23,1,0,1,3,0,1,0,5,2,1,1,0,0.647058823529412,0,2,4,0,False
349,0,3,1,0,0,5,1,36,1,0,0,0,0,1,2,0,1,2,0,0,1.0,0,2,1,1,False
350,0,0,1,0,0,0,1,22,1,2,1,1,0,3,0,3,1,1,2,0,1.0,0,1,1,1,False
351,0,0,1,0,0,0,1,21,1,2,1,3,0,2,2,1,2,1,1,0,0.0,0,2,0,1,False
352,0,0,1,0,0,0,2,22,1,1,0,1,0,3,3,1,1,1,1,0,1.0,0,2,1,1,False
353,0,0,3,0,0,0,3,21,1,1,0,0,0,4,0,1,1,1,5,2,0.0,0,2,0,1,False
354,0,0,1,0,0,0,2,21,1,1,1,0,0,4,0,1,1,2,4,1,0.0,0,2,0,1,False
355,0,0,1,0,0,0,2,35,1,2,4,8,0,4,0,3,1,0,1,0,1.0,0,2,1,2,False
356,0,0,1,0,0,5,2,32,1,1,0,1,0,3,0,1,1,2,2,0,1.0,0,3,1,1,False
357,0,0,1,0,0,0,3,22,1,1,3,16,0,1,1,4,2,1,1,0,0.6,0,2,3,2,False
358,0,0,1,0,0,0,2,28,1,4,3,9,0,3,0,3,1,1,1,0,0.333333333333333,0,2,3,0,True
359,0,0,0,0,0,0,0,21,1,0,6,2,0,1,0,1,1,0,1,0,0.5,0,1,2,2,False
360,0,0,1,0,0,1,1,24,1,0,1,2,1,1,0,3,2,2,2,0,0.0,0,2,0,0,False
361,0,0,1,0,1,0,2,33,5,4,10,15,0,2,2,8,2,0,0,0,0.454545454545455,0,4,4,1,True
362,1,0,2,1,1,2,3,38,2,1,0,6,2,3,0,6,2,0,1,0,1.0,0,2,1,3,True
363,0,0,1,0,0,0,1,21,1,0,1,3,0,1,0,3,2,1,1,0,0.0,0,2,0,0,False
364,0,0,1,0,0,0,1,24,1,3,2,3,0,2,0,10,2,0,0,0,0.571428571428571,0,3,3,1,True
365,0,0,1,2,1,2,1,108,1,1,7,29,0,1,0,0,3,1,1,0,0.5,0,2,3,2,True
366,0,0,1,0,3,0,1,24,1,3,0,4,0,3,0,5,1,0,1,0,0.5,0,2,2,1,False
367,1,0,1,0,0,0,1,30,1,0,1,6,0,1,0,2,2,1,1,0,1.0,0,1,1,0,False
368,0,0,1,0,0,5,1,65,1,0,2,6,0,1,0,1,2,1,1,0,1.0,0,1,1,0,False
369,0,0,1,0,0,3,1,43,1,0,1,4,0,1,0,1,2,2,2,0,1.0,0,1,1,0,False
370,0,1,1,0,0,5,1,29,1,0,0,0,0,3,1,0,2,1,0,0,1.0,0,1,1,0,False
371,5,2,1,1,1,6,2,176,1,0,6,10,0,1,0,5,2,1,1,0,0.25,0,1,4,1,True
372,0,0,2,1,0,7,3,72,1,0,1,6,0,2,0,1,1,2,1,0,1.0,0,1,1,0,False
373,0,2,1,0,0,7,1,37,1,0,0,0,0,2,2,0,1,2,1,0,1.0,0,1,1,0,False
374,2,0,2,2,2,1,2,37,2,0,2,5,0,2,0,2,2,0,1,0,0.5,0,2,2,0,False
375,0,0,1,0,0,4,1,60,1,0,3,7,0,2,0,1,1,1,1,0,1.0,0,1,1,0,False
376,0,1,1,0,0,5,1,28,1,0,0,0,0,0,2,1,0,1,0,0,1.0,0,1,1,0,False
377,5,0,1,1,0,1,1,39,1,3,3,4,0,2,0,10,2,0,0,0,0.5,0,2,4,1,True
378,0,0,1,1,0,0,2,21,1,2,3,5,0,2,0,5,3,1,1,0,0.333333333333333,0,2,3,1,False
379,0,0,1,1,0,0,1,19,1,0,2,4,0,3,0,3,2,2,1,0,0.5,0,1,2,0,False
380,0,0,1,2,0,0,1,24,1,2,1,3,0,3,0,8,2,1,2,0,0.428571428571429,0,4,3,0,False
381,0,0,1,0,0,1,1,45,1,2,3,5,0,3,0,4,2,0,1,0,0.285714285714286,0,1,5,0,True
382,0,0,1,0,0,0,1,21,3,0,14,29,0,1,0,4,3,1,1,0,0.5,0,1,2,1,False
383,0,0,1,0,0,1,1,47,1,1,4,9,0,4,0,1,1,1,1,0,1.0,0,2,1,1,False
384,0,0,1,0,0,0,1,23,1,3,7,15,0,2,0,2,1,0,1,0,0.333333333333333,0,1,3,2,False
385,0,0,1,0,0,2,1,23,1,0,1,2,0,1,0,2,2,2,2,0,0.0,0,1,0,1,False
386,0,0,1,1,0,0,1,20,1,0,1,4,0,3,0,3,2,1,1,0,0.666666666666667,0,2,2,1,True
387,0,0,1,1,0,0,3,26,1,4,3,3,0,2,0,8,2,3,1,0,0.5,0,5,2,0,False
388,0,0,1,0,0,3,1,27,2,0,0,3,0,3,0,3,2,2,2,0,0.333333333333333,0,1,3,0,False
389,0,0,1,0,0,1,2,24,1,0,1,2,1,1,0,4,2,2,2,0,1.0,0,3,1,0,False
390,0,0,1,1,0,0,2,21,1,0,3,7,0,1,0,3,2,3,1,0,1.0,0,3,1,0,True
391,0,0,1,0,0,0,1,21,1,0,0,1,0,5,0,1,1,2,2,0,0.0,0,1,0,2,False
392,0,0,1,0,1,3,1,41,1,1,4,5,0,5,0,1,1,1,1,0,0.0,0,2,0,1,False
393,0,0,1,0,0,2,1,69,1,3,7,15,0,1,1,5,2,1,1,0,1.0,0,2,1,1,True
394,0,2,1,0,0,5,1,31,1,0,0,0,0,2,1,2,1,1,0,0,0.0,0,3,0,1,False
395,0,4,1,0,0,3,1,36,1,0,0,0,0,1,4,2,2,1,1,0,1.0,0,2,1,0,False
396,0,29,1,0,0,8,1,261,1,0,0,0,0,1,1,4,2,0,1,0,0.75,0,2,2,2,True
397,0,1,1,0,0,0,1,22,1,0,0,0,0,0,0,0,0,1,1,0,0.5,0,2,2,1,False
398,0,0,1,0,0,0,1,21,1,0,1,3,0,3,0,0,1,1,1,0,1.0,0,2,1,1,False
399,0,0,1,2,0,0,1,33,1,1,3,10,0,1,3,2,2,1,0,0,1.0,0,2,1,1,False
400,0,3,1,0,0,0,1,16,1,0,0,0,0,0,1,1,0,0,0,0,1.0,0,2,1,0,True
401,0,0,1,1,0,0,1,21,1,0,0,4,0,2,17,0,1,0,1,0,0.0,0,2,0,1,False
402,0,0,1,1,0,1,1,24,1,0,1,3,0,3,1,1,1,1,1,0,0.0,0,1,0,2,False
403,0,0,1,1,0,0,1,21,1,0,0,3,0,3,2,0,1,1,2,0,0.0,0,2,0,0,False
404,0,0,1,1,0,0,1,21,1,0,0,3,0,3,0,0,1,1,2,0,0.0,0,2,0,1,False
405,0,2,1,0,0,5,1,31,1,0,0,0,0,0,13,0,0,47,0,0,0.0,0,2,0,0,False
406,0,1,1,0,0,5,1,27,1,0,0,0,0,1,4,0,2,1,1,0,0.5,0,2,2,0,False
407,0,1,1,0,0,8,1,30,1,0,0,0,0,1,2,2,2,1,1,0,0.5,0,2,2,2,False
408,0,2,1,0,0,3,1,31,1,0,0,0,0,0,9,1,0,2,0,0,1.0,0,3,1,0,False
409,0,1,1,0,0,11,1,32,1,0,0,0,0,0,1,3,0,1,1,0,1.0,0,1,1,1,False
410,0,1,1,0,0,5,1,26,1,0,0,0,0,0,1,0,0,4,0,0,0.0,0,1,0,2,False
411,0,1,1,0,0,0,1,21,1,0,0,0,0,1,1,1,1,1,1,0,1.0,0,1,1,1,False
412,0,1,1,0,0,7,1,30,1,0,0,0,0,1,2,0,1,16,1,0,0.0,0,2,0,1,False
413,0,5,1,0,0,7,1,56,1,0,0,0,0,1,1,0,1,0,0,0,1.0,0,3,1,0,False
414,0,1,1,0,0,11,1,34,1,0,0,0,0,0,3,2,0,1,1,0,1.0,0,1,1,0,False
415,0,2,1,0,0,0,1,21,1,0,0,0,0,0,9,2,0,2,1,0,0.5,0,2,2,1,False
416,0,1,1,0,0,0,1,21,1,0,0,0,0,0,2,2,0,2,1,0,1.0,0,1,1,2,False
417,0,5,1,0,0,3,1,36,1,0,0,0,0,0,4,4,0,1,0,0,0.5,0,3,2,0,False
418,0,1,1,0,0,5,1,27,1,0,0,0,0,0,4,0,0,2,0,0,0.0,0,2,0,0,False
419,0,1,1,0,0,6,1,27,1,0,0,0,0,1,4,1,1,1,1,0,0.0,0,1,0,1,False
420,0,1,1,0,0,3,1,24,1,0,0,0,0,1,0,0,1,0,1,0,1.0,0,1,1,1,False
421,0,2,1,0,0,7,1,36,1,0,0,0,0,1,2,0,1,8,1,0,0.0,0,1,0,2,False
422,0,19,1,0,0,2,1,66,1,0,0,0,0,1,1,9,1,0,0,0,0.5,0,2,3,1,True
423,0,2,1,0,0,6,1,35,1,0,0,0,0,0,1,1,0,1,0,0,1.0,0,2,1,0,False
424,0,1,1,0,0,0,1,24,1,0,0,0,0,0,1,1,0,1,0,0,1.0,0,2,1,2,False
425,0,4,1,0,0,4,1,41,1,0,0,0,0,0,1,2,0,0,0,0,1.0,0,2,1,1,False
426,0,1,1,0,0,7,1,31,1,0,0,0,0,1,9,0,1,38,1,0,0.6,0,2,2,0,False
427,1,0,1,0,1,2,2,25,2,0,0,2,0,1,0,2,2,0,1,0,0.0,0,1,0,1,False
428,1,0,1,0,12,4,1,74,1,0,0,12,0,1,0,9,2,0,1,0,0.3,0,1,5,2,False
429,1,0,3,0,2,5,4,36,1,0,0,2,0,1,0,0,1,0,1,0,1.0,0,3,1,0,False
430,0,0,1,0,0,0,1,21,1,0,3,6,0,1,0,0,1,1,1,0,0.0,0,2,0,0,False
431,0,0,1,1,0,0,2,40,1,4,4,13,0,1,0,1,3,0,1,0,0.0,0,1,0,3,False
432,1,0,2,1,2,6,2,39,1,0,0,2,0,1,0,5,1,0,1,0,0.0,0,2,0,0,True
433,1,0,1,0,21,4,2,124,1,0,0,21,0,1,0,15,2,0,1,0,0.6,0,3,3,1,False
434,0,0,1,0,0,0,1,22,1,0,1,2,0,1,0,2,2,3,2,0,1.0,0,2,1,1,False
435,1,0,1,0,2,6,1,40,1,0,0,2,0,1,0,4,2,0,1,0,1.0,0,3,1,0,False
436,0,0,2,0,0,0,2,23,1,0,1,2,0,1,0,3,2,2,2,0,0.0,0,2,0,1,False
437,2,0,1,0,0,0,1,28,1,0,2,14,0,1,0,3,1,2,1,0,1.0,0,3,1,1,False
438,6,0,2,1,18,0,4,34,1,1,0,12,0,1,0,2,1,0,1,0,0.454545454545455,0,3,3,1,True
439,1,0,1,0,2,3,1,30,1,0,0,2,0,1,0,0,1,0,1,0,0.0,0,3,0,0,False
440,0,0,3,0,0,7,3,29,1,0,0,1,0,1,0,1,2,4,4,1,0.0,0,4,0,0,False
441,0,3,1,4,2,0,2,42,5,6,6,43,0,2,2,6,3,0,0,0,1.0,0,2,1,2,False
442,0,0,1,1,0,3,1,36,1,1,1,3,0,2,0,0,1,1,1,0,0.0,0,1,0,3,False
443,0,0,1,0,0,0,1,21,1,0,1,2,0,2,0,0,1,1,1,0,0.0,0,1,0,1,False
444,1,0,2,1,36,4,3,183,2,0,1,39,0,1,0,1,2,0,0,0,0.714285714285714,0,5,5,0,True
445,1,0,2,1,1,6,4,33,1,0,0,1,0,1,0,0,1,0,1,0,0.0,0,2,0,1,False
446,0,0,1,0,0,0,1,23,1,0,0,1,0,1,0,1,2,1,2,0,0.0,0,2,0,1,False
447,4,2,2,1,1,5,3,201,5,3,4,12,0,1,2,5,2,0,1,0,0.375,0,4,3,1,True
448,1,0,1,1,6,2,3,36,1,0,0,6,0,1,0,1,1,0,1,0,0.0,0,2,0,1,False
449,1,0,1,1,2,2,1,28,1,0,0,2,0,1,0,1,1,0,1,0,0.0,0,2,0,1,False
450,0,0,1,0,10,0,1,21,1,3,2,12,0,1,0,0,1,0,1,0,0.0,0,2,0,1,False
451,0,6,1,0,0,4,1,46,1,0,0,0,0,2,1,0,1,0,0,0,0.0,0,3,0,1,False
452,0,0,1,0,0,0,1,21,1,0,4,11,0,1,0,0,3,1,1,0,0.0,0,1,0,1,False
453,2,0,3,3,2,1,3,22,1,0,0,1,0,1,0,0,1,0,1,0,0.0,0,4,0,0,True
454,2,0,1,0,13,0,3,38,2,0,6,19,0,1,0,1,1,0,1,0,0.5,0,2,2,0,False
455,0,0,1,4,2,3,1,39,1,0,6,6,0,1,0,0,1,0,1,0,0.0,0,4,0,1,True
456,0,0,1,0,0,0,1,19,1,0,1,4,0,1,0,0,1,1,1,0,0.0,0,1,0,0,False
457,0,0,1,0,1,9,1,47,1,1,1,2,0,2,0,0,1,2,2,0,0.0,0,2,0,0,True
458,0,0,1,0,0,0,1,24,1,0,0,2,0,4,2,1,1,3,2,0,0.0,0,2,0,1,False
459,1,0,1,1,0,0,2,26,1,7,7,3,0,1,2,11,1,1,0,0,0.0,0,2,0,0,False
460,0,0,1,0,1,3,10,48,1,1,12,2,1,1,0,13,1,2,3,1,0.4,0,2,3,1,False
461,0,0,1,0,0,0,3,28,1,7,0,1,1,2,0,6,1,1,2,0,0.4,0,2,3,2,False
462,0,0,1,0,0,0,4,22,1,7,1,1,1,2,0,6,1,2,2,0,1.0,0,1,1,1,False
463,0,0,1,0,0,0,1,22,1,1,1,4,0,2,0,4,1,1,2,0,0.0,0,2,0,1,False
464,0,0,1,0,0,0,1,26,18,8,8,39,0,3,0,10,2,0,1,0,1.0,0,2,1,3,True
465,0,0,1,0,0,1,2,33,6,0,0,10,2,3,0,13,2,0,4,0,0.666666666666667,0,2,2,2,True
466,0,0,1,4,0,0,2,22,5,1,0,7,2,4,1,4,2,0,1,0,0.5,0,1,4,0,True
467,0,0,1,0,0,0,1,19,1,1,1,2,1,3,0,8,1,1,3,0,0.333333333333333,0,2,3,0,False
468,0,0,1,0,0,2,1,29,6,0,0,6,1,3,0,9,2,0,1,0,0.0,0,2,0,2,False
469,0,0,1,0,0,2,1,29,6,0,0,6,1,3,0,9,2,0,1,0,0.0,0,1,0,1,False
470,0,0,1,1,0,0,1,16,1,0,0,1,0,3,0,1,1,2,2,0,0.0,0,2,0,0,False
471,0,0,1,1,0,0,1,16,1,0,0,2,0,1,0,1,2,0,1,0,0.0,0,2,0,0,False
472,0,0,1,0,0,0,1,19,1,3,1,3,0,3,0,7,1,0,1,0,0.5,0,1,2,1,False
473,0,0,1,0,0,1,2,61,15,15,3,24,1,3,1,20,2,0,1,0,0.615384615384615,0,3,3,0,True
474,0,0,1,0,1,0,1,21,1,4,0,5,0,3,0,6,1,0,1,0,1.0,0,2,1,1,True
475,0,0,1,0,0,1,1,20,1,0,0,1,2,4,0,5,1,2,14,0,0.0,0,2,0,1,False
476,0,0,1,0,0,0,1,19,2,1,0,2,1,4,0,2,2,0,1,0,0.0,0,2,0,1,False
477,0,0,1,0,0,0,1,20,3,2,0,3,1,4,0,4,2,0,1,0,1.0,0,1,1,0,True
478,0,0,1,0,0,0,1,19,3,2,1,4,0,4,0,3,2,0,1,0,0.0,0,1,0,0,False
479,0,0,1,0,0,0,1,19,1,0,0,2,1,3,0,1,1,2,1,0,0.0,0,2,0,0,False
480,0,0,1,1,0,0,1,20,3,2,4,6,0,4,0,5,2,0,0,0,1.0,0,1,1,1,False
481,0,0,1,0,0,0,1,19,5,2,0,7,0,4,0,6,2,0,1,0,1.0,0,1,1,0,False
482,0,0,1,0,0,0,1,21,3,2,0,3,0,4,0,4,2,0,1,0,1.0,0,1,1,0,False
483,0,0,1,1,0,0,1,19,3,2,3,4,0,4,0,4,2,0,1,0,0.0,0,2,0,0,False
484,0,0,1,1,0,0,1,19,4,2,3,6,0,4,0,4,2,0,1,0,0.0,0,1,0,1,False
485,0,0,1,0,0,0,1,19,3,2,0,3,0,4,0,4,2,0,1,0,1.0,0,1,1,0,False
486,0,0,1,0,0,0,1,19,4,2,4,5,1,4,0,5,2,0,1,0,0.0,0,2,0,1,True
487,0,0,1,1,0,0,1,19,4,2,3,5,0,4,0,4,2,0,1,0,0.0,0,2,0,0,False
488,0,0,1,1,0,0,1,19,3,2,2,5,0,4,0,4,2,0,1,0,0.0,0,1,0,1,False
489,0,4,1,0,0,0,1,16,3,3,1,4,0,4,0,6,2,0,0,0,1.0,0,2,1,0,False
490,0,0,1,1,0,0,1,19,3,2,2,5,0,4,0,4,2,0,1,0,0.0,0,2,0,0,False
491,0,0,1,2,1,0,1,20,3,3,2,5,0,4,0,6,2,0,1,0,1.0,0,1,1,1,True
492,0,0,1,1,0,0,1,19,3,2,2,4,0,4,0,4,2,0,1,0,1.0,0,1,1,1,False
493,0,0,1,0,0,1,1,24,3,2,1,5,0,4,0,3,2,0,1,0,0.0,0,1,0,0,False
494,0,0,1,0,0,0,1,20,3,3,2,3,0,4,0,8,2,0,1,0,0.5,0,2,2,0,False
495,0,0,1,0,0,0,2,19,1,1,1,1,0,4,0,3,1,1,3,0,1.0,0,1,1,1,False
496,0,0,1,0,0,0,1,19,2,2,1,2,0,4,0,4,2,0,1,0,0.333333333333333,0,1,3,1,True
497,0,0,1,0,0,0,1,19,2,2,1,2,0,4,0,4,2,0,1,0,1.0,0,2,1,0,False
498,0,0,1,0,0,0,1,19,3,1,0,3,0,4,0,2,2,0,1,0,0.0,0,1,0,1,True
499,0,0,1,0,0,1,1,22,3,0,0,3,2,2,0,8,2,0,1,0,1.0,0,1,1,2,False
500,0,0,1,0,0,0,1,21,3,2,0,3,0,4,0,4,2,0,1,0,1.0,0,1,1,1,True
501,0,0,1,0,0,0,1,22,3,2,2,3,1,3,0,4,2,1,2,0,1.0,0,3,1,0,False
502,0,0,1,0,0,1,1,27,3,3,5,3,0,4,0,3,2,0,1,0,1.0,0,2,1,0,False
503,1,0,1,2,0,2,2,24,1,0,0,1,1,4,0,4,1,2,1,0,0.75,0,3,2,1,False
504,1,0,1,0,1,1,1,30,3,2,0,5,2,4,0,4,2,0,1,0,0.666666666666667,0,1,2,0,False
505,0,0,1,0,0,0,1,19,2,2,0,2,0,4,0,2,2,0,1,0,1.0,0,1,1,1,False
506,0,0,1,0,0,0,1,19,1,1,0,1,1,5,0,1,1,0,3,0,0.5,0,2,3,2,False
507,0,0,1,0,0,0,1,19,2,1,2,4,0,4,0,7,2,0,3,0,0.5,0,2,2,0,False
508,0,0,1,0,0,3,1,22,2,1,0,1,2,5,0,4,2,0,1,0,1.0,0,1,1,0,False
509,0,0,1,0,0,1,1,21,2,1,0,2,0,4,0,5,2,0,1,0,1.0,0,1,1,1,True
510,0,0,1,0,0,1,1,22,2,1,0,2,1,4,0,4,2,0,1,0,1.0,0,1,1,1,True
511,1,0,1,0,1,1,1,27,3,2,0,4,1,4,0,4,2,0,1,0,1.0,0,2,1,0,False
512,0,0,1,0,0,0,1,19,1,1,0,0,0,5,0,0,1,0,3,0,0.666666666666667,0,1,2,2,False
513,0,0,1,0,0,1,1,22,2,1,0,2,1,4,0,7,2,0,1,0,0.0,0,2,0,0,False
514,0,0,1,0,0,1,1,25,2,2,0,3,2,4,0,4,2,0,1,0,1.0,0,1,1,0,False
515,0,0,1,0,0,0,1,19,1,1,0,0,0,5,0,0,1,0,3,0,0.666666666666667,0,1,2,2,False
516,0,0,1,0,0,0,2,19,2,2,2,2,1,4,0,4,2,0,1,0,1.0,0,3,1,0,False
517,0,0,1,0,0,0,1,19,2,2,2,2,0,4,4,2,2,0,1,0,0.6,0,2,3,2,False
518,0,0,1,0,0,0,1,21,2,1,0,4,1,4,0,6,2,0,1,0,1.0,0,2,1,1,False
519,0,0,1,0,0,0,1,23,2,5,6,2,1,4,1,3,2,0,1,0,1.0,0,1,1,1,False
520,0,0,1,0,0,0,1,19,1,1,0,0,0,5,0,0,1,0,2,0,1.0,0,2,1,0,False
521,0,0,1,0,0,2,1,31,3,2,0,3,0,4,0,3,2,0,1,0,1.0,0,1,1,1,False
522,0,0,1,1,0,0,1,19,2,1,2,2,2,4,0,3,2,0,1,0,1.0,0,1,1,1,False
523,0,0,1,0,0,0,1,19,1,0,0,6,0,4,0,6,1,0,1,0,1.0,0,1,1,0,False
524,0,0,1,1,0,0,1,19,1,0,0,4,0,4,0,0,1,1,1,0,0.0,0,2,0,1,False
525,0,0,1,0,0,0,1,23,2,3,0,11,1,4,0,3,2,0,1,0,1.0,0,3,1,2,False
526,0,1,1,0,0,0,1,16,1,0,0,0,0,0,1,0,0,1,1,0,0.0,0,1,0,1,False
527,0,0,1,0,0,4,1,28,2,0,0,2,2,2,0,8,2,0,2,0,1.0,0,2,1,1,False
528,0,0,1,0,0,0,1,16,1,0,1,5,0,1,0,0,2,0,1,0,0.0,0,1,0,1,False
529,0,0,1,0,0,0,1,19,1,0,0,1,0,4,0,1,1,1,5,0,0.0,0,2,0,0,False
530,0,0,1,0,0,1,1,25,5,0,0,6,2,3,0,8,2,0,3,0,1.0,0,2,1,1,False
531,0,0,1,1,0,0,1,21,3,2,2,3,0,4,0,3,2,0,1,0,0.0,0,3,0,0,False
532,0,0,1,0,0,0,1,19,3,2,4,3,1,3,0,5,2,0,2,0,0.0,0,1,0,3,False
533,0,0,1,0,0,2,1,98,4,26,4,7,0,3,259,16,2,0,0,0,0.428571428571429,0,3,3,4,True
534,0,0,1,1,0,0,1,21,3,1,2,17,0,2,0,6,1,0,1,0,0.5,0,2,2,2,False
535,1,0,1,1,0,0,1,19,1,0,0,2,0,2,0,1,1,1,0,0,0.0,0,3,0,0,False
536,0,0,1,1,0,0,1,22,1,0,1,4,2,2,0,4,1,3,3,0,1.0,0,3,1,1,False
537,0,0,1,0,0,0,1,19,1,0,0,1,1,2,0,1,1,0,6,0,1.0,0,2,1,0,False
538,0,0,1,1,0,0,1,21,1,2,1,2,0,2,0,3,1,0,2,0,0.0,0,1,0,0,False
539,0,0,1,0,0,0,1,19,1,0,2,1,5,2,0,4,1,3,13,0,0.0,0,2,0,0,False
540,0,0,1,0,0,1,1,21,1,0,0,2,0,2,0,1,1,1,2,0,0.0,0,2,0,0,False
541,0,0,1,2,0,0,2,17,1,0,1,3,4,5,0,3,1,4,7,0,0.0,0,1,0,0,True
542,0,0,1,0,0,2,1,29,1,3,1,0,0,4,3,3,1,2,2,0,0.0,0,1,0,2,False
543,0,0,1,0,0,0,1,19,5,3,1,7,0,4,0,4,2,0,1,0,0.0,0,1,0,1,False
544,0,0,1,0,0,0,1,19,1,0,0,2,0,2,0,3,1,0,4,0,0.0,0,1,0,2,True
545,1,0,1,0,0,0,1,19,2,1,0,5,0,4,0,2,1,0,1,0,0.666666666666667,0,1,2,1,False
546,0,0,1,0,0,1,2,26,1,0,0,4,0,4,0,3,1,1,2,0,1.0,0,1,1,0,False
547,0,0,1,0,0,0,1,19,1,0,0,1,0,2,0,2,1,4,2,0,0.0,0,1,0,2,False
548,0,0,1,0,0,0,1,20,4,1,2,6,1,3,0,9,2,0,1,0,1.0,0,2,1,1,False
549,0,0,1,0,0,0,1,19,1,1,1,3,0,2,0,2,1,0,2,0,0.0,0,2,0,1,False
550,0,0,1,0,0,1,1,21,2,1,0,2,0,3,0,5,2,0,1,0,0.0,0,1,0,0,False
551,0,0,1,0,0,0,1,29,7,2,5,13,1,3,0,6,2,0,1,0,0.0,0,1,0,1,False
552,0,0,1,1,0,0,1,19,1,0,0,1,0,2,0,3,1,1,4,0,0.0,0,2,0,1,False
553,0,0,1,0,0,0,1,19,3,1,0,3,0,4,0,2,2,0,0,0,0.0,0,1,0,1,False
554,0,0,1,1,0,0,1,19,3,1,0,4,0,4,0,4,2,0,1,0,0.0,0,1,0,1,False
555,0,0,1,0,0,0,1,19,3,1,0,6,1,4,0,3,2,0,1,0,0.5,0,1,2,1,True
556,0,0,1,0,0,1,1,21,2,1,0,2,1,4,0,2,2,0,1,0,0.0,0,2,0,0,False
557,0,0,1,0,0,0,1,19,7,0,0,12,2,4,0,2,2,0,3,0,0.0,0,1,0,0,True
558,0,0,1,0,0,0,1,20,2,1,3,2,1,4,1,2,2,0,1,0,1.0,0,2,1,0,False
559,0,0,1,0,0,2,1,22,3,1,1,3,3,4,0,2,2,0,1,0,0.0,0,1,0,2,False
560,0,0,1,0,0,0,1,19,6,2,4,10,0,4,0,3,2,0,1,0,0.5,0,1,2,1,False
561,0,0,1,1,0,0,1,19,3,2,0,4,2,4,0,4,2,0,1,0,0.5,0,1,2,1,True
562,0,0,1,0,0,0,1,21,2,2,4,3,1,4,0,3,2,0,1,0,1.0,0,1,1,1,False
563,0,0,1,0,0,0,1,19,2,2,0,4,0,6,0,3,1,0,1,0,1.0,0,2,1,0,True
564,0,0,1,0,0,0,1,19,1,1,0,4,0,6,0,0,1,0,1,0,1.0,0,1,1,2,False
565,0,0,1,0,0,0,1,19,1,2,0,2,0,6,0,2,1,0,1,0,1.0,0,2,1,1,True
566,0,0,1,0,0,2,1,38,1,7,0,0,0,5,9,1,1,2,1,0,0.333333333333333,0,1,3,2,True
567,0,0,1,0,0,0,1,19,4,3,5,5,1,4,0,3,2,0,1,0,1.0,0,1,1,1,True
568,0,0,1,0,0,0,1,21,1,2,0,3,0,6,0,1,1,1,1,0,0.333333333333333,0,1,3,0,False
569,0,0,1,0,0,0,2,23,2,6,3,3,2,4,3,4,2,0,1,0,0.5,0,3,3,0,True
570,0,0,1,0,0,0,1,21,1,3,0,1,0,6,0,1,1,1,2,0,1.0,0,1,1,0,False
571,0,0,1,0,0,1,1,24,1,2,0,1,0,5,2,1,1,1,2,0,1.0,0,2,1,0,False
572,0,0,1,1,0,0,2,25,1,3,1,0,0,5,0,1,1,2,3,0,1.0,0,2,1,0,False
573,0,0,1,0,0,0,1,24,2,1,0,3,2,5,0,3,2,0,1,0,0.5,0,1,3,0,True
574,0,0,1,3,0,0,1,16,1,0,0,2,0,2,0,1,1,3,2,0,1.0,0,1,1,0,False
575,0,0,1,0,0,0,1,19,1,1,0,2,0,4,0,7,1,0,7,0,0.5,0,3,2,1,False
576,0,0,1,0,0,0,1,34,1,20,0,24,0,4,0,25,1,0,0,0,0.285714285714286,0,3,5,3,True
577,0,0,1,0,0,0,1,19,1,3,2,0,0,3,2,1,1,0,3,0,1.0,0,3,1,1,False
578,2,0,1,3,0,2,1,27,5,1,3,5,7,4,0,8,2,0,1,0,0.5,0,2,2,1,False
579,0,0,1,0,0,0,1,24,2,1,1,6,1,4,1,5,2,0,1,0,0.4,0,4,3,1,False
580,0,0,1,0,0,0,1,22,3,1,0,4,0,4,0,5,2,0,1,0,0.0,0,1,0,1,False
581,0,0,1,0,0,0,1,21,3,2,2,4,0,4,0,5,2,0,1,0,0.0,0,1,0,1,False
582,0,0,1,2,0,0,1,19,4,3,3,8,0,4,0,6,2,0,1,0,0.0,0,2,0,1,False
583,0,0,1,1,0,0,1,19,3,3,3,4,1,4,0,6,2,0,1,0,0.5,0,2,2,0,True
584,0,0,1,1,0,0,1,20,3,2,3,4,0,4,0,4,2,0,1,0,0.0,0,2,0,0,False
585,0,0,1,0,0,0,1,21,2,3,3,4,1,4,1,2,2,0,1,0,1.0,0,2,1,2,False
586,0,0,1,0,0,0,1,16,2,1,0,2,1,4,1,2,2,0,1,0,0.0,0,1,0,0,False
587,0,0,1,0,0,0,1,19,2,2,0,2,0,4,0,2,2,0,0,0,0.0,0,2,0,1,False
588,0,0,1,0,0,0,1,19,3,1,2,4,0,4,0,3,2,0,1,0,0.0,0,2,0,0,False
589,0,0,1,0,0,1,1,23,3,2,5,4,1,4,0,7,2,0,1,0,0.375,0,3,4,1,True
590,0,0,1,0,0,1,1,25,3,1,0,4,0,4,0,2,2,0,0,0,0.0,0,1,0,0,False
591,0,0,1,0,0,2,1,25,2,2,0,2,1,4,0,2,2,0,1,0,1.0,0,3,1,1,False
592,1,0,1,0,1,0,1,16,4,2,0,5,0,3,1,5,1,0,0,0,0.0,0,1,0,0,False
593,0,0,1,2,0,1,1,26,5,1,0,4,1,4,0,6,2,0,1,0,0.75,0,1,2,0,True
594,2,0,1,0,0,0,1,20,1,0,5,8,0,2,0,6,1,2,3,0,1.0,0,1,1,0,False
595,0,0,1,0,0,0,1,22,1,1,0,1,0,2,1,1,1,0,1,0,0.5,0,2,2,0,False
596,2,0,1,0,0,0,1,21,4,2,5,9,1,4,1,6,2,0,1,0,0.25,0,3,4,0,True
597,0,0,1,0,0,0,1,19,2,1,0,3,1,4,1,2,2,0,1,0,0.0,0,2,0,1,False
598,0,0,1,0,0,0,1,20,3,3,2,3,0,4,1,4,2,0,1,0,0.5,0,2,2,1,False
599,0,0,1,0,0,0,1,18,2,2,2,5,1,4,0,9,2,0,1,0,0.333333333333333,0,2,3,0,False
600,0,0,1,0,0,0,1,20,2,1,0,2,1,4,0,2,2,0,1,0,0.0,0,1,0,1,False
601,0,0,1,0,0,0,1,19,2,3,0,1,0,5,0,2,2,0,1,0,0.0,0,3,0,0,False
602,0,0,1,0,0,0,1,19,1,3,2,2,0,4,6,1,1,0,0,0,1.0,0,2,1,0,False
603,0,0,1,0,0,0,1,19,2,3,0,1,0,5,0,2,2,0,1,0,0.0,0,3,0,0,False
604,0,0,1,0,0,0,1,19,2,3,0,1,0,5,0,2,2,0,1,0,0.0,0,2,0,1,False
605,0,0,1,0,0,0,1,20,2,3,0,1,0,5,0,2,2,0,1,0,0.0,0,3,0,1,False
606,0,0,1,0,0,0,1,19,2,3,0,1,0,5,0,2,2,0,1,0,0.0,0,2,0,0,False
607,0,0,1,0,0,0,1,20,3,3,2,3,0,4,0,4,2,0,1,0,1.0,0,1,1,2,False
608,0,0,1,0,0,0,1,18,2,3,3,2,0,4,1,2,2,0,1,0,1.0,0,2,1,1,False
609,0,0,1,0,0,0,1,23,3,2,0,4,0,4,0,4,2,0,1,0,1.0,0,2,1,0,True
610,1,0,1,0,0,0,1,21,6,1,1,8,1,4,0,5,2,0,1,0,0.666666666666667,0,2,2,0,False
611,0,0,1,0,0,0,1,21,4,2,4,4,1,4,0,4,2,0,1,0,0.5,0,1,2,2,False
612,0,0,1,0,0,1,1,22,4,2,4,4,1,4,0,4,2,0,1,0,0.333333333333333,0,2,3,1,False
613,0,0,1,0,0,1,2,22,1,0,0,2,0,2,0,2,1,1,2,1,1.0,0,2,1,0,False
614,0,0,1,0,0,0,2,19,1,0,0,1,0,1,0,3,2,1,4,1,0.0,0,1,0,2,False
615,0,0,1,0,0,1,2,22,4,1,0,4,1,4,0,2,2,0,1,0,1.0,0,1,1,1,True
616,0,0,1,0,0,1,1,42,9,2,1,12,0,4,0,5,2,0,1,0,1.0,0,2,1,1,False
617,0,0,1,0,0,1,1,21,2,2,0,2,1,4,1,2,2,0,1,0,1.0,0,1,1,2,False
618,0,0,1,0,0,0,1,19,3,2,2,4,2,4,0,6,2,0,1,0,0.5,0,2,2,0,True
619,0,0,1,0,0,0,1,21,2,3,2,4,1,4,1,12,2,0,1,0,0.5,0,2,2,2,True
620,0,0,1,3,0,0,1,18,3,4,2,5,0,4,0,6,2,0,1,0,0.5,0,2,2,0,True
621,0,0,1,2,0,1,1,28,2,4,0,7,1,4,1,3,2,0,1,0,1.0,0,2,1,0,False
622,1,0,1,2,0,0,1,16,4,8,4,9,0,4,0,6,2,0,0,0,0.0,0,2,0,0,False
623,0,0,1,0,0,0,2,19,1,0,0,1,0,4,0,1,1,3,5,1,0.0,0,2,0,1,False
624,0,0,1,0,0,1,1,21,2,1,1,2,1,4,0,4,2,0,1,0,1.0,0,1,1,1,False
625,0,0,1,0,0,0,1,19,8,1,2,13,0,4,0,4,2,0,1,0,1.0,0,1,1,2,False
626,0,0,1,0,0,2,1,22,2,1,0,1,0,6,0,1,2,0,1,0,1.0,0,1,1,1,False
627,0,0,1,0,0,0,1,21,4,3,1,6,0,4,0,6,2,0,1,0,0.0,0,2,0,1,True
628,0,0,1,0,0,0,1,19,7,1,0,11,1,4,0,5,2,0,1,0,0.5,0,3,3,1,True
629,0,0,1,0,0,0,1,16,2,2,0,1,0,5,1,1,2,0,1,0,0.0,0,1,0,0,False
630,0,0,1,0,0,0,1,18,3,5,1,5,0,4,1,11,2,0,1,0,0.5,0,2,2,0,True
631,0,0,1,0,0,1,1,37,9,3,2,11,1,4,0,3,2,0,1,0,0.0,0,2,0,0,False
632,0,0,1,0,0,2,1,23,2,1,1,2,0,4,0,2,2,0,1,0,0.666666666666667,0,1,2,2,False
633,0,0,1,0,0,1,1,24,3,1,0,4,0,4,0,2,2,0,0,0,1.0,0,2,1,1,False
634,0,0,1,0,0,2,1,18,2,1,0,1,0,5,1,1,2,0,1,0,0.0,0,1,0,0,False
635,0,0,1,0,0,0,1,19,2,1,0,2,0,4,0,2,2,0,1,0,1.0,0,1,1,0,True
636,0,0,1,0,0,0,1,21,3,2,1,3,0,4,0,2,2,0,1,0,0.0,0,1,0,2,False
637,0,0,1,0,0,1,1,21,2,2,1,2,0,4,1,2,2,0,1,0,0.0,0,1,0,2,False
638,0,0,1,0,0,0,1,19,4,1,1,4,0,4,0,3,2,0,0,0,0.0,0,2,0,0,False
639,0,0,1,0,0,0,1,19,5,3,5,8,1,4,1,5,2,0,1,0,0.0,0,1,0,0,False
640,0,0,1,0,0,0,1,19,1,1,0,0,0,5,0,0,1,0,2,0,0.0,0,1,0,1,False
641,0,0,1,0,0,0,1,22,2,2,3,3,1,4,0,4,2,0,1,0,1.0,0,2,1,2,True
642,0,0,1,0,0,0,1,21,2,2,4,3,1,4,0,4,2,0,1,0,0.0,0,2,0,1,False
643,0,0,1,0,0,0,1,19,2,2,3,4,1,4,9,6,2,0,1,0,0.5,0,2,2,2,True
644,0,0,1,0,0,0,1,16,2,1,0,1,0,5,0,2,2,0,1,0,1.0,0,2,1,0,True
645,0,0,1,0,0,0,1,19,2,1,0,1,1,5,0,2,2,0,1,0,1.0,0,1,1,1,False
646,0,0,1,0,0,0,1,22,2,1,0,1,0,5,0,2,2,0,1,0,0.0,0,2,0,1,False
647,0,0,1,0,0,0,1,22,2,1,0,1,1,5,0,2,2,0,1,0,1.0,0,2,1,0,False
648,0,0,1,0,0,0,1,22,2,1,0,1,0,5,0,2,2,0,1,0,0.0,0,3,0,0,False
649,0,0,1,0,0,0,1,19,2,1,0,1,1,5,0,2,2,0,1,0,0.5,0,1,2,1,False
650,0,0,1,0,0,0,1,22,2,1,0,1,0,5,0,2,2,0,1,0,0.0,0,2,0,0,False
651,0,0,1,0,0,0,1,22,2,1,0,1,1,5,0,2,2,0,1,0,0.0,0,2,0,1,False
652,0,0,1,0,0,0,1,19,3,1,0,2,1,5,0,4,2,0,1,0,0.0,0,2,0,1,False
653,0,0,1,0,0,0,1,19,2,3,3,4,1,4,0,2,2,0,1,0,1.0,0,1,1,1,False
654,0,0,1,0,0,1,1,21,2,1,2,3,1,4,5,2,2,0,1,0,1.0,0,1,1,2,False
655,0,0,1,0,0,2,1,27,2,2,2,3,1,4,0,3,2,0,1,0,1.0,0,2,1,1,False
656,0,0,1,0,0,1,1,24,2,2,2,3,1,4,0,3,2,0,1,0,1.0,0,2,1,1,False
657,0,0,1,0,2,3,1,126,1,19,1,11,0,2,26,17,2,0,1,0,0.666666666666667,0,3,2,1,False
658,0,0,1,1,0,0,2,19,1,1,1,3,0,2,0,5,1,1,2,0,0.0,0,2,0,1,False
659,0,0,1,0,0,0,1,19,1,0,2,5,0,1,0,0,1,1,1,0,0.0,0,1,0,2,False
660,0,0,1,0,1,0,1,19,1,2,1,3,0,3,0,1,1,0,2,0,0.0,0,2,0,1,False
661,0,0,1,0,0,0,1,21,1,0,0,6,2,2,0,1,1,0,0,0,0.5,0,3,2,1,False
662,0,0,1,0,0,1,1,19,1,0,0,2,0,2,0,1,1,0,2,0,0.0,0,2,0,0,True
663,0,0,1,0,0,0,1,19,1,1,1,3,0,2,0,1,1,0,2,0,0.0,0,1,0,0,True
664,0,0,1,0,0,0,1,19,6,1,1,6,0,4,1,8,1,0,2,0,0.5,0,2,2,0,False
665,0,0,1,0,0,0,1,19,1,0,0,1,0,2,0,1,1,0,2,0,0.0,0,2,0,0,False
666,0,0,1,0,0,0,1,19,1,0,0,1,0,5,0,2,1,2,2,0,0.0,0,2,0,0,False
667,1,0,1,0,1,0,1,22,1,0,0,5,0,4,0,2,1,0,1,0,0.0,0,2,0,0,False
668,0,0,1,0,0,0,1,21,2,5,1,3,1,4,0,7,2,0,1,0,0.8,0,2,2,0,True
669,0,0,2,0,0,0,2,21,1,0,2,6,0,1,0,0,2,1,1,0,0.0,0,1,0,1,False
670,0,0,1,0,0,0,1,23,1,1,0,0,0,3,0,2,1,2,2,0,1.0,0,3,1,0,False
671,0,0,1,1,0,0,1,19,1,0,1,1,0,4,1,2,1,3,3,0,0.5,0,2,2,0,False
672,1,0,1,1,1,0,1,20,1,0,0,1,0,1,0,1,1,0,1,0,0.0,0,1,0,0,False
673,0,0,1,1,0,1,1,54,1,0,4,16,0,4,0,11,1,0,1,0,0.6,0,2,2,1,False
674,2,0,2,0,0,0,2,23,1,0,4,2,0,6,0,6,1,2,1,0,1.0,0,2,1,1,False
675,0,0,1,0,0,0,1,21,1,1,0,1,0,5,1,4,1,1,2,0,1.0,0,2,1,1,False
676,0,0,1,1,0,0,1,21,1,0,1,2,0,3,0,2,1,0,0,0,1.0,0,2,1,1,False
677,1,0,1,0,2,4,1,31,1,0,0,2,0,1,0,0,1,0,1,0,0.0,0,2,0,0,False
678,0,1,1,0,0,8,1,30,1,0,0,0,0,0,1,1,0,2,1,0,1.0,0,2,1,1,False
679,0,0,3,1,0,0,4,22,1,0,1,2,0,1,0,1,2,3,2,0,1.0,0,2,1,1,False
680,0,0,1,0,0,0,1,19,2,1,0,4,0,4,0,2,2,0,1,0,1.0,0,1,1,0,False
681,1,0,1,0,0,6,1,60,3,3,2,3,1,3,0,7,2,0,1,0,0.0,0,2,0,0,False
682,0,0,1,0,0,0,1,20,2,1,0,3,1,4,0,5,2,0,1,0,1.0,0,1,1,0,False
683,0,0,1,0,0,0,1,19,2,1,0,2,0,4,0,2,2,0,1,0,0.0,0,1,0,1,False
684,0,0,1,0,0,1,2,20,1,0,0,1,0,4,0,2,1,1,3,1,0.0,0,1,0,0,False
685,0,0,1,1,0,0,1,19,2,1,0,2,1,4,0,4,2,0,1,0,1.0,0,2,1,1,False
686,0,0,1,0,0,4,3,23,1,0,0,1,3,2,0,3,1,1,13,2,1.0,0,1,1,0,False
687,0,0,1,0,0,0,1,29,3,0,4,13,0,1,0,9,2,1,1,0,0.0,0,1,0,2,False
688,0,0,0,0,0,0,0,19,1,0,2,2,0,1,0,1,1,0,1,0,0.0,0,1,0,2,False
689,0,0,1,0,0,0,1,20,1,0,2,6,0,2,0,1,1,0,1,0,0.333333333333333,0,1,3,2,True
690,0,0,1,1,0,0,1,41,1,4,6,18,0,3,0,5,1,0,0,0,0.5,0,2,2,2,True
691,0,0,1,0,0,0,1,21,1,0,1,3,0,1,3,0,1,1,1,0,0.0,0,1,0,2,False
692,0,0,1,1,2,0,1,22,1,0,1,5,0,2,0,1,1,1,1,0,0.333333333333333,0,2,3,1,True
693,0,0,1,1,0,0,1,31,1,1,5,16,0,1,0,3,1,0,1,0,0.5,0,3,2,0,False
694,0,0,1,0,0,0,1,19,1,0,2,6,0,2,1,0,1,2,1,0,0.0,0,2,0,1,False
695,0,0,1,1,1,0,1,30,2,6,7,14,0,3,2,11,2,1,1,0,0.0,0,2,0,1,False
696,0,0,1,1,0,0,2,25,3,4,7,5,0,2,0,3,2,1,1,0,0.0,0,2,0,1,False
697,0,0,1,1,0,0,2,27,2,7,5,4,0,1,1,5,2,1,0,0,0.333333333333333,0,2,3,2,False
698,0,0,1,1,0,0,1,25,1,1,0,2,1,3,0,7,1,3,2,0,1.0,0,2,1,1,False
699,0,0,1,2,0,0,1,35,1,8,5,12,0,2,1,8,1,1,1,0,1.0,0,3,1,1,False
700,0,0,1,0,0,0,1,23,1,0,1,2,0,4,0,2,1,1,1,0,0.0,0,2,0,1,False
701,0,0,1,0,0,0,1,29,1,0,5,14,0,1,0,5,1,1,0,0,0.0,0,1,0,2,False
702,0,0,1,1,0,0,1,29,1,2,6,10,0,2,0,8,1,1,1,0,0.0,0,1,0,2,False
703,0,0,1,0,0,0,1,23,1,2,2,5,0,2,0,6,1,1,1,0,0.0,0,2,0,1,False
704,0,0,1,1,0,1,2,43,1,4,6,10,0,2,0,17,1,0,1,0,0.0,0,2,0,2,False
705,0,0,1,0,0,0,1,24,1,0,3,10,0,1,2,7,1,1,1,0,0.0,0,1,0,2,False
706,0,0,1,0,0,1,1,24,2,4,2,2,1,5,1,6,2,0,1,0,0.0,0,3,0,1,False
707,0,0,1,0,0,1,1,22,2,1,0,2,2,7,0,2,2,0,2,0,0.0,0,2,0,0,False
708,0,0,1,0,0,0,1,22,3,4,0,1,0,6,1,1,2,1,1,0,0.0,0,1,0,1,False
709,0,0,1,0,0,0,2,20,1,1,2,6,0,1,0,2,2,1,1,0,0.0,0,1,0,2,False
710,0,0,1,1,0,3,2,43,2,1,0,3,1,4,0,4,2,0,1,0,1.0,0,3,1,0,True
711,0,0,1,0,0,0,2,21,2,0,3,4,0,1,0,4,2,1,1,0,0.0,0,2,0,0,False
712,0,0,2,1,0,4,5,36,1,0,1,5,2,1,0,12,3,2,2,0,0.666666666666667,0,3,3,1,True
713,1,0,1,0,9,1,3,35,1,1,0,8,0,1,0,6,1,0,1,0,0.571428571428571,0,2,4,3,True
714,0,0,1,0,0,0,1,22,1,1,0,2,0,3,0,3,1,0,1,0,0.5,0,2,3,1,False
715,0,0,0,0,0,0,0,21,1,0,15,0,0,0,0,0,0,0,0,0,1.0,0,3,1,0,False
716,0,0,1,0,0,1,3,27,1,2,2,2,2,3,0,8,1,1,1,0,0.714285714285714,0,3,3,0,True
717,0,0,1,0,0,0,1,23,1,0,14,30,0,2,0,11,1,0,1,0,0.454545454545455,0,3,4,0,True
718,0,0,1,1,0,0,1,32,1,3,1,16,0,2,0,4,1,0,1,0,0.5,0,3,3,2,False
719,0,0,1,0,0,0,2,30,1,1,1,13,0,3,0,2,1,0,1,0,0.5,0,3,3,1,False
720,3,0,1,0,0,2,5,45,1,2,3,3,1,3,0,19,1,0,1,0,0.733333333333333,0,3,4,1,True
721,2,0,1,1,4,0,4,17,1,0,0,3,1,1,0,3,1,0,1,0,0.25,0,3,4,0,True
722,0,0,1,0,0,0,2,21,1,2,0,0,0,3,0,5,1,0,1,0,1.0,0,3,1,0,False
723,0,0,1,1,0,0,1,26,3,3,4,5,0,1,0,8,2,1,1,0,1.0,0,2,1,1,False
724,0,0,1,0,0,0,1,20,1,2,8,24,0,1,0,9,2,0,0,0,0.333333333333333,0,3,3,1,True
725,0,0,1,1,0,0,1,22,3,3,4,11,0,1,0,13,3,1,1,0,0.6,0,2,3,2,False
726,0,0,1,0,1,0,2,38,1,0,4,3,0,1,0,1,1,0,1,0,1.0,0,2,1,0,False
727,0,0,3,0,0,0,3,19,1,4,0,0,0,2,2,1,1,2,1,0,1.0,0,1,1,0,False
728,0,0,1,3,0,1,1,26,1,1,0,2,2,3,0,2,1,1,1,0,1.0,0,1,1,0,False
729,2,0,1,0,0,1,2,27,2,0,0,3,0,2,0,2,2,2,1,0,1.0,0,1,1,0,False
730,1,0,1,3,0,0,1,22,1,1,0,2,1,3,0,4,1,1,1,0,1.0,0,1,1,0,False
731,0,0,1,0,0,3,2,52,1,7,0,2,1,2,2,0,1,1,1,0,0.5,0,2,2,1,True
732,0,0,1,0,0,0,2,25,1,3,0,1,1,2,2,0,1,0,1,0,1.0,0,1,1,0,False
733,0,0,1,1,0,0,2,16,1,0,2,3,0,2,0,4,1,2,3,0,1.0,0,2,1,0,False
734,0,0,1,1,0,0,2,18,1,0,2,3,0,2,0,2,1,2,3,0,1.0,0,1,1,0,False
735,0,0,1,0,0,0,1,21,1,0,0,2,0,2,0,0,1,0,1,0,1.0,0,1,1,0,False
736,1,0,1,1,0,0,3,23,1,0,0,2,2,2,0,1,1,3,1,0,0.5,0,2,2,0,False
737,0,0,1,0,0,0,3,17,1,0,0,2,0,2,0,0,1,2,1,0,1.0,0,2,1,0,False
738,0,0,1,0,0,0,3,17,1,0,0,2,1,2,0,0,1,3,1,0,0.5,0,2,2,0,False
739,0,0,1,1,0,0,3,23,1,5,0,1,1,3,0,0,1,0,1,0,0.333333333333333,0,2,3,0,True
740,0,0,1,1,0,4,5,29,1,1,0,2,3,3,0,2,1,1,1,0,0.5,0,2,2,0,True
741,0,0,1,1,0,0,3,18,1,5,0,1,1,3,0,0,1,0,1,0,0.5,0,1,2,0,True
742,1,0,2,1,0,1,4,21,1,1,0,2,1,3,0,1,1,1,1,0,1.0,0,1,1,0,False
743,0,0,1,0,0,0,2,21,1,3,0,0,1,1,2,0,2,2,1,0,1.0,0,2,1,0,False
744,2,0,1,1,0,2,4,34,1,0,0,3,6,2,0,1,1,3,1,0,0.666666666666667,0,3,2,0,False
745,0,0,1,0,0,0,2,16,1,1,1,3,0,2,0,1,1,1,1,0,1.0,0,2,1,0,False
746,0,4,1,0,0,4,1,35,1,0,0,0,0,0,1,0,0,1,0,0,1.0,0,2,1,0,False
747,1,0,2,0,1,3,2,23,1,0,0,1,1,1,0,4,1,0,1,0,1.0,0,1,1,0,False
748,0,0,1,1,0,0,2,16,1,2,0,5,1,2,0,1,1,1,1,0,0.5,0,2,2,0,True
749,0,0,1,0,0,0,1,16,1,0,2,4,0,1,0,0,1,3,1,0,0.5,0,1,2,0,True
750,0,0,1,1,0,0,2,18,1,1,0,5,0,2,0,0,1,1,1,0,1.0,0,2,1,0,False
751,0,1,1,0,0,6,1,25,1,0,0,0,0,0,1,0,0,1,0,0,1.0,0,1,1,0,False
752,0,0,1,0,0,0,1,19,1,0,0,1,0,2,0,0,1,0,2,0,0.666666666666667,0,3,2,0,False
753,0,0,1,0,0,0,2,16,1,6,0,0,0,2,0,1,1,0,1,0,1.0,0,2,1,1,True
754,0,0,1,0,0,0,1,16,1,0,0,1,1,2,0,1,1,0,1,0,0.0,0,2,0,0,False
755,3,1,1,2,0,0,1,30,4,4,9,16,0,2,0,6,2,0,0,0,0.333333333333333,0,3,3,1,True
756,1,0,1,19,0,1,1,25,1,0,0,0,0,1,0,0,1,0,1,0,0.0,0,2,0,1,False
757,2,1,1,2,0,1,1,56,4,9,10,13,0,2,0,11,2,0,0,0,0.5,0,3,2,2,True
758,0,1,1,2,0,0,2,21,1,0,3,9,0,2,0,3,3,1,1,0,1.0,0,3,1,1,True
759,1,0,1,1,0,1,3,20,1,2,0,0,0,2,2,1,1,3,1,0,1.0,0,2,1,0,False
760,0,0,1,0,0,0,1,16,1,0,0,1,0,3,0,1,1,2,2,0,0.0,0,2,0,0,False
761,0,0,1,0,0,0,1,16,1,0,0,1,0,3,0,1,1,2,2,0,0.0,0,2,0,0,False
762,0,0,1,0,0,0,1,16,1,0,0,1,0,2,0,2,1,0,3,0,0.0,0,2,0,0,False
763,1,1,1,8,12,0,4,23,1,0,0,11,1,1,0,7,1,0,1,0,0.571428571428571,0,3,4,1,False
764,0,0,1,1,0,0,2,17,1,0,0,2,0,2,0,0,1,2,1,0,0.0,0,2,0,0,False
765,0,0,1,1,0,0,2,17,1,0,0,2,0,2,0,0,1,2,1,0,0.0,0,2,0,0,False
766,0,0,0,0,0,0,0,17,1,0,0,0,0,1,0,0,1,0,0,0,1.0,0,1,1,0,False
767,0,0,1,0,0,0,1,16,1,0,0,6,0,1,0,0,2,0,0,0,0.0,0,1,0,1,False
768,0,0,1,0,0,0,1,18,1,0,2,6,0,1,0,1,2,0,0,0,0.0,0,2,0,0,False
769,0,0,1,0,0,0,1,17,1,0,1,6,0,1,0,0,2,0,1,0,0.0,0,2,0,0,False
770,0,0,1,0,0,1,1,20,1,0,0,3,0,1,0,1,2,0,1,0,0.0,0,2,0,0,False
771,2,1,1,0,2,0,2,18,1,0,0,0,0,1,0,1,1,0,1,0,0.0,0,1,0,0,False
772,2,0,1,0,0,0,1,23,1,0,2,6,1,2,0,2,1,0,1,0,1.0,0,2,1,1,False
773,0,0,1,4,0,3,1,26,3,1,0,2,1,5,0,3,2,0,1,0,0.0,0,1,0,0,False
774,0,0,1,6,0,3,1,25,4,1,0,4,1,4,1,5,2,0,1,0,0.0,0,1,0,0,False
775,0,0,1,6,0,0,1,20,2,4,4,2,0,4,2,4,2,0,1,0,1.0,0,2,1,0,False
776,0,0,1,0,0,2,1,18,1,0,0,1,1,2,0,4,1,0,10,0,1.0,0,2,1,0,False
777,0,0,1,0,0,0,1,19,2,3,0,1,0,7,0,3,2,0,1,0,1.0,0,1,1,0,False
778,0,0,1,0,0,0,1,19,2,3,0,1,0,7,0,3,2,0,1,0,1.0,0,1,1,0,False
779,0,0,1,0,0,2,1,26,1,2,2,2,1,6,2,2,1,0,1,0,1.0,0,3,1,0,False
780,0,0,1,0,0,1,1,20,1,1,0,0,0,5,0,0,1,2,2,0,0.0,0,1,0,1,False
781,0,0,1,0,0,1,1,20,1,1,0,0,1,5,0,0,1,2,2,0,0.0,0,1,0,1,False
782,0,0,1,0,0,0,1,18,2,1,2,1,0,5,0,1,2,0,1,0,0.75,0,1,2,1,True
783,0,0,1,0,0,0,1,19,3,4,0,2,0,3,0,4,2,1,1,0,0.666666666666667,0,1,2,0,True
784,1,0,1,5,0,1,1,27,2,3,1,3,1,4,0,8,2,0,1,0,1.0,0,1,1,0,False
785,0,0,1,6,0,0,1,25,3,6,4,4,0,2,1,7,2,2,1,0,0.6,0,3,3,1,True
786,0,0,1,0,0,0,1,18,2,1,2,1,0,5,0,1,2,0,1,0,1.0,0,1,1,1,False
787,0,0,1,3,0,0,1,25,2,5,4,3,0,4,3,5,2,0,1,0,1.0,0,3,1,1,False
788,1,0,1,1,0,2,1,22,1,0,1,1,2,2,0,5,1,2,5,0,1.0,0,1,1,0,False
789,0,0,1,0,0,1,2,18,1,1,0,1,2,4,0,2,1,0,2,0,1.0,0,1,1,0,False
790,0,0,1,1,0,0,1,21,3,1,0,4,0,4,0,2,2,0,1,0,0.5,0,3,2,0,False
791,0,0,1,0,0,0,1,16,2,5,1,1,0,5,1,3,2,0,1,0,1.0,0,2,1,0,False
792,0,0,1,0,0,0,1,16,1,1,0,0,0,6,0,0,1,0,1,0,1.0,0,1,1,0,False
793,0,0,1,0,0,0,1,19,2,6,1,2,0,5,1,3,2,0,0,0,0.75,0,1,3,0,False
794,0,5,1,0,0,0,1,16,1,0,0,0,0,0,1,0,0,0,0,0,0.0,0,3,0,1,False
795,0,0,1,1,0,0,1,16,1,0,1,5,0,1,0,0,2,0,1,0,0.0,0,4,0,0,False
796,0,0,1,0,0,0,1,16,1,0,0,1,0,1,0,2,2,2,4,0,0.0,0,1,0,0,False
797,0,0,1,0,0,1,1,18,1,0,0,1,0,1,0,0,2,0,1,0,0.0,0,1,0,0,False
798,0,0,1,2,0,0,4,18,1,0,2,2,1,1,0,0,1,1,9,1,1.0,0,1,1,0,False
799,0,0,1,0,0,0,1,18,2,2,1,3,0,2,0,4,2,0,1,0,1.0,0,3,1,0,False
800,0,0,1,0,0,3,1,22,1,0,0,1,0,1,0,3,2,3,7,0,0.0,0,1,0,0,False
801,0,0,1,0,0,1,1,29,3,2,0,8,0,5,0,5,2,0,1,0,1.0,0,4,1,0,False
802,1,0,1,0,0,2,1,38,4,2,1,8,0,5,0,6,2,0,1,0,0.0,0,4,0,2,False
803,0,0,1,0,0,0,2,20,2,2,5,3,0,4,2,2,2,1,1,0,0.0,0,3,0,0,False
804,0,0,1,2,0,0,1,21,1,3,0,2,0,2,1,7,1,1,1,0,0.75,0,2,2,0,False
805,0,0,1,0,0,0,1,16,1,5,1,4,0,3,0,5,1,0,1,0,0.75,0,1,2,0,False
806,0,0,1,0,0,0,2,17,1,0,0,1,0,1,0,0,2,2,2,1,0.0,0,1,0,0,False
807,0,0,1,1,0,6,2,24,1,0,0,1,2,1,0,2,2,3,9,1,1.0,0,1,1,0,False
808,0,0,1,0,0,1,1,24,2,0,1,7,0,2,0,2,2,0,0,0,0.5,0,1,2,0,False
809,0,0,1,0,0,0,1,21,1,0,3,8,0,5,0,3,1,1,1,0,1.0,0,2,1,0,False
810,0,0,1,0,0,0,1,24,1,1,3,12,0,4,1,12,1,0,1,0,0.6,0,2,3,0,False
811,0,0,1,0,0,2,7,24,1,1,0,0,0,4,0,5,1,4,15,2,0.5,0,1,3,1,False
812,1,0,1,0,2,2,1,26,1,0,0,2,0,1,0,1,1,0,1,0,0.5,0,2,2,0,False
813,0,0,1,0,0,0,1,26,1,1,6,14,0,1,0,3,2,0,0,0,0.714285714285714,0,1,2,0,True
814,0,0,1,0,0,0,2,19,1,0,1,2,0,3,0,2,1,2,3,0,0.333333333333333,0,1,3,1,False
815,0,0,1,1,0,0,2,19,1,0,2,1,2,2,0,6,1,4,11,1,1.0,0,2,1,0,False
816,0,0,1,1,0,0,2,20,1,0,2,1,2,2,0,6,1,4,11,1,1.0,0,1,1,0,False
817,0,0,1,1,0,0,2,19,1,0,2,1,2,2,0,5,1,4,11,1,0.5,0,2,2,0,False
818,1,0,1,1,0,0,2,26,1,6,6,10,0,5,0,9,1,1,1,0,0.888888888888889,0,3,2,2,True
819,0,0,1,1,0,0,1,16,1,1,0,6,0,4,0,5,1,0,1,0,0.666666666666667,0,4,2,0,True
820,0,0,1,0,0,2,1,25,1,0,2,3,0,3,0,0,1,1,1,0,1.0,0,1,1,2,True
821,0,0,1,1,1,1,2,24,1,4,2,4,0,4,0,9,1,1,2,0,0.769230769230769,0,4,3,1,True
822,0,0,1,0,0,0,1,16,1,0,0,1,0,1,1,1,1,2,1,0,1.0,0,1,1,1,False
823,0,0,1,0,1,0,1,18,1,1,1,7,0,3,0,6,1,0,1,0,0.8,0,2,2,1,False
824,0,0,1,0,0,0,1,20,1,1,8,22,0,1,0,1,2,1,1,0,0.888888888888889,0,2,2,1,True
825,0,0,1,0,0,0,1,16,1,0,1,2,0,4,2,2,1,4,2,0,0.823529411764706,0,2,3,0,False
826,1,0,1,0,3,0,1,22,1,0,0,3,0,1,0,1,1,0,1,0,1.0,0,1,1,0,False
827,0,0,1,0,0,0,1,16,1,3,2,9,0,3,2,5,1,0,1,0,0.375,0,1,4,2,False
828,0,0,1,0,0,0,1,16,1,0,1,4,0,2,3,3,1,1,1,0,0.666666666666667,0,2,2,0,False
829,0,0,1,0,0,0,1,16,1,2,3,10,0,3,0,2,1,0,1,0,1.0,0,1,1,1,False
830,0,0,1,0,0,0,2,17,1,4,0,0,0,3,2,4,1,0,0,0,0.625,0,3,3,1,False
831,1,0,1,1,0,0,2,26,1,6,7,10,0,5,0,8,1,1,1,0,0.91304347826087,0,3,2,2,True
832,0,0,1,0,0,0,1,17,2,1,0,11,0,4,0,5,2,0,0,0,0.666666666666667,0,2,3,3,False
833,0,0,1,1,1,1,3,25,1,5,3,3,0,4,0,8,1,1,2,0,0.833333333333333,0,4,2,1,True
834,0,0,1,0,0,0,1,21,2,1,2,3,0,5,0,2,2,0,1,0,0.5,0,2,2,1,False
835,1,0,1,0,0,0,1,24,2,2,2,3,0,5,0,10,2,0,1,0,0.5,0,1,2,0,True
836,1,0,1,0,0,0,1,25,2,2,2,3,0,5,0,10,2,0,1,0,1.0,0,1,1,0,False
837,1,0,1,0,0,0,1,26,2,2,2,3,0,5,0,11,2,0,1,0,0.666666666666667,0,1,2,1,False
838,0,0,1,0,0,6,1,31,2,1,0,2,1,4,0,1,2,0,0,0,0.0,0,1,0,0,True
839,1,0,1,0,0,1,1,28,2,2,2,3,0,5,0,10,2,0,1,0,1.0,0,1,1,0,True
840,0,0,1,0,0,1,1,24,2,1,4,3,0,5,0,2,2,0,1,0,0.666666666666667,0,1,2,0,False
841,0,0,1,0,0,0,1,23,1,4,1,1,0,4,6,0,1,1,1,0,0.857142857142857,0,1,2,0,True
842,1,0,1,0,0,2,1,31,1,0,1,5,0,3,0,7,1,0,1,0,0.5,0,2,2,3,False
843,1,0,1,0,3,0,1,20,2,1,0,5,0,1,0,4,2,0,1,0,1.0,0,2,1,0,False
844,1,0,1,0,0,0,1,20,2,1,2,5,0,2,0,2,2,1,1,0,0.5,0,1,2,1,False
845,0,0,1,0,1,0,1,19,1,1,0,3,0,1,0,1,2,1,2,0,0.0,0,1,0,1,False
846,1,0,1,0,0,0,1,21,1,0,0,2,0,3,0,1,1,0,2,0,0.0,0,1,0,1,False
847,0,0,1,1,0,0,1,19,1,1,1,4,0,3,0,7,1,1,2,0,0.0,0,2,0,0,False
848,0,0,1,0,0,0,1,20,1,1,0,1,0,6,0,0,1,0,1,0,0.0,0,1,0,2,False
849,0,0,1,0,0,0,1,19,1,1,2,2,3,4,0,4,1,3,6,0,1.0,0,1,1,1,False
850,0,0,1,0,0,0,1,19,1,2,0,0,0,5,0,4,1,0,2,0,0.0,0,2,0,0,False
851,1,0,1,0,2,6,1,39,1,0,0,2,0,1,0,0,1,0,1,0,0.0,0,2,0,0,False
852,0,0,1,1,0,0,2,19,1,0,0,2,0,2,0,1,1,1,2,0,0.0,0,2,0,0,False
853,0,0,1,0,0,1,1,26,1,2,1,3,1,2,1,5,1,0,1,0,0.0,0,2,0,0,False
854,0,0,1,0,0,0,1,29,1,0,0,4,0,2,0,0,1,1,1,0,0.0,0,1,0,0,False
855,0,0,1,1,0,3,3,49,1,0,2,7,0,1,0,5,1,1,1,0,0.4,0,4,3,0,False
856,0,1,1,0,0,5,1,26,1,0,0,0,0,0,0,0,0,1,0,0,1.0,0,2,1,0,False
857,0,0,1,0,0,1,1,33,1,2,2,6,0,3,1,5,1,0,0,0,0.5,0,4,3,0,True
858,0,0,1,0,0,0,1,19,1,2,1,4,0,3,0,3,1,1,2,0,1.0,0,2,1,1,False
859,0,0,1,0,0,0,2,22,1,0,0,3,0,1,0,2,1,1,2,1,0.0,0,1,0,2,False
860,0,0,1,0,0,0,1,43,1,0,6,20,0,4,1,10,1,0,1,0,0.444444444444444,0,3,3,2,True
861,0,0,1,0,1,1,1,33,1,1,3,5,0,2,0,4,1,1,1,0,0.5,0,1,2,2,False
862,0,0,1,0,0,0,1,20,1,2,1,3,0,3,0,4,1,1,1,0,0.666666666666667,0,2,2,0,False
863,0,1,1,1,0,0,1,16,1,0,9,6,0,1,0,3,2,0,1,0,1.0,0,1,1,0,False
864,0,0,1,0,0,0,1,27,1,3,2,6,0,3,0,7,1,0,0,0,0.6,0,2,2,0,False
865,0,0,2,3,0,0,3,23,1,3,1,4,1,3,0,6,2,1,1,0,0.409090909090909,0,2,4,3,True
866,0,0,1,0,0,0,1,20,2,1,1,2,2,4,2,4,2,0,1,0,1.0,0,1,1,1,False
867,0,0,1,0,0,1,1,18,2,2,0,1,0,5,0,1,2,0,1,0,1.0,0,2,1,0,True
868,0,0,1,0,0,0,1,22,1,1,0,0,0,5,0,0,1,0,2,0,1.0,0,3,1,0,True
869,0,0,1,0,0,0,1,20,2,1,1,2,2,4,0,4,2,0,1,0,0.0,0,1,0,1,False
870,0,0,1,0,0,0,1,17,2,1,1,2,1,4,0,4,2,0,1,0,1.0,0,1,1,0,True
871,0,0,1,0,0,2,2,29,2,2,0,4,2,4,0,7,2,0,1,0,0.0,0,2,0,0,False
872,0,0,1,2,0,0,1,26,1,2,2,6,0,3,0,2,1,0,1,0,0.5,0,1,2,1,False
873,0,0,1,0,0,0,1,25,1,0,1,9,0,4,0,6,1,0,1,0,0.666666666666667,0,2,2,0,False
874,0,0,1,0,0,0,1,19,1,2,1,4,0,3,0,5,1,0,0,0,1.0,0,2,1,0,False
875,0,0,1,0,0,1,2,24,1,1,1,3,0,3,0,4,1,0,2,0,0.6,0,1,3,1,False
876,0,0,1,0,0,0,1,19,1,0,4,9,0,1,0,0,1,1,1,0,0.0,0,1,0,1,False
877,0,0,1,0,0,0,1,21,2,2,0,2,2,4,0,4,2,0,1,0,0.333333333333333,0,2,3,0,True
878,0,0,1,0,0,0,2,16,1,0,0,1,0,1,0,2,1,2,3,1,0.0,0,2,0,0,False
879,0,0,1,1,1,0,1,27,1,3,2,8,0,3,0,4,1,0,1,0,0.5,0,2,2,1,False
880,0,0,1,0,0,0,1,16,1,0,17,41,0,1,0,1,2,1,1,0,1.0,0,1,1,1,False
881,0,0,1,1,0,1,3,32,2,2,5,11,0,3,0,6,1,1,1,0,1.0,0,2,1,0,False
882,0,0,1,0,0,0,1,21,1,0,3,19,0,2,0,9,1,0,1,0,0.666666666666667,0,1,2,2,False
883,0,0,1,0,0,0,1,21,1,0,1,9,0,2,0,0,1,1,1,0,0.0,0,1,0,2,False
884,0,0,1,0,0,0,1,16,1,2,1,10,0,2,0,4,1,0,1,0,1.0,0,1,1,1,False
885,0,0,1,0,0,0,1,16,1,2,5,18,0,3,0,2,1,0,1,0,0.0,0,1,0,1,False
886,0,0,1,2,0,0,2,16,1,4,3,2,0,3,0,6,1,2,2,0,1.0,0,2,1,0,False
887,1,0,1,0,1,0,1,26,2,0,0,9,0,2,0,2,1,0,1,0,0.0,0,2,0,1,False
888,0,0,1,0,0,2,1,28,3,2,4,3,1,4,0,6,2,0,1,0,0.0,0,1,0,2,False
889,0,0,1,0,0,0,1,19,1,0,2,4,0,1,0,1,1,1,1,0,0.0,0,2,0,0,False
890,0,0,3,1,0,0,3,26,1,4,2,4,0,1,0,1,3,1,1,0,0.4,0,2,3,1,True
891,0,0,1,0,0,0,1,21,1,1,1,5,0,1,4,0,1,0,0,0,0.0,0,2,0,0,False
892,0,0,1,0,0,0,1,19,1,0,1,6,0,2,0,0,1,0,1,0,0.0,0,2,0,0,False
893,0,0,1,0,4,0,1,25,1,1,1,6,0,1,0,6,1,1,1,0,0.0,0,3,0,0,False
894,0,0,1,0,0,0,1,24,1,1,5,15,0,1,0,2,2,0,1,0,1.0,0,2,1,0,True
895,0,0,1,0,0,0,1,19,1,0,1,6,0,2,0,0,1,0,1,0,0.0,0,2,0,0,False
896,0,0,2,0,0,1,2,35,1,1,3,7,0,1,0,5,1,1,1,0,0.0,0,2,0,1,True
897,0,0,1,0,0,0,1,19,1,0,1,4,0,2,0,0,1,0,1,0,0.0,0,1,0,1,False
898,0,0,1,0,0,0,1,19,1,0,2,4,0,1,0,0,1,1,1,0,0.0,0,1,0,1,False
899,0,0,1,0,0,0,1,19,1,0,1,6,0,2,0,0,1,0,1,0,0.0,0,2,0,0,False
900,0,0,1,0,0,0,1,19,1,2,1,1,0,5,0,2,1,0,3,0,0.0,0,3,0,0,True
901,0,0,1,0,0,0,1,19,2,1,0,2,3,4,0,3,2,0,1,0,0.0,0,1,0,1,True
902,0,0,1,0,0,5,1,24,1,0,2,1,1,2,0,3,1,0,0,0,0.0,0,1,0,0,True
903,0,0,1,0,0,0,1,19,1,0,2,1,1,2,0,4,1,2,5,0,0.333333333333333,0,2,3,1,True
904,0,0,1,0,0,0,1,19,1,0,3,9,0,1,0,1,1,1,1,0,0.0,0,2,0,1,False
905,0,0,1,0,0,0,1,19,1,1,0,1,1,5,2,2,1,0,1,0,0.0,0,1,0,1,False
906,0,0,1,0,0,0,1,19,1,1,0,0,0,6,0,0,1,0,1,0,0.0,0,1,0,1,False
907,0,0,1,0,0,0,1,19,2,1,0,2,1,4,0,3,2,0,1,0,0.0,0,1,0,1,True
908,0,0,1,0,0,0,1,22,2,2,0,2,0,4,0,1,2,0,1,0,0.0,0,3,0,0,True
909,0,0,1,1,0,0,1,22,1,1,0,0,0,3,0,2,1,1,2,0,1.0,0,1,1,0,False
910,0,0,1,0,0,5,1,39,1,0,0,4,0,1,0,1,1,1,1,0,0.0,0,1,0,0,False
911,0,0,1,0,0,3,1,44,1,4,3,4,0,2,0,9,1,0,1,0,1.0,0,2,1,0,False
912,3,0,1,0,0,0,2,16,1,1,0,2,0,3,0,6,1,1,2,0,1.0,0,1,1,1,False
913,1,0,1,0,0,0,1,19,1,0,1,4,0,2,0,3,1,1,1,0,0.0,0,1,0,0,False
914,1,0,1,0,0,1,2,19,2,3,1,2,0,4,0,3,2,0,1,0,0.0,0,2,0,0,False
915,0,0,1,0,0,0,1,19,1,1,0,2,0,3,0,3,1,0,1,0,0.4,0,1,3,1,False
916,0,0,1,0,0,0,1,20,1,1,3,7,0,2,0,6,1,0,1,0,0.5,0,1,3,1,False
917,0,0,1,1,0,1,2,25,1,0,2,5,0,3,0,7,1,1,1,0,0.5,0,2,2,1,False
918,0,0,1,0,0,0,1,20,2,4,6,2,0,4,0,3,2,0,1,0,1.0,0,1,1,0,False
919,0,0,1,0,0,2,1,32,2,4,6,2,0,4,0,7,2,0,1,0,1.0,0,2,1,1,False
920,0,0,3,0,0,9,4,40,2,1,0,1,6,3,0,5,2,1,2,1,0.5,0,2,2,0,False
921,1,0,1,0,0,0,2,46,2,5,10,17,0,4,0,7,1,1,1,0,0.4,0,4,4,0,True
922,0,0,1,0,0,0,1,20,1,0,2,7,0,5,0,8,1,0,1,0,0.5,0,3,3,1,True
923,1,0,1,0,0,0,2,20,3,2,5,5,0,3,0,8,3,0,1,0,0.333333333333333,0,1,4,2,False
924,0,0,1,0,0,1,1,21,2,1,1,2,1,4,0,4,2,0,1,0,0.0,0,1,0,1,False
925,0,0,1,0,0,1,1,18,3,1,0,2,2,5,0,4,2,0,1,0,1.0,0,1,1,0,False
926,0,0,1,0,0,0,1,20,2,1,1,2,2,4,0,4,2,0,1,0,0.0,0,1,0,1,False
927,2,0,1,0,0,2,1,27,3,1,5,4,1,4,0,9,2,0,1,0,0.333333333333333,0,1,3,0,False
928,0,0,1,0,0,1,1,23,3,2,1,4,1,4,1,4,2,0,1,0,0.0,0,3,0,0,False
929,0,0,3,0,0,3,3,22,1,1,0,0,2,5,0,0,1,2,11,2,0.0,0,2,0,0,False
930,2,0,1,1,0,0,2,24,3,4,3,6,1,4,1,5,2,0,1,0,0.0,0,1,0,0,False
931,0,0,1,0,0,2,1,27,3,2,0,3,1,4,0,4,2,0,1,0,1.0,0,1,1,0,False
932,0,0,1,0,1,0,2,26,2,2,0,4,1,3,0,2,2,1,2,0,1.0,0,3,1,0,False
933,0,1,1,0,0,0,1,16,1,0,0,0,0,2,1,1,1,1,0,0,0.0,0,2,0,0,False
934,0,1,1,0,0,0,1,16,1,0,0,0,0,0,1,0,0,1,0,0,0.0,0,2,0,0,False
935,0,0,1,7,0,0,3,41,2,3,6,20,1,2,1,1,2,0,0,0,1.0,0,2,1,0,False
936,2,0,1,0,0,0,3,20,1,1,2,3,1,2,0,0,2,0,2,0,1.0,0,2,1,0,False
937,0,0,1,1,0,0,1,16,1,1,1,3,0,3,0,2,1,1,1,0,0.6,0,2,2,0,False
938,0,0,1,1,0,0,2,22,5,2,5,14,0,3,0,7,2,0,0,0,1.0,0,3,1,0,False
939,1,0,1,0,5,0,1,23,1,0,0,5,0,1,0,1,1,0,1,0,0.0,0,3,0,0,False
940,0,0,1,0,0,0,1,23,1,0,2,13,0,2,0,6,1,0,1,0,0.833333333333333,0,3,2,1,False
941,0,0,1,0,0,0,1,16,1,0,0,2,0,2,0,2,1,1,2,0,1.0,0,1,1,0,False
942,0,0,0,0,0,0,0,16,1,0,0,0,0,3,0,0,1,0,0,0,0.0,0,1,0,1,False
943,0,0,1,5,0,0,2,20,5,5,4,18,0,3,0,9,2,0,0,0,0.428571428571429,0,3,3,2,False
944,0,1,1,1,0,0,1,17,2,0,12,11,0,1,0,3,2,1,1,0,0.5,0,2,2,0,False
945,1,0,1,1,1,1,2,18,1,0,0,1,0,1,0,1,1,0,1,0,0.0,0,2,0,0,False
946,0,0,2,0,0,1,2,25,2,2,1,4,1,4,0,6,2,0,1,0,0.5,0,1,2,1,False
947,0,0,1,0,0,0,2,22,1,2,0,0,0,4,1,3,1,4,1,0,1.0,0,2,1,1,False
948,0,0,1,1,0,0,1,26,1,0,6,13,0,1,0,4,2,1,1,0,0.0,0,2,0,1,False
949,0,0,1,0,0,0,1,23,1,1,0,0,0,5,0,1,1,4,2,0,0.0,0,1,0,2,False
950,0,0,1,0,0,0,1,19,1,1,0,0,0,6,0,0,1,0,1,0,0.0,0,1,0,2,False
951,0,0,0,0,0,0,0,19,1,0,3,2,0,1,0,1,1,0,1,0,1.0,0,1,1,1,False
952,0,0,1,0,0,2,2,22,2,0,0,2,1,1,0,4,2,2,2,0,0.0,0,2,0,0,False
953,0,1,1,0,0,0,1,22,1,0,0,0,0,0,2,0,0,1,1,0,1.0,0,2,1,0,False
954,0,0,0,0,0,0,0,21,1,0,0,0,0,1,0,0,1,0,0,0,0.5,0,2,2,0,False
955,0,0,1,1,0,1,2,45,2,2,7,14,0,1,0,11,2,1,1,0,0.5,0,3,3,2,True
956,0,0,2,1,2,4,3,111,1,6,3,13,0,1,0,11,1,1,1,0,0.454545454545455,0,3,3,2,True
957,0,0,1,2,8,0,1,68,1,5,5,55,0,3,1,11,2,0,1,0,0.555555555555556,0,3,3,3,False
958,0,1,1,12,1,1,2,175,7,8,53,118,0,2,1,10,2,0,0,0,0.555555555555556,0,4,3,1,True
959,0,0,1,0,0,0,1,21,1,3,2,3,0,3,0,3,1,1,1,0,0.5,0,3,2,0,False
960,0,0,1,0,0,1,1,73,1,2,7,28,0,2,2,14,1,0,1,0,0.333333333333333,0,1,5,3,True
961,0,0,1,0,0,1,1,41,1,3,1,12,0,2,0,5,1,0,1,0,0.5,0,1,2,3,False
962,2,0,3,0,2,2,7,28,1,0,0,1,1,1,0,2,1,0,1,0,0.666666666666667,0,2,2,1,True
963,2,0,1,1,0,0,2,36,1,3,2,12,0,3,0,6,1,0,1,0,0.4,0,3,3,2,True
964,0,0,1,0,0,0,1,19,1,3,1,5,0,3,0,2,1,0,0,0,0.666666666666667,0,2,2,1,False
965,1,0,1,1,0,0,3,29,4,5,12,14,0,3,0,21,2,0,1,0,0.5,0,3,4,2,True
966,0,0,1,0,0,1,1,34,2,1,2,7,0,1,0,1,2,1,1,0,0.0,0,1,0,1,False
967,0,0,1,1,1,0,2,25,1,1,2,7,0,3,1,3,2,1,1,0,0.5,0,3,2,0,False
968,0,0,1,0,0,1,1,29,1,1,1,5,0,4,0,3,2,0,1,0,1.0,0,1,1,1,False
969,0,0,1,0,0,1,1,29,1,1,1,4,0,3,0,2,2,0,1,0,1.0,0,2,1,0,False
970,0,0,1,1,0,0,1,19,1,0,0,1,0,3,0,0,1,2,2,0,0.5,0,2,2,0,False
971,0,0,1,0,0,0,2,23,1,0,2,2,0,1,0,4,2,2,2,0,0.5,0,2,2,0,False
972,0,0,1,1,0,0,1,19,1,0,1,2,0,3,0,0,1,1,1,0,0.5,0,2,2,0,False
973,0,0,1,1,0,0,1,19,1,0,0,1,0,3,0,0,1,2,2,0,0.5,0,1,2,1,False
974,0,1,1,0,0,0,1,19,1,0,0,0,0,0,1,1,0,1,1,0,1.0,0,2,1,0,False
975,0,0,1,1,1,0,2,16,2,1,8,12,0,1,0,7,2,2,1,0,0.0,0,2,0,0,False
976,0,0,1,0,0,1,1,24,1,0,1,2,0,3,0,0,1,1,1,0,0.0,0,2,0,0,False
977,0,0,1,1,0,0,1,22,2,0,0,4,0,2,1,0,2,0,1,0,0.0,0,2,0,0,False
978,0,0,1,0,0,0,2,16,1,0,3,4,0,1,0,0,1,0,2,0,0.0,0,1,0,0,False
979,0,0,1,1,0,0,2,16,1,2,3,4,0,3,0,4,1,0,4,0,1.0,0,1,1,0,False
980,0,2,1,0,0,0,2,16,5,2,5,13,0,3,2,9,2,0,0,0,1.0,0,1,1,0,False
981,0,1,1,0,0,4,1,23,1,0,0,0,0,0,1,0,0,3,1,0,0.0,0,2,0,0,False
982,0,0,1,2,1,0,2,25,2,7,10,17,0,2,1,11,2,0,0,0,1.0,0,3,1,1,False
983,0,0,1,1,0,0,1,19,1,0,0,1,0,2,3,0,1,6,1,0,0.5,0,2,2,0,False
984,0,0,1,1,0,0,1,20,5,3,2,6,0,4,0,5,2,0,1,0,0.5,0,2,2,0,True
985,0,0,1,0,0,0,1,21,1,2,0,1,1,5,0,2,1,0,1,0,1.0,0,2,1,1,False
986,0,0,1,0,0,0,1,20,1,0,3,3,0,1,0,4,1,2,1,0,0.0,0,1,0,1,False
987,0,0,1,1,0,0,1,22,2,3,5,2,0,4,0,7,2,0,1,0,0.0,0,2,0,0,False
988,0,0,1,0,0,0,1,20,3,4,2,4,1,4,0,7,2,0,1,0,0.0,0,2,0,0,False
989,0,0,1,0,0,0,1,20,3,4,2,4,1,4,0,7,2,0,1,0,0.0,0,1,0,1,False
990,0,0,1,0,0,0,1,22,2,3,1,2,1,4,0,5,2,0,1,0,0.0,0,1,0,1,False
991,0,0,1,1,0,0,1,21,1,0,1,2,0,1,0,0,1,2,1,0,0.0,0,2,0,0,False
992,0,0,1,0,0,0,1,19,1,0,1,2,0,1,0,0,1,1,2,0,0.0,0,2,0,0,False
993,0,0,2,0,0,0,2,19,1,0,3,9,0,1,0,0,2,1,1,0,0.0,0,2,0,0,True
994,0,0,1,0,0,0,1,22,3,3,0,9,1,4,0,8,2,0,0,0,0.0,0,2,0,0,True
995,0,0,1,0,0,1,1,25,4,2,0,4,1,4,0,3,2,0,1,0,0.0,0,1,0,1,True
996,0,0,1,0,0,0,1,21,2,2,0,2,1,4,0,5,2,0,1,0,0.0,0,1,0,1,True
997,0,0,1,0,0,0,1,17,2,2,0,3,1,4,0,6,2,0,1,0,0.0,0,2,0,0,True
998,0,0,1,0,0,0,1,20,5,3,0,7,0,4,0,4,2,0,1,0,0.0,0,1,0,1,False
999,0,0,1,0,0,1,1,22,2,3,0,1,1,5,0,3,2,0,1,0,0.0,0,2,0,0,False
1000,0,0,1,0,0,0,1,19,1,0,1,1,3,2,0,4,1,2,9,0,0.0,0,2,0,0,True
1001,0,0,1,1,0,1,1,25,3,2,0,3,1,4,0,4,2,0,1,0,1.0,0,2,1,0,False
1002,0,0,1,0,0,0,1,23,2,2,0,2,1,4,0,6,2,0,1,0,0.0,0,2,0,0,False
1003,0,0,1,0,0,0,1,21,3,3,1,9,0,4,0,8,2,0,1,0,1.0,0,2,1,2,False
1004,0,0,1,0,0,0,1,22,2,4,2,3,2,4,0,6,2,0,1,0,0.0,0,2,0,0,False
1005,0,1,1,16,1,0,1,52,20,5,5,36,0,4,6,17,2,0,0,0,1.0,0,2,1,1,True
1006,0,0,1,0,0,0,1,20,2,5,3,2,0,4,2,6,2,0,1,0,0.0,0,1,0,1,False
1007,0,0,1,0,0,1,1,23,2,2,1,2,1,4,0,4,2,0,1,0,1.0,0,2,1,0,True
1008,0,0,1,0,0,0,1,19,1,2,0,0,0,6,2,0,1,0,1,0,0.0,0,1,0,2,False
1009,0,0,1,0,0,0,1,19,1,1,0,0,0,7,0,0,1,0,1,0,0.0,0,1,0,0,False
1010,0,0,1,0,0,0,1,19,1,3,1,0,0,5,1,2,1,1,1,0,1.0,0,1,1,2,False
1011,0,0,1,0,0,0,1,19,1,1,0,0,0,7,0,0,1,0,1,0,0.0,0,1,0,2,False
1012,0,0,1,0,0,0,1,19,1,0,0,1,0,5,0,1,1,0,2,0,0.0,0,1,0,0,False
1013,0,0,1,0,0,0,1,20,2,2,0,2,1,4,0,6,2,0,1,0,1.0,0,2,1,0,False
1014,0,0,1,0,0,0,1,22,2,2,0,2,1,4,0,6,2,0,1,0,1.0,0,1,1,1,False
1015,0,0,2,0,0,0,2,21,1,0,2,6,0,1,0,0,2,1,1,0,0.0,0,1,0,1,False
1016,0,0,1,0,0,0,1,19,1,1,0,0,0,3,0,0,1,0,1,0,0.0,0,2,0,0,False
1017,0,0,1,0,0,0,1,19,1,0,1,1,0,2,0,1,1,1,2,0,0.0,0,2,0,0,False
1018,0,0,1,0,0,0,1,20,1,1,0,1,2,4,0,3,1,0,4,0,0.0,0,2,0,0,False
1019,0,0,1,1,0,0,1,20,3,3,4,4,0,4,1,8,2,0,1,0,0.0,0,1,0,1,True
1020,0,0,1,1,0,0,1,19,1,2,0,0,0,5,0,0,1,0,2,0,0.0,0,1,0,1,False
1021,0,0,1,1,0,5,1,75,6,4,6,13,2,4,0,7,2,0,1,0,0.5,0,1,2,3,False
1022,1,0,2,0,0,2,2,51,1,7,0,0,2,4,5,11,1,0,1,0,1.0,0,1,1,0,False
1023,1,0,1,1,0,0,2,23,1,0,3,5,0,1,0,1,2,2,1,0,0.0,0,2,0,0,True
1024,0,0,1,0,0,0,1,24,2,2,1,2,0,5,0,3,2,0,1,0,1.0,0,1,1,0,True
1025,0,0,1,0,0,0,1,28,2,0,1,2,2,5,0,3,2,1,2,0,0.0,0,1,0,0,False
1026,0,0,1,0,0,0,2,71,3,0,1,3,0,5,0,3,2,1,5,0,0.0,0,2,0,0,True
1027,0,0,1,0,0,0,1,28,2,0,1,2,2,5,0,3,2,1,2,0,1.0,0,1,1,0,False
1028,0,0,1,0,0,0,1,20,2,2,1,2,0,5,0,3,2,0,1,0,0.5,0,1,2,0,False
1029,0,0,1,0,0,1,1,29,1,1,1,1,1,5,0,2,1,0,1,0,0.0,0,1,0,0,False
1030,0,0,1,0,0,1,1,29,1,1,1,1,1,5,0,2,1,0,1,0,0.0,0,1,0,0,False
1031,0,1,1,0,0,0,1,21,1,0,0,0,0,0,0,0,0,0,1,0,0.5,0,2,2,0,False
1032,0,0,1,0,1,0,1,39,1,4,2,8,0,1,0,4,3,1,1,0,1.0,0,2,1,1,False
1033,0,0,1,0,0,0,1,19,1,0,2,7,0,1,0,0,1,0,1,0,0.0,0,1,0,2,False
1034,0,0,1,0,0,0,1,19,1,2,2,4,1,3,0,8,1,0,2,0,0.0,0,2,0,1,False
1035,0,1,1,0,0,0,1,19,1,0,0,0,0,1,0,0,1,0,1,0,0.0,0,1,0,1,False
1036,0,0,0,0,0,0,0,24,1,0,0,0,0,0,0,0,0,0,0,0,0.5,0,2,2,0,False
1037,0,0,1,0,0,0,2,20,1,2,2,4,0,2,0,1,2,0,1,0,0.0,0,2,0,0,False
1038,0,1,1,0,0,7,1,29,1,0,0,0,0,1,3,0,1,1,0,0,0.0,0,1,0,1,False
1039,0,0,1,0,0,0,2,26,1,1,1,3,0,3,0,4,1,0,1,0,1.0,0,2,1,0,False
1040,0,0,1,1,0,0,2,36,5,6,7,16,0,4,0,11,2,0,0,0,1.0,0,2,1,0,False
1041,0,0,1,0,0,0,1,26,2,6,10,28,0,3,0,12,2,0,1,0,1.0,0,2,1,0,True
1042,0,0,1,0,0,0,2,19,2,0,3,3,0,3,0,4,2,2,3,0,0.5,0,2,3,0,False
1043,0,0,1,0,2,0,1,24,3,2,2,6,0,2,0,1,2,0,0,0,0.0,0,2,0,0,False
1044,0,0,1,0,3,1,1,55,7,7,1,15,0,1,3,1,2,0,0,0,0.0,0,2,0,0,False
1045,0,1,1,0,0,6,1,27,1,0,0,0,0,0,1,0,0,1,1,0,0.0,0,1,0,1,False
1046,0,1,1,0,0,0,1,19,1,0,0,0,0,1,2,0,1,4,1,0,0.0,0,2,0,0,False
1047,1,0,1,1,3,0,1,20,2,0,3,6,0,1,0,2,2,1,2,0,1.0,0,2,1,1,False
1048,0,0,1,0,0,0,1,19,1,0,3,7,0,1,0,0,1,0,1,0,0.333333333333333,0,1,3,2,True
1049,0,0,1,1,0,0,1,24,4,3,10,4,1,2,1,12,2,1,2,0,1.0,0,2,1,2,False
1050,0,0,1,0,0,1,1,20,1,1,0,0,0,3,0,1,1,0,2,0,0.0,0,1,0,1,False
1051,0,0,1,1,0,1,1,30,5,3,10,5,2,2,0,12,2,1,2,0,1.0,0,2,1,1,False
1052,0,0,1,1,0,0,1,26,1,0,3,10,0,1,0,1,1,0,1,0,0.0,0,2,0,0,False
1053,0,0,1,0,0,0,1,21,1,0,2,7,0,1,0,0,1,0,1,0,0.0,0,1,0,1,False
1054,0,0,1,2,0,0,1,21,3,3,2,2,0,5,0,4,2,0,1,0,0.0,0,2,0,1,False
1055,0,0,3,0,0,1,4,25,1,1,0,2,0,2,0,0,1,0,1,0,0.0,0,1,0,1,False
1056,0,1,1,0,0,0,1,21,1,0,0,0,0,0,0,0,0,0,1,0,0.5,0,2,2,0,False
1057,0,0,1,0,1,0,1,32,2,5,4,7,0,2,0,2,2,1,1,0,1.0,0,2,1,1,False
1058,0,0,1,0,0,0,1,22,1,0,0,2,0,1,0,3,2,1,2,0,1.0,0,2,1,1,False
1059,0,0,1,0,0,0,1,21,3,1,1,3,1,4,0,4,2,0,1,0,0.0,0,1,0,1,False
1060,0,0,1,0,0,0,1,19,1,1,0,2,0,6,0,0,1,0,1,0,0.0,0,1,0,2,False
1061,0,0,1,0,0,0,1,19,1,0,0,1,1,2,0,0,1,0,4,0,0.0,0,2,0,2,False
1062,0,0,1,0,0,0,1,21,2,1,0,2,1,4,0,2,2,0,1,0,0.0,0,1,0,1,False
1063,0,0,1,0,0,0,1,21,4,3,1,6,0,4,0,6,2,0,1,0,0.0,0,3,0,0,False
1064,0,1,1,0,0,0,1,23,1,0,0,0,0,0,0,0,0,0,1,0,0.5,0,2,2,0,False
1065,2,0,1,0,0,1,2,31,1,1,3,2,0,2,0,2,1,1,2,0,1.0,0,2,1,0,False
1066,0,0,1,0,0,0,1,20,1,0,0,2,0,1,0,3,2,1,2,0,1.0,0,2,1,0,False
1067,0,0,1,1,0,0,1,19,3,2,3,5,0,4,0,4,2,0,1,0,0.0,0,2,0,0,False
1068,0,0,1,0,0,0,1,21,2,1,0,4,1,4,0,3,2,0,1,0,1.0,0,2,1,0,False
1069,2,0,1,0,0,2,1,36,1,1,1,3,0,6,0,4,1,0,1,0,0.0,0,2,0,0,False
1070,0,0,1,0,0,0,1,19,1,0,2,7,0,1,0,0,1,0,1,0,0.0,0,1,0,1,False
1071,0,0,1,0,0,0,1,19,1,0,0,1,2,3,0,2,1,2,4,0,0.0,0,1,0,1,False
1072,0,0,1,0,0,0,1,19,1,1,2,1,1,2,1,4,1,1,1,0,0.0,0,2,0,2,False
1073,2,0,1,0,2,3,3,49,1,4,0,2,1,1,0,10,1,1,1,0,0.333333333333333,0,4,4,0,True
1074,0,0,1,0,2,1,1,37,1,2,1,7,0,3,0,4,1,0,1,0,0.5,0,3,3,1,True
1075,1,0,1,3,0,0,1,62,2,2,18,45,0,1,0,2,2,0,1,0,0.777777777777778,0,2,3,2,True
1076,0,0,1,2,0,1,4,34,1,7,4,1,1,4,0,5,1,0,1,0,0.666666666666667,0,2,2,2,False
1077,0,0,2,0,1,4,4,29,1,0,0,2,0,1,0,1,1,1,5,2,0.5,0,3,2,1,False
1078,0,0,1,0,0,1,1,37,1,0,2,13,0,3,0,11,1,0,1,0,0.625,0,3,3,1,True
1079,0,0,1,0,0,0,1,25,1,2,1,9,0,2,0,4,1,0,1,0,1.0,0,1,1,2,False
1080,0,0,1,0,1,0,2,33,1,4,1,10,0,3,0,5,1,0,1,0,1.0,0,4,1,0,False
1081,0,0,1,1,0,0,1,21,2,0,2,3,0,3,0,4,2,1,1,0,1.0,0,3,1,1,False
1082,1,0,1,14,2,5,6,38,1,0,0,2,3,1,0,0,1,0,1,0,0.0,0,1,0,1,False
1083,0,0,1,1,1,0,1,25,1,0,1,10,0,2,0,2,1,1,2,0,1.0,0,1,1,1,False
1084,1,0,1,1,1,0,2,22,1,0,0,3,0,1,0,0,2,0,1,0,1.0,0,2,1,0,False
1085,0,0,1,0,0,2,2,25,1,0,0,3,0,4,0,5,1,1,4,1,1.0,0,1,1,0,False
1086,0,0,1,0,0,4,1,31,2,1,0,2,3,4,0,9,2,0,1,0,0.0,0,1,0,0,False
1087,0,0,1,0,0,0,1,29,1,1,0,10,0,4,0,4,1,0,3,0,0.666666666666667,0,2,2,2,False
1088,0,0,1,0,0,2,1,24,2,1,0,2,0,4,0,3,2,0,1,0,0.0,0,1,0,1,False
1089,1,0,1,0,0,2,1,26,2,1,0,2,1,4,0,2,2,0,1,0,1.0,0,1,1,1,False
1090,1,0,1,0,0,1,1,24,2,1,0,2,0,4,0,2,2,0,1,0,1.0,0,2,1,0,False
1091,0,0,1,0,0,0,1,20,1,2,4,2,2,4,0,5,1,2,3,0,0.0,0,3,0,1,False
1092,1,0,1,0,0,2,1,25,2,1,0,2,1,4,0,2,2,0,1,0,0.5,0,1,2,0,False
1093,0,0,1,0,0,4,1,26,2,1,0,2,2,4,0,1,2,0,1,0,1.0,0,1,1,0,False
1094,0,0,1,0,0,2,1,27,2,2,0,2,1,4,0,4,2,0,1,0,0.75,0,3,2,1,True
1095,0,0,1,0,0,2,1,23,2,1,1,2,1,4,0,2,2,0,1,0,1.0,0,1,1,0,False
1096,0,0,1,0,0,2,2,29,2,2,1,2,3,4,0,4,2,0,1,0,0.0,0,4,0,0,False
1097,0,0,1,0,0,0,1,21,2,2,2,2,3,4,0,7,2,0,1,0,1.0,0,3,1,1,False
1098,1,0,1,2,0,1,2,41,4,9,1,9,1,3,0,6,2,0,0,0,0.6,0,3,3,1,True
1099,0,0,1,1,0,1,3,31,2,2,3,3,1,3,0,10,1,3,3,0,0.444444444444444,0,3,3,1,True
1100,1,0,1,0,5,0,1,25,1,0,0,5,0,1,0,2,1,0,1,0,1.0,0,2,1,0,True
1101,0,0,1,1,0,0,1,24,1,0,8,14,0,2,0,9,1,0,1,0,0.625,0,3,4,2,True
1102,0,0,1,0,0,2,1,26,1,0,1,2,0,2,0,2,1,2,1,0,1.0,0,2,1,1,False
1103,1,0,1,0,1,5,2,30,1,0,0,1,0,1,0,2,1,0,1,0,0.0,0,1,0,0,False
1104,1,0,1,0,4,1,2,33,1,0,0,4,0,1,0,4,1,0,1,0,0.666666666666667,0,1,2,0,True
1105,0,0,1,1,2,4,2,45,1,0,6,3,0,1,0,2,2,6,1,0,0.714285714285714,0,1,2,0,True
1106,2,0,1,1,0,1,3,39,2,3,10,7,0,3,0,8,1,1,1,0,0.666666666666667,0,4,2,1,True
1107,0,0,1,0,0,2,2,26,1,0,0,2,0,4,0,1,1,2,6,1,0.0,0,2,0,0,False
1108,0,0,1,0,0,0,2,21,1,0,0,4,1,2,0,1,1,0,4,0,1.0,0,1,1,0,True
1109,0,0,1,0,0,1,1,39,9,0,0,15,1,4,0,10,2,0,2,0,0.5,0,1,2,0,True
1110,0,0,1,1,0,1,1,24,3,1,1,3,0,4,0,3,2,0,1,0,0.0,0,1,0,0,False
1111,0,0,1,0,0,0,1,22,3,1,1,3,0,4,0,3,2,0,1,0,1.0,0,1,1,0,False
1112,0,0,1,1,0,2,1,26,3,1,1,3,1,4,0,9,2,0,1,0,0.0,0,1,0,1,False
1113,0,0,1,0,0,2,1,22,2,1,0,2,1,4,0,2,2,0,1,0,1.0,0,1,1,1,False
1114,0,0,1,0,0,2,1,22,2,1,0,2,1,4,0,2,2,0,1,0,1.0,0,1,1,1,False
1115,0,0,1,0,0,1,1,25,4,0,0,6,3,4,0,8,2,0,2,0,0.5,0,1,2,0,False
1116,0,0,1,0,0,1,1,20,1,1,0,0,0,5,0,0,1,0,2,0,1.0,0,2,1,1,False
1117,0,0,1,1,0,1,1,25,2,1,0,2,2,4,0,9,2,0,1,0,0.5,0,1,2,1,False
1118,2,0,1,1,1,0,1,23,3,0,2,4,1,2,0,10,2,0,1,0,1.0,0,1,1,0,False
1119,0,0,1,0,0,1,1,20,1,1,0,0,0,5,0,0,1,0,2,0,1.0,0,1,1,1,False
1120,0,0,1,0,0,1,1,20,1,1,0,0,0,5,0,0,1,0,2,0,1.0,0,1,1,1,True
1121,0,0,1,0,0,1,1,26,3,1,4,4,2,2,0,11,2,1,1,0,0.0,0,4,0,0,False
1122,1,0,1,1,0,1,2,31,3,1,1,7,0,4,0,2,2,0,1,0,0.5,0,2,2,0,True
1123,0,0,1,1,0,0,1,22,3,1,2,3,0,4,0,4,2,0,1,0,1.0,0,1,1,0,True
1124,0,0,1,1,0,0,1,24,3,1,0,3,1,4,0,8,2,0,1,0,0.666666666666667,0,1,2,0,True
1125,0,0,1,0,0,1,1,21,2,2,2,2,0,4,0,2,2,0,1,0,0.5,0,2,2,0,False
1126,0,0,1,0,0,1,1,24,2,2,1,3,1,4,0,2,2,0,1,0,0.5,0,2,2,0,False
1127,1,0,1,2,0,0,1,20,3,1,0,3,1,4,0,3,2,0,1,0,1.0,0,1,1,0,True
1128,0,0,1,0,0,0,1,20,2,1,1,2,0,4,3,2,2,0,1,0,0.5,0,1,2,1,False
1129,0,0,1,0,0,1,2,25,1,0,0,2,0,2,0,0,1,2,2,0,0.0,0,2,0,0,False
1130,0,0,1,0,0,0,1,25,1,0,2,3,0,1,0,1,1,1,1,0,0.0,0,3,0,0,False
1131,0,0,1,0,0,0,1,22,1,1,1,2,0,5,0,2,1,1,1,0,0.0,0,2,0,1,False
1132,0,0,1,0,0,0,1,19,1,1,0,0,0,6,0,0,1,0,1,0,0.0,0,1,0,2,False
1133,0,1,1,0,0,0,1,22,1,0,0,0,0,0,0,0,0,0,1,0,0.5,0,2,2,0,False
1134,0,0,1,0,1,0,2,24,1,1,3,3,0,2,0,5,1,1,1,0,0.5,0,2,2,1,False
1135,0,0,1,0,0,0,1,21,1,0,0,2,0,1,0,3,2,1,2,0,1.0,0,1,1,2,False
1136,0,0,1,0,0,0,1,19,1,0,1,13,0,1,0,3,1,1,1,0,0.5,0,1,2,2,False
1137,0,0,1,0,0,0,1,19,1,1,0,3,0,6,0,1,1,0,1,0,1.0,0,3,1,1,False
1138,0,0,1,0,0,0,1,16,1,1,1,2,0,3,0,3,2,1,1,0,0.8,0,3,2,0,False
1139,0,0,1,0,0,0,2,16,1,2,0,1,0,3,0,9,1,0,2,0,0.0,0,2,0,1,False
1140,0,0,2,1,0,0,5,19,3,4,6,3,0,1,0,6,2,2,2,0,1.0,0,3,1,1,True
1141,0,0,0,0,0,0,0,17,0,0,0,0,0,0,0,0,0,0,0,0,0.0,0,1,0,0,False
1142,0,0,1,0,0,0,2,19,1,0,0,1,0,1,0,1,2,2,4,1,0.0,0,1,0,2,False
1143,0,0,1,1,0,0,2,32,1,5,3,8,0,3,0,3,1,0,1,0,1.0,0,2,1,1,False
1144,0,0,1,0,0,0,1,19,1,2,0,2,0,3,0,2,1,0,2,0,1.0,0,1,1,2,False
1145,0,0,1,2,0,0,2,34,1,3,5,21,0,2,0,11,1,0,1,0,0.8,0,2,2,1,False
1146,0,0,1,0,0,0,1,19,1,0,0,3,0,2,0,3,1,0,2,0,1.0,0,1,1,2,False
1147,0,0,1,0,0,0,2,19,1,1,1,2,0,3,0,1,1,2,1,0,1.0,0,2,1,1,False
1148,0,0,1,0,0,0,1,22,1,1,0,3,0,4,0,2,1,0,3,0,0.0,0,2,0,1,False
1149,0,0,1,0,0,2,1,23,2,1,1,2,0,4,0,6,2,0,1,0,0.0,0,2,0,1,False
1150,0,0,1,0,0,0,1,19,1,1,0,2,0,3,0,3,1,0,1,0,1.0,0,1,1,1,False
1151,0,0,1,0,0,0,2,24,1,2,3,4,0,3,0,7,2,1,1,0,1.0,0,1,1,3,False
1152,0,0,1,0,0,0,1,19,1,1,5,16,0,2,0,9,1,0,1,0,0.625,0,2,4,1,True
1153,0,0,1,0,0,0,2,19,1,0,1,2,0,3,0,6,1,2,1,0,1.0,0,2,1,1,False
1154,0,0,1,0,0,0,1,19,1,1,1,2,0,2,0,2,1,1,3,0,0.0,0,2,0,0,False
1155,0,1,1,0,0,0,1,16,1,0,0,0,0,2,1,0,1,1,1,0,0.0,0,1,0,0,False
1156,1,0,2,0,0,5,2,31,2,0,0,2,3,2,0,8,2,1,5,0,0.666666666666667,0,2,2,1,False
1157,0,0,1,0,0,0,1,16,1,0,1,5,0,1,0,0,2,0,1,0,0.0,0,1,0,0,False
1158,0,0,1,2,4,0,1,20,1,0,0,4,0,1,0,3,1,1,1,0,1.0,0,1,1,1,False
1159,0,0,1,1,0,0,1,23,1,1,1,6,0,3,0,4,1,0,1,0,1.0,0,1,1,1,False
1160,0,0,1,0,0,0,1,20,1,1,0,0,0,5,0,0,1,0,2,0,1.0,0,1,1,1,False
1161,0,0,1,0,1,0,1,22,1,1,2,3,2,4,1,4,1,2,1,0,0.5,0,1,3,1,True
1162,0,0,1,0,2,0,2,20,1,0,0,2,0,1,0,0,1,2,1,0,1.0,0,1,1,1,False
1163,0,0,0,0,0,0,0,19,1,0,7,2,0,1,0,1,1,0,1,0,0.0,0,1,0,1,False
1164,0,2,1,0,0,1,1,24,1,0,0,0,0,0,0,1,0,0,1,0,0.5,0,2,2,0,False
1165,0,0,1,0,0,3,6,22,1,0,0,1,0,2,0,7,1,5,6,3,0.0,0,2,0,0,False
1166,0,0,1,1,7,0,1,55,4,9,10,42,0,1,3,10,5,0,1,0,0.5,0,3,2,1,True
1167,0,0,1,0,0,0,2,22,1,2,0,0,0,4,0,3,1,3,1,0,1.0,0,2,1,0,False
1168,0,0,1,0,0,0,1,19,1,0,0,2,0,1,0,3,2,1,2,0,1.0,0,2,1,0,False
1169,0,0,1,1,0,0,1,19,3,2,3,4,0,4,0,4,2,0,1,0,0.0,0,2,0,0,False
1170,0,0,1,0,0,0,1,21,2,2,2,3,1,4,0,3,2,0,1,0,1.0,0,1,1,2,False
1171,0,0,1,0,0,1,1,22,2,2,2,3,1,4,0,2,2,0,1,0,1.0,0,1,1,1,False
1172,0,0,1,0,0,1,1,20,1,0,0,1,3,2,0,5,1,0,11,0,0.0,0,2,0,0,False
1173,0,0,1,0,0,1,1,24,2,2,2,3,1,4,0,3,2,0,1,0,1.0,0,1,1,1,False
1174,0,0,1,0,0,0,1,20,1,0,1,2,0,1,0,1,1,1,1,0,0.0,0,2,0,0,False
1175,0,0,1,0,0,1,2,23,3,1,0,3,1,4,0,2,2,0,1,0,1.0,0,1,1,0,True
1176,0,0,1,0,0,0,1,19,1,2,0,1,1,5,0,4,1,0,1,0,1.0,0,3,1,0,False
1177,0,0,1,0,0,0,1,19,2,1,0,4,2,4,0,2,2,0,1,0,1.0,0,1,1,1,False
1178,0,0,1,0,0,2,2,25,3,1,0,3,1,4,0,2,2,0,1,0,1.0,0,1,1,0,True
1179,0,0,1,0,0,0,1,19,1,2,2,1,1,5,0,1,1,0,1,0,1.0,0,2,1,0,False
1180,0,1,1,0,0,0,1,22,1,0,0,0,0,0,0,0,0,0,1,0,0.5,0,2,2,0,False
1181,0,1,1,0,0,0,1,22,1,0,0,0,0,0,0,0,0,0,1,0,0.5,0,2,2,0,False
1182,0,0,1,1,24,3,1,212,1,11,5,43,0,1,0,3,4,0,1,0,0.333333333333333,0,4,4,1,True
1183,0,0,1,0,0,0,1,21,1,0,0,3,0,3,0,0,1,1,2,0,0.0,0,1,0,1,False
1184,0,0,1,0,0,0,1,19,1,0,1,3,0,1,0,3,2,2,2,0,1.0,0,1,1,2,False
1185,0,0,1,0,0,0,1,19,1,0,0,1,0,1,0,3,2,1,2,0,1.0,0,2,1,1,False
1186,0,0,1,0,0,0,1,19,1,2,0,0,0,5,0,4,1,0,2,0,0.0,0,3,0,0,False
1187,0,0,1,0,0,0,1,22,2,1,0,3,1,4,0,2,2,0,1,0,0.5,0,1,2,1,True
1188,0,0,1,1,0,0,2,19,1,0,0,1,0,2,0,0,1,1,2,1,0.666666666666667,0,3,2,0,True
1189,0,0,1,0,0,0,1,19,2,1,0,3,1,4,0,2,2,0,1,0,1.0,0,2,1,0,True
1190,0,0,1,0,0,0,1,19,2,1,0,3,1,4,0,2,2,0,1,0,1.0,0,1,1,1,False
1191,0,0,1,0,0,0,1,19,1,1,0,1,0,6,0,0,1,0,1,0,1.0,0,2,1,0,True
1192,0,0,1,0,0,0,1,19,1,1,0,1,0,6,0,0,1,0,1,0,0.5,0,2,2,0,True
1193,0,0,1,0,0,0,1,23,1,0,3,6,0,1,2,1,2,1,1,0,1.0,0,1,1,0,True
1194,1,0,1,0,0,0,2,27,2,1,7,9,0,2,0,7,3,2,1,0,1.0,0,1,1,0,True
1195,0,0,1,0,0,0,3,24,1,0,3,2,0,2,0,8,1,2,5,1,0.714285714285714,0,2,3,0,True
1196,1,0,1,1,0,0,3,26,1,5,0,0,0,2,2,1,1,3,1,0,1.0,0,1,1,0,False
1197,0,0,1,0,0,0,1,22,1,1,0,0,0,3,0,1,1,1,1,0,0.0,0,1,0,0,False
1198,0,0,1,0,0,0,2,24,1,5,0,0,0,3,0,1,1,0,1,0,1.0,0,1,1,0,True
1199,0,0,1,0,0,0,1,23,1,0,0,1,0,2,0,2,1,0,1,0,0.0,0,1,0,0,False
1200,1,0,2,0,3,2,2,30,1,0,0,3,0,1,0,5,1,0,1,0,1.0,0,1,1,0,True
1201,1,0,1,0,3,0,1,23,1,0,0,3,0,1,0,2,1,0,1,0,1.0,0,1,1,0,True
1202,0,0,1,0,0,0,1,22,1,1,0,0,0,3,0,1,1,3,3,0,1.0,0,1,1,0,False
1203,0,0,1,0,0,1,7,28,1,1,6,1,2,4,0,12,1,5,18,2,0.428571428571429,0,1,3,1,True
1204,0,0,1,1,0,0,1,21,1,0,5,16,0,3,0,9,1,0,1,0,0.714285714285714,0,2,3,0,True
1205,0,0,1,0,0,0,1,22,1,3,0,7,0,2,0,4,1,0,2,0,1.0,0,1,1,0,False
1206,1,0,1,0,1,0,2,17,1,0,0,1,0,1,0,0,1,0,0,0,0.0,0,1,0,0,False
1207,0,0,1,0,0,0,2,22,1,1,1,11,0,3,0,1,1,0,1,0,1.0,0,1,1,0,True
1208,0,0,1,1,0,1,5,25,1,0,6,2,0,3,0,8,1,3,9,1,0.625,0,1,3,1,True
1209,0,0,1,0,0,0,1,16,1,1,0,2,0,5,0,0,1,0,1,0,1.0,0,1,1,0,True
1210,0,0,1,1,0,0,1,16,1,1,0,2,1,5,0,1,1,0,1,0,1.0,0,1,1,0,True
1211,0,0,1,0,0,0,1,16,1,0,1,2,0,2,0,2,1,1,6,0,1.0,0,1,1,0,True
1212,0,0,1,0,0,0,1,19,1,0,1,2,0,1,0,0,1,1,1,0,1.0,0,1,1,0,True
1213,0,0,1,0,0,0,1,16,1,0,0,1,0,1,0,2,2,1,4,0,0.0,0,1,0,0,False
1214,0,0,1,0,0,0,1,16,1,0,0,1,0,6,0,0,1,0,1,0,0.0,0,1,0,0,False
1215,0,0,1,1,0,0,1,16,1,0,0,2,0,5,1,1,1,0,1,0,1.0,0,1,1,0,True
1216,0,0,1,0,0,0,1,16,1,1,0,1,0,5,0,0,1,0,1,0,1.0,0,1,1,0,True
1217,0,0,1,1,0,0,1,17,1,0,0,3,1,5,0,2,1,0,1,0,1.0,0,1,1,0,True
1218,0,0,1,0,0,1,1,26,1,0,1,3,0,2,0,2,1,0,1,0,0.0,0,1,0,2,False
1219,0,0,1,0,0,0,1,23,1,1,1,5,0,3,0,1,2,0,1,0,1.0,0,2,1,1,False
1220,0,0,1,0,0,0,1,22,1,2,1,1,0,3,0,2,1,1,2,0,1.0,0,2,1,2,False
1221,0,0,1,0,0,0,1,24,2,2,2,13,0,2,0,11,2,0,1,0,0.5,0,1,3,2,True
1222,0,0,1,0,0,0,1,22,1,1,2,2,0,3,5,0,1,1,1,0,1.0,0,4,1,0,False
1223,0,0,1,0,0,1,2,37,1,1,6,7,0,5,2,3,1,1,1,0,0.0,0,2,0,1,False
1224,0,0,1,0,0,0,1,24,1,1,0,1,1,3,0,5,1,1,4,0,1.0,0,2,1,1,False
1225,0,0,1,1,0,0,1,26,2,1,2,5,0,3,0,4,2,0,0,0,0.0,0,3,0,0,False
1226,0,0,2,0,0,0,2,21,1,1,1,2,0,2,0,0,1,1,1,0,0.0,0,2,0,2,False
1227,0,0,1,0,0,0,2,22,1,2,0,0,0,4,1,3,1,4,1,0,1.0,0,3,1,0,True
1228,0,0,1,0,0,0,2,23,1,2,1,2,0,4,0,4,1,1,1,0,0.5,0,2,2,1,False
1229,0,0,1,1,0,2,2,66,4,11,2,9,0,1,0,16,3,0,0,0,0.727272727272727,0,3,3,2,True
1230,1,0,1,1,0,1,2,86,1,3,17,32,0,2,1,21,7,0,1,0,0.444444444444444,0,4,5,2,True
1231,0,0,1,0,0,0,1,46,1,0,8,16,0,2,0,0,1,1,1,0,0.5,0,1,2,1,True
1232,0,0,0,0,0,0,0,21,1,0,2,0,0,2,0,0,1,0,0,0,0.0,0,3,0,1,False
1233,0,0,0,0,0,0,0,21,1,0,3,0,0,2,0,0,1,0,0,0,0.0,0,3,0,1,False
1234,0,0,1,0,0,0,1,28,1,0,2,8,0,2,0,3,4,0,0,0,1.0,0,3,1,1,False
1235,0,0,1,0,0,0,1,31,1,1,4,10,0,2,0,4,3,1,1,0,0.0,0,3,0,1,False
1236,0,0,1,0,0,0,1,24,1,1,1,3,0,1,0,1,2,0,1,0,0.0,0,3,0,0,False
1237,0,0,1,0,0,4,1,66,1,7,1,1,0,2,2,0,1,0,0,0,0.0,0,2,0,1,False
1238,1,0,1,0,0,1,3,37,2,9,6,3,0,3,1,26,1,1,1,0,0.4,0,3,5,3,True
1239,0,0,1,0,0,0,2,22,1,1,2,1,0,3,1,1,1,2,3,0,0.0,0,1,0,2,False
1240,0,0,1,0,0,0,2,22,1,1,1,1,0,4,0,0,1,2,3,0,0.0,0,2,0,2,False
1241,1,0,1,1,2,0,2,86,12,23,21,41,0,2,5,11,2,0,0,0,0.3,0,3,5,2,True
1242,0,0,0,0,0,0,0,20,0,0,0,0,0,0,0,0,0,0,0,0,0.0,0,3,0,0,False
1243,0,0,1,0,0,0,1,21,1,0,3,10,0,2,0,3,3,0,1,0,1.0,0,1,1,1,False
1244,0,0,1,0,0,0,1,22,1,0,5,10,0,2,0,7,5,1,1,0,1.0,0,1,1,2,True
1245,0,0,1,0,0,0,1,23,1,0,4,6,0,1,0,7,5,1,1,0,1.0,0,2,1,1,False
1246,0,0,1,1,0,2,2,40,1,3,5,5,0,1,0,5,1,0,0,0,0.5,0,2,2,1,False
1247,0,0,1,0,0,0,2,22,1,0,1,3,0,1,0,0,2,2,2,0,0.0,0,2,0,1,False
1248,0,0,1,0,0,0,1,22,1,0,0,2,0,2,0,0,1,1,1,0,1.0,0,2,1,2,False
1249,1,0,1,0,8,0,1,22,1,0,0,8,0,1,0,2,1,0,1,0,0.0,0,2,0,0,False
1250,0,0,1,0,0,0,1,22,1,0,3,6,0,1,0,0,2,1,1,0,0.0,0,1,0,1,False
1251,0,0,1,1,0,0,1,24,1,0,3,9,0,1,0,3,2,0,1,0,0.0,0,2,0,2,False
1252,0,0,1,0,0,0,1,26,1,0,2,15,0,2,0,5,3,0,1,0,0.5,0,2,3,1,False
1253,0,0,1,2,0,2,2,33,4,3,5,7,1,3,0,7,2,0,1,0,0.5,0,3,3,1,True
1254,0,0,1,1,2,0,2,34,1,5,2,11,0,3,1,12,5,0,1,0,0.5,0,3,3,0,True
1255,0,0,2,0,0,5,2,54,1,0,1,6,0,3,7,5,1,1,1,0,0.0,0,4,0,0,True
1256,0,0,1,1,0,0,2,23,1,0,4,12,0,1,0,1,3,1,1,0,0.0,0,2,0,1,False
1257,0,0,1,0,2,0,4,19,2,0,0,3,0,2,0,1,2,1,2,0,0.0,0,3,0,0,False
1258,0,0,1,0,0,0,2,26,1,2,6,15,0,3,0,2,1,1,1,0,0.0,0,1,0,1,False
1259,0,0,1,0,0,0,1,20,1,2,1,4,0,5,0,0,1,0,1,0,0.666666666666667,0,2,2,1,False
1260,0,0,1,0,0,0,1,19,1,0,4,2,1,2,0,2,1,3,2,0,0.0,0,2,0,1,False
1261,0,0,1,0,0,0,1,22,1,0,0,3,0,1,0,0,1,1,1,0,0.0,0,1,0,2,False
1262,0,0,1,0,0,0,1,19,1,0,1,1,0,2,0,2,1,1,1,0,0.0,0,2,0,0,False
1263,0,0,1,0,0,0,1,19,1,0,1,2,0,2,0,0,1,1,1,0,0.0,0,1,0,2,False
1264,0,0,1,0,0,1,1,21,1,1,2,1,2,5,0,4,1,0,1,0,1.0,0,1,1,2,False
1265,0,0,1,0,0,0,1,20,1,1,4,1,1,2,0,7,1,0,2,0,1.0,0,2,1,1,False
1266,0,0,1,1,0,2,2,22,1,0,2,1,3,2,0,6,1,4,5,1,0.714285714285714,0,1,2,1,False
1267,0,0,1,0,0,0,1,22,1,3,2,2,1,5,3,1,1,0,1,0,1.0,0,1,1,2,False
1268,0,0,1,0,0,0,1,20,2,1,0,2,0,3,0,5,2,0,1,0,0.0,0,1,0,0,False
1269,0,0,1,0,0,0,1,20,1,0,1,2,0,1,0,1,1,1,1,0,0.0,0,2,0,0,False
1270,0,0,1,0,0,0,1,20,1,2,0,1,1,5,0,4,1,0,1,0,0.5,0,2,2,1,False
1271,0,0,1,0,0,1,2,23,1,3,1,1,0,2,1,1,1,1,1,0,1.0,0,1,1,1,False
1272,0,0,1,0,0,0,1,20,1,2,1,1,0,5,0,2,1,0,1,0,1.0,0,2,1,1,True
1273,0,0,1,1,0,0,1,19,1,1,5,2,1,2,0,9,1,4,3,0,0.0,0,3,0,0,False
1274,0,0,1,0,0,0,1,22,1,0,0,1,0,1,0,0,1,1,1,0,1.0,0,1,1,2,False
1275,0,0,1,0,0,0,1,19,1,2,1,2,0,5,0,5,1,0,1,0,1.0,0,2,1,1,False
1276,0,0,1,0,0,0,1,19,1,0,1,2,0,1,0,1,2,2,1,0,0.0,0,2,0,1,False
1277,0,0,1,0,0,0,1,19,1,0,1,2,0,1,0,1,2,1,1,0,0.0,0,2,0,1,False
1278,0,0,1,0,0,0,1,19,1,3,1,1,0,5,0,1,1,0,1,0,1.0,0,1,1,2,True
1279,0,0,1,0,0,0,1,19,1,0,0,1,1,4,0,1,1,0,2,0,0.0,0,1,0,1,False
1280,0,0,1,0,0,0,1,20,1,0,0,4,2,4,0,5,1,0,2,0,1.0,0,2,1,1,False
1281,0,0,1,0,0,0,1,19,1,0,2,1,3,2,0,5,1,3,8,0,0.5,0,1,2,0,True
1282,0,0,1,0,0,0,1,19,1,0,3,1,3,2,0,4,1,3,5,0,0.0,0,2,0,1,False
1283,0,0,1,1,0,0,1,19,2,0,1,6,0,2,0,2,2,0,1,0,0.0,0,1,0,1,False
1284,0,0,1,0,0,0,1,19,1,1,3,2,0,2,0,6,1,0,1,0,0.0,0,1,0,1,False
1285,0,0,1,0,0,0,1,19,1,0,0,1,0,1,0,1,2,0,0,0,1.0,0,2,1,0,True
1286,0,0,1,0,0,0,1,19,1,0,3,1,0,2,0,3,1,2,1,0,0.0,0,2,0,1,False
1287,0,0,1,0,0,0,1,19,1,0,0,1,1,4,0,1,1,0,2,0,0.0,0,3,0,0,False
1288,0,0,1,0,0,0,1,16,1,0,0,1,0,1,0,2,2,1,2,0,0.0,0,1,0,0,False
1289,0,0,1,0,0,0,1,16,1,0,3,2,0,3,0,4,1,1,1,0,0.0,0,1,0,0,False
1290,0,0,1,0,0,0,1,16,1,1,0,1,0,4,0,2,1,1,4,0,0.0,0,1,0,1,False
1291,0,0,1,0,0,0,1,19,1,0,1,2,0,1,0,1,1,1,1,0,0.0,0,3,0,0,False
1292,0,0,1,1,0,0,2,19,1,1,0,0,4,3,3,5,1,7,10,1,1.0,0,2,1,0,False
1293,0,0,1,0,0,0,1,20,2,3,2,2,0,3,0,5,2,1,1,0,0.5,0,1,2,3,False
1294,0,0,1,1,0,2,1,25,1,2,3,1,2,2,0,5,1,1,1,0,0.0,0,2,0,1,False
1295,0,0,1,0,0,0,2,22,1,6,2,1,0,5,3,1,1,0,1,0,0.666666666666667,0,1,2,0,False
1296,0,0,1,0,0,0,1,22,1,1,0,1,0,6,0,0,1,0,1,0,0.666666666666667,0,1,2,0,False
1297,0,0,1,0,0,0,1,22,1,1,0,1,0,6,0,0,1,0,1,0,0.666666666666667,0,1,2,0,False
1298,0,0,1,0,0,1,1,28,1,0,0,6,1,1,0,4,2,0,0,0,1.0,0,1,1,0,False
1299,0,0,1,1,0,0,1,20,1,3,0,2,1,5,1,5,1,0,1,0,1.0,0,2,1,1,False
1300,0,0,1,0,0,0,1,19,1,2,4,2,1,5,0,1,1,0,1,0,1.0,0,2,1,1,False
1301,0,0,1,0,0,0,1,19,1,0,1,3,0,1,0,1,1,1,1,0,0.0,0,1,0,2,False
1302,0,0,1,1,0,0,1,21,1,0,1,3,0,1,0,4,1,1,1,0,0.0,0,3,0,1,False
1303,0,0,1,1,1,0,1,19,1,0,1,4,0,1,0,2,2,1,1,0,0.0,0,2,0,1,False
1304,0,0,1,0,0,0,2,21,1,0,2,1,2,1,0,3,1,5,3,1,0.0,0,2,0,1,False
1305,0,0,1,0,0,0,1,19,1,3,1,1,0,5,0,1,1,0,1,0,1.0,0,1,1,2,False
1306,0,0,1,0,0,0,1,19,1,3,3,2,1,5,0,2,1,0,1,0,1.0,0,2,1,1,False
1307,0,0,1,0,0,0,1,19,1,1,1,1,1,5,0,1,1,0,1,0,1.0,0,1,1,2,False
1308,0,0,1,0,0,0,1,19,1,2,0,0,0,5,0,4,1,0,2,0,0.0,0,2,0,1,False
1309,0,0,1,0,0,0,1,19,1,0,0,1,0,3,0,0,1,0,2,0,0.0,0,1,0,1,False
1310,0,0,1,0,0,0,1,29,1,0,10,17,0,1,0,5,1,1,1,0,0.0,0,2,0,2,False
1311,0,0,1,0,0,0,1,19,1,3,1,2,1,5,0,1,1,0,0,0,1.0,0,1,1,2,False
1312,0,0,1,0,0,0,1,22,1,0,1,3,0,1,0,0,1,0,1,0,0.0,0,1,0,0,True
1313,0,0,1,0,0,0,1,20,1,1,0,1,1,4,0,7,1,0,2,0,1.0,0,2,1,1,False
1314,0,0,1,0,0,4,1,43,2,5,2,3,1,5,1,5,2,0,1,0,0.666666666666667,0,2,2,0,True
1315,0,0,1,0,0,0,1,20,1,1,0,0,0,6,0,0,1,0,2,0,0.0,0,1,0,0,False
1316,0,0,1,1,0,0,2,25,1,5,1,0,0,6,0,0,1,0,1,0,1.0,0,1,1,0,False
1317,0,0,1,0,0,0,1,22,1,1,0,1,0,5,0,2,1,0,2,0,1.0,0,1,1,0,False
1318,0,0,1,0,0,4,1,23,1,0,0,1,3,2,0,3,1,0,8,0,0.0,0,1,0,1,False
1319,0,0,1,1,0,2,1,21,1,0,0,1,6,2,0,5,1,2,17,0,1.0,0,2,1,0,False
1320,0,0,1,0,0,0,1,16,1,1,0,2,0,6,0,2,1,0,1,0,1.0,0,2,1,1,False
1321,0,0,1,0,0,0,1,19,1,1,0,1,0,3,0,1,1,0,1,0,1.0,0,2,1,0,False
1322,0,0,1,0,0,1,1,26,1,0,2,2,0,1,0,2,2,2,1,0,0.0,0,2,0,0,False
1323,0,0,1,1,0,1,3,22,1,0,0,1,1,1,0,2,2,4,5,2,0.0,0,1,0,1,False
1324,0,0,1,0,0,0,1,21,1,0,0,1,0,1,0,2,2,1,3,0,0.0,0,2,0,0,False
1325,0,0,1,0,0,0,1,19,1,1,0,0,0,5,0,2,1,0,2,0,0.0,0,1,0,1,False
1326,0,0,1,0,0,0,2,20,1,1,0,1,1,4,0,3,1,0,2,0,0.0,0,1,0,1,False
1327,0,0,1,0,0,0,1,19,1,1,0,0,0,5,0,2,1,0,2,0,0.0,0,1,0,2,False
1328,0,0,1,0,0,0,1,16,1,1,0,0,0,5,0,2,1,0,2,0,0.0,0,1,0,0,False
1329,0,0,1,0,0,1,1,23,1,1,0,2,0,5,0,2,1,0,0,0,1.0,0,2,1,0,False
1330,0,0,1,0,0,0,1,19,1,1,0,0,0,5,0,2,1,0,2,0,0.0,0,1,0,2,False
1331,0,0,1,0,0,0,1,16,1,1,0,0,0,5,0,2,1,0,2,0,0.0,0,2,0,0,False
1332,0,0,1,0,0,0,1,16,1,1,0,1,1,4,0,3,1,0,2,0,0.0,0,1,0,0,False
1333,0,0,1,0,0,0,1,16,1,1,0,1,1,4,0,3,1,0,2,0,0.0,0,1,0,0,False
1334,0,0,1,0,0,0,1,16,1,1,0,1,1,4,0,3,1,0,2,0,0.5,0,1,2,0,True
1335,0,0,1,0,0,0,1,16,1,1,0,0,0,6,0,2,1,0,2,0,0.0,0,1,0,1,False
1336,0,0,1,0,0,0,1,16,1,1,0,0,0,5,0,2,1,0,2,0,0.0,0,2,0,0,False
1337,1,0,1,0,1,0,1,19,2,0,0,3,1,1,0,3,2,0,1,0,1.0,0,2,1,1,False
1338,0,0,1,0,0,0,1,19,1,0,1,1,0,2,0,1,1,1,1,0,0.0,0,2,0,0,False
1339,0,0,1,0,0,0,1,19,1,1,0,1,1,4,0,3,1,0,2,0,0.0,0,2,0,0,False
1340,0,0,1,0,0,0,1,19,1,1,0,0,0,5,0,2,1,0,2,0,0.0,0,1,0,2,False
1341,0,0,1,0,0,0,1,20,1,2,0,0,0,5,0,2,1,0,2,0,0.0,0,1,0,1,False
1342,0,0,1,0,0,0,1,16,1,2,1,1,1,5,0,1,1,0,1,0,0.5,0,1,2,0,False
1343,0,0,1,0,0,0,1,19,1,0,2,1,2,2,0,3,1,2,3,0,0.0,0,1,0,2,False
1344,0,0,1,0,0,0,1,21,1,1,0,1,0,5,0,2,1,0,2,0,1.0,0,1,1,0,False
1345,0,1,1,0,0,0,1,16,1,0,0,0,0,2,1,0,1,2,1,0,0.0,0,1,0,0,False
1346,0,0,1,1,0,0,1,16,1,0,1,5,0,1,0,0,2,0,1,0,0.0,0,2,0,0,False
1347,0,0,1,1,0,3,1,26,1,1,0,1,1,2,3,4,1,0,1,0,0.5,0,2,2,1,False
1348,0,0,1,0,0,0,1,19,1,1,0,0,0,3,0,0,1,0,1,0,1.0,0,2,1,1,False
1349,0,0,1,0,0,0,1,20,2,3,2,2,1,3,0,4,2,1,1,0,0.5,0,1,2,3,False
1350,0,0,1,0,0,0,1,23,1,6,1,1,0,4,32,3,1,1,1,0,1.0,0,2,1,1,False
1351,0,0,1,0,0,0,1,19,1,0,2,5,0,3,0,2,1,1,1,0,0.0,0,1,0,1,False
1352,0,0,1,0,0,0,1,23,1,12,1,2,0,4,0,4,1,0,0,0,0.0,0,2,0,1,False
1353,0,0,1,0,0,0,1,19,1,1,1,3,0,3,0,3,1,0,1,0,1.0,0,2,1,0,False
1354,0,0,1,0,0,0,1,23,1,0,2,5,0,2,0,6,1,0,1,0,1.0,0,2,1,0,False
1355,0,0,1,1,0,0,2,16,2,0,2,3,1,3,0,3,2,2,1,0,1.0,0,2,1,0,False
1356,0,0,1,0,0,0,1,19,2,3,6,7,1,4,0,4,2,0,1,0,0.0,0,2,0,0,False
1357,0,0,1,0,0,0,1,21,1,1,0,0,0,3,0,2,1,1,2,0,0.666666666666667,0,3,2,0,False
1358,5,0,1,4,0,0,2,21,1,1,3,2,0,3,0,6,1,0,1,0,0.666666666666667,0,3,2,0,False
1359,0,1,1,1,0,0,1,26,1,0,5,13,0,2,0,6,1,0,1,0,0.5,0,3,3,1,False
1360,0,0,1,0,0,0,1,19,1,1,1,3,0,3,0,0,1,1,1,0,1.0,0,3,1,0,False
1361,6,0,1,4,0,0,3,21,1,0,3,3,0,3,0,4,1,0,1,0,0.5,0,3,2,0,False
1362,0,0,1,0,0,0,1,19,2,1,0,2,0,4,0,1,2,0,1,0,0.0,0,1,0,0,False
1363,0,0,1,0,0,0,1,20,2,1,0,2,0,4,0,1,2,0,1,0,0.0,0,2,0,0,False
1364,0,0,1,0,0,0,1,23,3,1,2,4,0,4,0,2,2,0,1,0,1.0,0,1,1,1,False
1365,0,0,1,0,0,0,1,16,2,1,0,3,0,4,0,1,2,0,1,0,0.0,0,3,0,0,False
1366,0,0,1,0,0,0,1,19,2,1,0,3,0,4,0,1,2,0,1,0,0.0,0,1,0,0,False
1367,0,0,1,0,0,0,1,21,2,1,0,3,0,4,0,1,2,0,1,0,0.0,0,1,0,0,False
1368,0,0,1,0,0,0,1,19,1,1,0,0,0,3,0,2,1,3,2,0,0.0,0,3,0,0,False
1369,0,0,1,0,0,0,1,21,1,1,0,4,0,6,0,7,1,0,1,0,0.0,0,2,0,1,False
1370,0,0,1,0,0,2,1,28,2,2,0,3,2,4,0,3,2,0,1,0,0.0,0,1,0,1,False
1371,1,0,1,0,0,0,1,21,2,1,0,2,0,4,0,6,2,0,1,0,0.0,0,2,0,0,False
1372,0,0,1,0,0,0,1,21,3,2,0,4,0,4,0,3,2,0,1,0,0.0,0,1,0,1,False
1373,0,0,2,0,0,0,3,21,1,0,1,4,0,1,0,1,2,1,1,0,0.0,0,1,0,1,False
1374,0,0,1,0,0,0,1,20,2,1,0,2,0,4,0,5,2,0,1,0,0.0,0,1,0,1,False
1375,0,0,1,0,1,0,1,19,1,1,0,1,0,3,0,3,1,1,2,0,0.0,0,3,0,0,False
1376,0,0,1,0,0,0,1,19,1,0,0,2,1,2,0,1,1,2,2,0,0.0,0,2,0,0,False
1377,0,0,1,0,0,0,1,19,1,1,0,1,0,4,0,1,1,0,2,0,0.0,0,2,0,0,False
1378,0,0,1,0,0,0,1,20,1,0,3,4,0,1,0,2,2,1,1,0,0.0,0,1,0,1,False
1379,0,0,1,0,0,0,1,19,2,1,0,2,0,4,0,2,2,0,1,0,1.0,0,1,1,1,False
1380,0,0,1,0,0,1,1,29,1,5,3,0,0,1,2,1,1,0,1,0,0.0,0,1,0,2,False
1381,0,0,1,0,0,0,1,20,1,0,1,2,0,1,0,0,2,1,1,0,0.0,0,1,0,1,False
1382,0,0,1,0,0,0,1,20,1,1,1,2,0,2,0,1,1,1,3,0,0.0,0,1,0,1,False
1383,0,0,1,0,0,0,1,20,1,0,0,2,0,2,0,0,1,0,1,0,0.0,0,1,0,1,False
1384,0,0,1,0,0,0,1,20,5,2,3,10,1,1,1,4,2,1,1,0,1.0,0,1,1,1,False
1385,0,0,1,0,0,0,1,19,1,1,0,0,0,3,1,2,1,2,2,0,0.0,0,2,0,0,False
1386,0,0,1,0,0,0,1,19,1,1,0,2,0,3,0,2,1,0,2,0,1.0,0,2,1,0,False
1387,0,0,1,0,0,0,1,20,1,0,3,4,0,1,0,2,2,1,1,0,0.0,0,2,0,0,False
1388,0,0,1,0,0,0,1,20,3,1,1,4,0,4,0,3,2,0,1,0,1.0,0,1,1,1,False
1389,0,0,1,0,0,0,1,19,1,1,1,2,0,3,0,2,1,1,1,0,0.0,0,1,0,1,False
1390,1,0,1,0,0,1,2,27,1,1,3,6,0,6,0,5,1,0,1,0,0.0,0,3,0,0,False
1391,0,0,1,0,0,0,1,16,1,0,0,2,0,1,0,0,1,1,2,0,0.0,0,1,0,0,False
1392,0,0,1,0,0,0,1,21,3,1,2,7,0,4,0,3,2,0,1,0,0.0,0,2,0,0,False
1393,0,0,1,0,0,2,1,28,2,2,0,3,2,4,0,3,2,0,1,0,0.0,0,1,0,0,False
1394,1,0,1,0,0,0,1,21,2,1,0,2,0,4,0,6,2,0,1,0,0.0,0,1,0,0,False
1395,0,0,1,0,0,0,1,19,2,2,0,3,0,5,0,3,2,0,1,0,0.0,0,1,0,0,False
1396,0,0,1,0,0,0,1,21,3,2,0,4,0,4,0,3,2,0,1,0,0.0,0,1,0,1,False
1397,0,0,1,0,8,0,1,24,1,0,1,11,0,1,0,4,1,1,1,0,1.0,0,2,1,0,False
1398,0,0,1,0,0,0,1,22,1,0,0,2,0,1,0,2,2,1,2,0,0.0,0,2,0,0,False
1399,0,0,1,0,0,0,1,19,2,1,0,2,1,4,0,4,2,0,1,0,0.0,0,1,0,1,False
1400,0,0,1,0,0,0,1,19,2,1,0,2,2,4,0,4,2,0,1,0,0.0,0,1,0,1,False
1401,0,0,1,0,0,0,1,19,1,0,0,1,2,4,0,2,1,2,7,0,0.0,0,2,0,0,False
1402,0,0,1,1,0,0,1,21,1,0,0,2,0,2,0,0,1,2,1,0,0.0,0,1,0,1,False
1403,0,0,1,0,0,4,2,34,1,1,0,2,0,1,0,3,1,1,1,0,0.5,0,2,3,1,False
1404,0,0,1,0,1,1,2,23,1,1,0,3,0,3,0,3,1,0,1,0,1.0,0,2,1,0,False
1405,0,0,1,1,0,0,3,23,1,2,1,2,0,3,0,3,2,1,3,0,0.5,0,2,3,1,False
1406,0,0,1,1,0,0,1,30,1,1,13,35,0,2,0,10,1,0,1,0,0.454545454545455,0,2,5,3,True
1407,0,0,1,0,0,1,1,40,1,2,1,12,0,2,0,4,1,0,1,0,0.5,0,1,2,2,False
1408,0,0,1,1,0,0,2,22,1,2,3,5,0,3,0,4,1,1,1,0,1.0,0,2,1,2,False
1409,0,0,1,0,0,0,1,26,1,1,1,10,0,3,0,2,1,0,1,0,0.333333333333333,0,2,3,0,False
1410,0,0,1,1,0,0,2,22,1,2,3,5,0,3,0,4,1,0,1,0,0.666666666666667,0,2,2,0,True
1411,0,0,1,0,0,1,1,25,1,0,1,3,1,2,0,4,1,1,4,0,1.0,0,2,1,2,False
1412,0,0,1,3,2,0,1,29,4,6,5,5,0,2,0,10,2,0,1,0,0.666666666666667,0,2,2,1,False
1413,0,0,1,0,0,0,1,22,1,3,2,6,0,1,0,2,2,1,1,0,0.5,0,2,3,0,True
1414,0,0,1,0,0,0,1,19,1,0,3,9,0,1,0,1,1,1,1,0,0.0,0,2,0,0,False
1415,0,0,1,0,0,0,1,19,3,1,0,3,1,4,0,5,2,0,1,0,0.0,0,1,0,1,False
1416,1,0,1,0,1,0,1,20,1,0,0,1,0,1,0,1,1,0,1,0,0.0,0,2,0,0,False
1417,0,0,1,0,0,1,1,23,1,0,0,2,1,4,0,5,1,0,2,0,0.0,0,3,0,2,True
1418,1,0,1,0,1,2,2,21,1,0,0,1,2,1,0,2,1,0,1,0,0.0,0,1,0,0,False
1419,0,0,1,2,0,0,2,19,1,0,1,2,4,1,0,0,1,5,4,0,0.0,0,1,0,0,False
1420,0,0,1,1,0,0,1,26,1,0,1,5,0,1,0,0,2,2,2,0,0.0,0,1,0,0,False
1421,0,0,1,0,1,2,2,24,1,0,2,4,0,1,0,1,1,0,1,0,0.0,0,1,0,0,False
1422,1,0,1,9,1,4,1,42,2,0,0,2,1,1,0,6,2,0,1,0,1.0,0,2,1,1,False
1423,0,0,1,1,0,0,3,17,1,0,2,2,4,1,0,0,1,4,5,1,0.0,0,2,0,0,False
1424,0,0,1,1,0,0,1,26,1,0,0,4,0,1,0,0,2,1,2,0,0.0,0,1,0,0,False
1425,1,0,1,0,1,2,2,25,1,0,0,1,2,1,0,2,1,0,1,0,0.0,0,1,0,0,False
1426,0,0,1,0,1,5,1,38,1,0,1,3,6,1,0,0,1,0,2,0,0.0,0,1,0,0,False
1427,0,0,1,0,0,2,1,28,1,0,0,1,0,1,0,0,2,0,1,0,0.0,0,1,0,0,False
1428,0,0,1,0,1,0,1,17,1,0,1,3,0,1,0,0,1,0,1,0,0.0,0,1,0,0,False
1429,0,0,2,0,1,2,3,26,1,0,0,2,3,1,0,2,1,3,10,1,0.0,0,1,0,0,False
1430,0,0,1,0,1,0,1,17,1,0,1,3,0,1,0,1,1,0,1,0,0.0,0,2,0,0,False
1431,0,0,1,0,0,0,2,18,2,0,6,7,0,2,0,1,1,1,1,0,0.0,0,1,0,0,False
1432,0,0,1,0,0,0,1,21,1,0,0,1,0,3,0,1,1,0,6,0,0.0,0,2,0,0,False
1433,0,0,1,0,0,0,1,21,1,0,0,1,0,3,0,0,1,0,3,0,0.0,0,2,0,0,False
1434,0,0,1,0,0,0,1,21,1,0,0,1,0,3,0,0,1,0,2,0,0.0,0,2,0,1,False
1435,0,0,1,0,0,1,1,20,1,0,0,1,0,2,0,1,1,0,1,0,0.0,0,2,0,1,False
1436,0,0,1,0,0,0,1,21,1,0,8,17,0,1,0,0,1,1,1,0,0.0,0,1,0,2,False
1437,0,0,1,1,0,2,1,31,1,1,1,2,1,1,0,3,1,1,2,0,0.0,0,2,0,2,False
1438,0,0,1,0,0,2,1,23,1,0,0,1,1,4,0,3,1,2,5,0,0.0,0,2,0,2,False
1439,0,0,1,0,1,0,1,21,1,0,0,1,0,3,0,0,1,1,2,0,0.0,0,1,0,2,False
1440,0,0,1,0,0,0,1,19,1,0,4,9,0,1,0,0,1,1,1,0,0.0,0,1,0,2,False
1441,1,0,1,0,1,7,1,51,3,0,0,3,0,1,0,5,2,0,1,0,0.0,0,3,0,3,False
1442,0,0,1,1,0,1,2,19,1,0,2,2,0,1,0,3,2,2,3,0,1.0,0,1,1,0,True
1443,0,0,1,1,0,1,3,19,1,0,0,1,1,1,0,3,2,4,6,1,0.75,0,1,2,0,True
1444,0,0,1,0,1,4,1,29,2,0,0,3,3,3,0,6,2,0,2,0,1.0,0,1,1,1,True
1445,0,0,0,0,0,0,0,16,1,0,11,0,0,0,0,0,0,0,0,0,0.0,0,1,0,0,False
1446,0,0,1,1,0,0,1,17,1,0,0,1,0,1,0,3,2,5,6,0,1.0,0,1,1,0,False
1447,0,0,1,0,0,0,2,18,2,0,6,7,0,2,0,1,1,1,1,0,0.0,0,1,0,0,False
1448,0,0,1,0,1,10,1,43,1,0,0,2,5,3,0,11,1,0,9,0,0.555555555555556,0,1,3,0,True
1449,0,0,1,0,0,0,1,17,1,0,0,1,0,1,0,3,2,4,4,0,0.0,0,1,0,0,False
1450,0,0,1,0,0,0,1,20,1,0,2,3,0,1,0,1,2,1,1,0,0.0,0,1,0,0,False
1451,0,0,1,0,0,0,1,16,1,0,3,9,0,1,0,0,1,0,1,0,0.0,0,1,0,0,False
1452,0,0,1,0,1,0,2,16,1,0,3,3,1,1,0,2,1,0,1,0,0.0,0,1,0,0,False
1453,0,2,1,0,0,0,1,18,1,0,0,0,0,0,1,1,0,0,1,0,0.0,0,1,0,0,False
1454,0,0,1,1,0,5,3,23,1,0,0,1,3,1,0,3,2,4,8,1,1.0,0,1,1,0,False
1455,0,0,1,0,1,0,1,21,1,0,0,2,0,1,0,2,1,2,4,0,0.0,0,1,0,0,False
1456,0,0,0,0,0,0,0,28,1,0,15,0,0,0,0,0,0,0,0,0,0.0,0,1,0,0,False
1457,0,0,1,0,0,0,1,18,1,0,0,2,0,1,0,0,2,0,2,0,0.0,0,1,0,0,False
1458,0,0,1,0,1,0,1,16,1,0,0,2,0,1,0,2,1,0,4,0,0.0,0,1,0,0,False
1459,0,0,1,0,1,0,1,16,1,0,1,3,0,1,0,2,1,0,1,0,0.0,0,1,0,0,False
1460,0,2,1,0,0,0,1,17,1,0,0,0,0,0,1,0,0,2,1,0,0.0,0,1,0,0,False
1461,1,0,1,0,1,3,1,42,2,0,2,4,1,3,0,9,2,0,4,0,0.5,0,1,2,0,False
1462,0,1,1,0,0,0,1,19,1,0,0,0,0,0,0,0,0,1,1,0,0.0,0,1,0,0,False
1463,0,0,1,1,0,0,1,19,1,0,2,5,0,1,0,0,1,1,1,0,0.0,0,2,0,0,False
1464,1,0,1,0,1,1,1,26,1,0,0,1,2,1,0,2,1,0,1,0,0.0,0,2,0,1,False
1465,1,0,1,0,1,5,1,38,1,0,0,1,3,1,0,8,1,0,1,0,0.0,0,1,0,1,True
1466,1,0,1,0,1,2,1,27,1,0,0,1,1,1,0,1,1,0,1,0,0.0,0,2,0,0,False
1467,0,0,1,0,0,0,1,23,1,0,1,2,0,1,0,4,1,1,1,0,0.0,0,1,0,0,True
1468,0,1,1,0,0,6,1,27,1,0,0,0,0,0,1,0,0,1,1,0,0.0,0,2,0,0,False
1469,0,0,1,0,0,11,1,33,1,0,0,1,4,3,0,0,1,0,2,0,1.0,0,2,1,0,False
1470,0,0,1,0,0,0,1,21,1,0,0,1,0,1,0,0,2,1,1,0,0.0,0,2,0,0,False
1471,0,0,1,0,1,3,1,30,2,0,0,3,0,3,0,2,1,0,1,0,1.0,0,1,1,3,False
1472,0,0,1,0,0,1,1,20,1,0,0,1,0,2,0,1,1,0,1,0,1.0,0,2,1,1,False
1473,0,0,1,0,0,0,1,20,2,3,0,2,1,4,0,6,2,0,1,0,0.0,0,1,0,1,False
1474,0,0,1,0,0,0,2,18,2,0,0,3,1,2,0,1,1,1,1,0,1.0,0,1,1,0,True
1475,0,0,1,0,0,0,2,16,1,0,0,1,0,1,0,0,2,1,11,1,0.0,0,1,0,0,True
1476,0,0,1,0,0,0,1,23,3,2,2,3,0,4,0,4,2,0,1,0,0.0,0,1,0,1,False
1477,0,0,1,0,0,1,1,20,1,0,1,1,5,5,0,0,1,2,6,0,0.0,0,2,0,0,False
1478,0,0,1,1,0,0,1,20,3,8,8,6,0,4,1,4,2,0,1,0,0.0,0,1,0,1,False
1479,0,0,1,0,0,0,1,19,1,2,10,11,0,1,0,0,1,1,1,0,0.0,0,1,0,1,False
1480,0,0,1,0,0,0,1,19,1,0,2,9,0,1,0,1,1,0,1,0,0.0,0,1,0,1,False
1481,0,0,1,0,0,0,1,19,1,0,0,1,0,1,0,3,1,1,3,0,0.0,0,2,0,0,False
1482,0,0,1,0,0,0,1,19,2,1,0,2,0,4,0,3,2,0,1,0,0.0,0,1,0,1,False
1483,0,0,0,0,0,0,0,16,0,0,0,0,0,0,0,0,0,0,0,0,1.0,0,1,1,0,False
1484,0,0,0,0,0,0,0,16,0,0,0,0,0,0,0,0,0,0,0,0,1.0,0,1,1,0,False
1485,0,0,0,0,0,0,0,17,0,0,0,0,0,0,0,0,0,0,0,0,1.0,0,1,1,0,False
1486,0,0,0,0,0,0,0,16,0,0,0,0,0,0,0,0,0,0,0,0,1.0,0,1,1,2,False
1487,9,0,1,6,0,1,2,96,1,5,7,4,1,2,0,6,1,1,1,0,1.0,0,2,1,1,False
1488,5,0,1,2,0,0,2,129,1,15,12,8,0,2,0,1,1,1,1,0,0.4,0,2,3,2,True
1489,0,0,1,0,0,0,1,86,1,2,7,13,0,2,0,0,1,1,1,0,0.5,0,3,2,2,True
1490,15,0,2,0,0,5,4,329,3,0,28,4,2,2,0,1,2,1,1,0,0.5,0,3,3,2,True
1491,5,0,2,0,0,0,4,95,2,0,12,2,1,2,0,0,2,1,1,0,1.0,0,3,1,0,False
