File,CountDeclMethodPrivate,CountDeclMethodDefault,AvgEssential,CountDeclClassVariable,CountDeclClassMethod,AvgLineComment,CountLineComment,CountDeclClass,CountDeclMethodProtected,CountDeclInstanceVariable,RatioCommentToCode,AvgLineBlank,CountDeclInstanceMethod,PercentLackOfCohesion,MaxInheritanceTree,CountClassDerived,CountClassCoupled,CountClassBase,CountInput_Mean,CountInput_Min,CountOutput_Mean,CountOutput_Min,CountPath_Min,MaxNesting_Mean,MaxNesting_Min,Del_lines,OWN_COMMIT,MINOR_COMMIT,MINOR_LINE,MAJOR_LINE,target
0,1,0,1,0,0,0,34,2,5,7,0.21,1,13,80,2,3,1,2,3.46153846153846,1,4.38461538461539,1,1,0.941176470588235,0,0,0.0,0,1,0,False
1,0,0,1,0,0,0,3,1,0,0,0.27,0,1,0,4,0,0,1,1.0,1,1.0,1,2,1.0,1,0,0.0,0,1,0,False
2,0,0,1,0,0,0,6,1,0,1,0.75,0,1,0,3,0,0,1,1.0,1,2.0,2,1,0.0,0,0,0.0,0,1,0,False
3,0,0,1,0,0,0,3,1,0,0,0.21,0,2,0,4,0,0,1,0.5,0,1.5,1,1,0.75,0,0,0.0,0,1,0,False
4,0,0,1,0,0,0,6,1,1,1,0.5,0,2,50,3,2,0,1,2.5,1,2.0,1,1,0.0,0,0,0.0,0,1,0,False
5,0,0,1,0,0,0,16,1,0,4,0.39,0,1,0,3,0,0,1,4.0,4,13.0,13,8,2.0,2,0,0.0,0,1,0,False
6,0,0,1,0,1,0,0,1,0,0,0.0,0,0,0,1,0,0,1,0.0,0,2.0,2,1,0.25,0,0,0.0,0,1,0,False
7,0,0,1,0,1,0,0,1,0,0,0.0,0,0,0,1,0,0,1,0.0,0,8.0,8,1,0.0,0,0,0.0,0,1,0,False
8,0,0,1,0,0,0,6,0,0,0,0.55,0,0,0,0,0,0,0,0.5,0,2.5,2,1,0.0,0,0,0.0,0,1,0,False
9,0,0,1,0,0,0,0,1,0,0,0.0,0,1,0,1,0,0,1,0.0,0,1.0,1,1,0.0,0,0,0.0,0,1,0,False
10,0,1,1,0,0,0,0,1,0,0,0.0,0,1,0,0,0,0,0,0.0,0,0.0,0,1,0.25,0,0,0.0,0,1,0,False
11,0,0,1,0,10,0,0,1,0,0,0.0,0,0,0,1,0,0,1,1.0,1,1.0,1,1,0.0,0,0,0.0,0,1,0,False
12,0,0,1,0,0,0,0,1,0,0,0.0,0,1,0,0,0,0,0,1.0,1,1.0,1,1,0.0,0,0,0.0,0,1,0,False
13,0,0,1,0,0,0,0,1,0,0,0.0,0,1,0,1,0,1,1,1.0,1,2.0,2,1,0.0,0,0,0.0,0,1,0,False
14,0,0,1,0,0,0,6,1,0,0,0.43,0,12,0,0,0,0,0,1.0,1,0.583333333333333,0,1,0.0,0,0,0.0,0,1,0,False
15,0,0,1,0,0,0,6,1,0,1,0.14,0,13,0,1,0,1,1,1.53846153846154,1,1.61538461538462,1,1,0.0,0,0,0.0,0,1,0,False
16,0,1,1,0,0,0,0,1,0,0,0.0,0,1,0,0,0,0,0,1.0,1,1.0,1,1,0.0,0,0,0.0,0,1,0,False
17,0,0,1,0,0,0,0,1,0,0,0.0,0,1,0,1,0,1,1,1.0,1,2.0,2,2,1.0,1,0,0.0,0,1,0,False
18,0,0,0,0,0,0,0,2,0,3,0.0,0,2,100,1,0,0,1,0.0,0,1.0,1,0,0.0,0,0,0.0,0,1,0,False
19,0,0,1,0,0,0,0,1,0,0,0.0,0,2,0,1,0,0,1,0.5,0,1.5,1,1,0.0,0,0,0.0,0,1,0,False
20,0,0,0,2,0,0,0,1,0,0,0.0,0,0,0,0,0,0,0,0.0,0,0.0,0,0,0.0,0,0,0.0,0,1,0,False
21,0,0,1,0,58,0,0,1,0,0,0.0,0,23,0,1,0,0,1,0.271604938271605,0,1.25925925925926,0,1,0.0,0,0,0.0,0,1,2,False
22,0,1,1,0,0,0,0,1,0,0,0.0,0,1,0,1,0,0,1,1.0,1,1.0,1,1,0.0,0,0,0.0,0,1,0,False
23,0,0,0,21,0,0,0,1,0,21,0.0,0,0,0,1,0,0,1,0.0,0,0.0,0,0,0.0,0,0,0.0,0,1,0,False
24,0,0,1,0,0,0,0,1,0,1,0.0,0,2,0,1,0,0,2,1.5,1,2.5,2,1,0.75,0,0,0.0,0,1,0,False
25,0,0,1,1,3,0,0,1,0,1,0.0,0,3,66,1,0,0,1,0.666666666666667,0,1.0,1,1,0.0,0,0,0.0,0,1,0,False
26,0,0,1,0,14,0,0,1,0,0,0.0,0,21,0,1,0,0,1,0.0,0,0.571428571428571,0,1,0.0,0,0,0.0,0,2,1,False
27,0,1,1,0,0,0,0,1,0,0,0.0,0,1,0,1,0,0,1,0.0,0,1.0,1,1,0.0,0,0,0.0,0,1,0,False
28,0,0,0,0,0,0,0,1,0,1,0.0,0,0,0,1,0,0,1,0.0,0,0.0,0,0,0.0,0,0,0.0,0,2,0,False
29,0,1,1,0,0,0,0,1,0,0,0.0,0,3,0,1,0,0,1,0.333333333333333,0,0.666666666666667,0,1,0.0,0,0,1.0,0,2,0,False
30,0,1,1,0,1,0,0,1,0,0,0.0,0,0,0,1,0,0,1,0.0,0,1.0,1,1,0.0,0,0,0.0,0,1,0,False
31,1,0,1,0,0,0,0,1,0,0,0.0,0,1,0,1,0,0,1,0.0,0,1.0,1,1,0.0,0,0,0.0,0,1,0,False
32,0,0,0,0,0,0,0,1,0,2,0.0,0,0,0,1,0,0,1,0.0,0,0.0,0,0,0.0,0,0,0.0,0,2,0,False
33,1,0,1,0,0,0,0,1,0,0,0.0,0,1,0,1,0,0,1,0.0,0,1.0,1,1,0.0,0,0,0.0,0,1,0,False
34,0,0,1,0,1,0,0,1,0,0,0.0,0,0,0,1,0,0,1,0.0,0,1.0,1,1,0.0,0,0,0.0,0,1,0,False
35,0,0,1,0,0,0,0,1,1,0,0.0,0,1,0,1,0,0,1,0.0,0,1.0,1,1,0.0,0,0,0.0,0,1,0,False
36,0,0,1,0,0,0,0,1,1,0,0.0,0,1,0,1,0,0,1,0.0,0,1.0,1,1,0.0,0,0,0.0,0,1,0,False
37,0,0,1,0,1,0,0,1,1,0,0.0,0,0,0,1,0,0,1,0.0,0,1.0,1,1,0.0,0,0,0.0,0,1,0,False
38,0,0,1,0,0,0,0,1,0,0,0.0,0,1,0,1,0,0,1,0.0,0,1.0,1,1,0.0,0,0,0.0,0,1,0,False
39,0,0,0,0,0,0,0,1,0,2,0.0,0,0,0,1,0,0,1,0.0,0,0.0,0,0,0.0,0,0,0.0,0,2,0,False
40,0,0,1,0,0,0,0,1,0,0,0.0,0,1,0,0,0,0,0,1.0,1,1.0,1,1,0.0,0,0,0.0,0,1,0,False
41,0,0,1,0,0,0,0,1,0,1,0.0,0,4,25,1,0,1,1,0.75,0,1.5,1,1,0.0,0,0,0.0,0,1,0,False
42,0,1,1,0,1,0,0,2,0,0,0.0,0,1,0,1,1,1,1,8.5,1,1.5,1,1,0.0,0,0,0.0,0,3,0,False
43,0,0,1,0,2,0,0,2,0,0,0.0,0,0,0,2,1,0,1,0.0,0,1.0,1,1,0.0,0,0,0.0,0,1,0,False
44,0,0,1,0,0,0,0,1,0,0,0.0,0,2,0,1,0,0,2,0.0,0,0.5,0,1,0.0,0,0,1.0,0,1,0,False
45,0,0,1,0,2,0,0,1,0,0,0.0,0,0,0,1,0,1,1,1.5,1,2.0,2,1,0.0,0,0,0.0,0,1,0,False
46,0,0,1,0,8,0,6,1,0,1,0.09,0,12,75,1,0,1,1,1.0,0,2.2,1,1,0.0,0,0,0.0,0,3,1,False
47,0,0,1,0,0,0,0,1,0,0,0.0,0,22,0,0,0,0,0,1.0,1,1.0,1,1,0.0,0,0,0.0,0,1,0,False
48,0,0,1,0,0,0,0,1,0,1,0.0,0,23,0,1,0,1,1,2.0,1,2.0,2,1,0.0,0,0,0.0,0,1,0,False
49,2,1,2,3,3,1,25,3,0,3,0.06,3,12,70,2,0,4,2,3.73333333333333,1,7.2,1,1,1.9,0,24,1.0,0,1,2,False
50,0,1,1,0,0,0,8,1,0,0,0.8,0,1,0,0,0,1,0,0.0,0,1.0,1,1,0.0,0,0,0.0,0,1,0,False
51,0,0,0,0,0,0,8,1,0,4,2.0,0,2,100,1,0,0,1,0.0,0,1.0,1,0,0.0,0,0,0.0,0,1,0,False
52,0,0,0,0,0,0,0,1,0,10,0.0,0,2,100,1,0,0,1,0.0,0,1.0,1,0,0.0,0,0,0.0,0,1,0,False
53,0,0,1,1,1,0,0,1,0,0,0.0,11,0,0,1,0,3,1,3.0,3,20.0,20,260,3.0,3,2,1.0,0,2,0,False
54,0,0,1,0,0,1,15,1,0,19,0.15,2,4,71,1,0,4,1,7.0,2,9.25,1,1,1.5,0,0,0.0,0,1,0,False
55,0,3,1,0,0,0,6,1,0,0,0.5,0,3,0,0,0,0,0,0.0,0,1.0,1,1,0.0,0,0,0.0,0,1,0,False
56,0,1,1,0,0,0,0,1,0,0,0.0,0,1,0,0,0,0,0,1.0,1,1.0,1,1,0.0,0,0,0.0,0,1,0,False
57,0,15,1,0,0,3,57,1,0,0,2.19,0,15,0,0,0,3,0,4.2,0,1.0,1,1,0.0,0,0,0.0,0,1,0,False
58,0,2,1,0,0,0,5,1,0,0,0.45,0,2,0,0,0,0,0,0.0,0,1.0,1,1,0.0,0,0,0.0,0,1,0,False
59,0,0,1,1,0,0,9,2,0,0,0.17,1,4,100,2,1,8,1,2.75,1,6.0,0,1,0.428571428571429,0,0,0.0,0,1,0,False
60,0,0,1,0,0,1,45,1,0,2,1.25,0,7,57,2,0,8,1,2.71428571428571,1,1.71428571428571,1,1,0.5,0,0,0.0,0,3,2,False
61,0,0,1,0,0,1,42,1,0,2,1.05,0,7,42,2,0,7,2,3.71428571428571,1,2.0,1,1,0.333333333333333,0,0,0.0,0,4,2,False
62,0,0,1,0,0,0,31,1,0,2,1.03,0,6,66,2,0,3,1,1.0,0,1.5,1,1,0.0,0,0,0.0,0,2,0,False
63,0,0,1,0,0,0,31,1,0,2,0.76,0,7,42,2,0,9,1,3.85714285714286,1,2.28571428571429,1,1,0.0,0,0,0.0,0,5,2,True
64,0,0,1,0,0,0,32,1,0,0,2.29,0,2,0,3,0,5,1,1.0,0,1.0,0,1,0.0,0,0,0.0,0,1,0,False
65,1,0,1,0,0,1,93,1,7,15,0.32,0,40,88,2,3,17,1,9.175,1,3.45,1,1,0.714285714285714,0,6,1.0,0,3,4,True
66,0,0,1,0,0,0,30,1,0,0,0.88,0,6,0,3,0,7,1,2.16666666666667,1,1.33333333333333,1,1,0.0,0,0,0.0,0,1,0,False
67,0,0,1,0,0,0,31,1,0,0,0.78,0,7,0,3,0,7,1,2.42857142857143,1,1.42857142857143,1,1,0.333333333333333,0,0,0.0,0,1,0,False
68,0,0,1,0,0,0,28,1,0,2,0.7,0,7,57,2,0,8,1,3.71428571428571,1,2.0,1,1,0.0,0,0,0.0,0,2,0,False
69,0,0,1,0,0,0,32,1,0,1,1.19,0,6,50,2,2,3,2,3.5,0,1.33333333333333,1,1,0.0,0,0,0.0,0,2,0,False
70,0,0,1,0,0,0,40,1,0,1,0.91,0,8,62,3,0,7,2,6.25,1,2.125,1,1,0.3,0,0,0.0,0,3,1,False
71,0,0,1,0,0,1,44,1,0,1,1.38,0,6,50,2,9,7,2,11.1666666666667,0,1.66666666666667,1,1,0.0,0,0,0.0,0,3,0,False
72,3,0,2,0,2,2,69,1,5,5,0.4,0,17,69,2,3,23,3,6.36842105263158,1,4.10526315789474,1,1,0.952380952380952,0,0,0.0,0,2,0,False
73,0,0,1,0,0,0,10,1,0,1,0.3,2,3,0,3,0,8,1,6.66666666666667,6,6.0,5,1,0.0,0,0,0.0,0,2,0,False
74,0,0,1,0,0,0,10,1,0,3,0.24,2,3,11,3,0,8,1,7.66666666666667,7,6.66666666666667,6,1,0.0,0,0,0.0,0,2,0,False
75,0,0,1,0,0,0,10,1,0,2,0.27,2,3,0,3,0,8,1,7.33333333333333,7,6.33333333333333,6,1,0.0,0,0,0.0,0,2,0,False
76,0,0,1,0,0,1,50,1,0,1,0.98,0,7,42,2,0,10,1,2.85714285714286,1,2.57142857142857,1,1,0.333333333333333,0,0,0.0,0,3,3,False
77,0,0,1,0,0,1,42,1,0,1,1.31,0,6,33,2,0,7,1,3.5,1,1.83333333333333,1,1,0.0,0,0,0.0,0,4,1,False
78,0,0,1,0,0,0,39,1,0,1,1.05,0,7,42,2,0,8,2,2.14285714285714,1,1.57142857142857,1,1,0.0,0,0,0.0,0,4,3,False
79,0,0,1,0,0,4,40,1,0,0,10.0,0,2,0,0,4,1,0,2.0,2,1.0,1,1,0.0,0,0,0.0,0,2,0,False
80,0,0,1,0,0,0,38,1,0,0,9.5,0,2,0,0,5,1,0,4.5,4,1.0,1,1,0.0,0,0,0.0,0,2,0,False
81,0,0,1,0,0,1,47,1,0,2,1.47,0,7,64,2,0,3,2,2.28571428571429,1,1.57142857142857,1,1,0.0,0,0,0.0,0,3,2,True
82,0,0,1,0,0,1,41,1,0,0,1.46,0,4,0,3,0,7,1,3.0,1,2.5,1,1,0.5,0,0,0.0,0,3,1,False
83,0,0,1,0,0,2,54,1,0,2,1.42,0,8,56,2,0,7,1,3.25,1,1.75,1,1,0.0,0,0,0.0,0,3,3,True
84,0,0,1,0,0,1,42,1,0,1,1.24,0,6,33,2,0,8,1,3.16666666666667,1,2.0,1,1,0.0,0,0,0.0,0,4,2,True
85,0,0,1,0,0,0,35,1,0,0,1.3,0,2,0,3,0,11,1,7.0,7,5.5,2,1,0.75,0,0,0.0,0,2,0,False
86,0,0,1,0,0,0,36,1,0,0,1.89,0,2,0,3,0,9,1,6.0,6,4.5,2,1,0.0,0,0,0.0,0,2,0,False
87,0,0,1,0,0,0,35,1,0,0,1.67,0,3,0,3,0,9,1,3.66666666666667,1,4.66666666666667,2,1,0.0,0,0,0.0,0,1,1,False
88,0,0,1,0,0,0,37,1,0,0,1.28,0,3,0,3,0,10,1,6.33333333333333,5,3.66666666666667,2,1,0.6,0,0,0.0,0,2,0,False
89,0,0,1,0,0,0,36,1,0,0,2.0,0,2,0,3,0,8,1,6.0,6,3.5,2,1,0.0,0,0,0.0,0,2,0,False
90,0,0,2,0,0,0,37,1,0,0,0.86,0,5,0,3,0,13,1,4.4,1,5.0,2,1,1.28571428571429,0,0,0.0,0,1,1,False
91,0,0,1,0,0,1,62,1,0,4,0.58,0,14,71,2,19,19,4,9.57142857142857,0,3.28571428571429,1,1,0.875,0,0,0.0,0,3,3,False
92,0,0,1,0,0,0,35,1,0,1,1.59,1,2,0,3,0,10,1,7.5,7,5.0,5,1,0.0,0,0,0.0,0,2,0,False
93,0,0,1,0,0,0,35,1,0,1,1.59,1,2,0,3,0,10,1,6.5,6,5.0,5,1,0.0,0,0,0.0,0,2,0,False
94,0,0,1,0,0,0,35,1,0,1,1.3,0,3,33,3,0,12,1,4.33333333333333,1,6.0,4,1,0.0,0,12,1.0,0,1,0,False
95,0,0,1,0,0,0,35,1,0,1,1.52,0,3,33,3,0,10,1,4.33333333333333,1,5.0,4,1,0.0,0,0,0.0,0,1,1,False
96,0,0,4,0,0,0,35,1,0,0,1.0,1,2,0,3,0,9,1,6.5,6,7.5,2,1,1.5,0,0,0.0,0,2,0,False
97,0,0,4,0,0,0,35,1,0,0,1.0,1,2,0,3,0,9,1,6.0,6,7.5,2,1,1.5,0,0,0.0,0,2,0,False
98,0,0,3,0,0,0,35,1,0,0,0.95,1,3,0,3,0,9,1,3.66666666666667,1,5.66666666666667,2,1,1.2,0,0,0.0,0,2,0,False
99,0,0,1,0,0,0,35,1,0,3,1.25,1,2,0,3,0,10,1,8.0,7,6.0,5,1,0.0,0,0,0.0,0,2,0,False
100,0,0,1,0,0,0,35,1,0,3,1.25,1,2,0,3,0,10,1,7.5,6,6.0,5,1,0.0,0,0,0.0,0,2,0,False
101,0,0,1,0,0,0,35,1,0,3,1.21,0,3,33,3,0,10,1,4.66666666666667,1,5.66666666666667,4,1,0.0,0,0,0.0,0,1,1,False
102,0,0,1,0,0,0,35,1,0,2,1.4,1,2,0,3,0,10,1,7.5,7,5.5,5,1,0.0,0,0,0.0,0,2,0,False
103,0,0,1,0,0,0,35,1,0,2,1.4,1,2,0,3,0,10,1,7.0,6,5.5,5,1,0.0,0,0,0.0,0,2,0,False
104,0,0,1,0,0,0,35,1,0,2,1.35,0,3,33,3,0,10,1,4.33333333333333,1,5.33333333333333,4,1,0.0,0,0,0.0,0,1,1,False
105,0,0,1,0,0,1,58,1,0,3,0.94,0,10,60,2,0,11,1,3.1,1,2.7,1,1,0.5,0,2,1.0,0,3,4,False
106,0,0,1,0,0,2,59,1,0,4,0.86,1,9,58,2,0,13,2,3.88888888888889,1,2.88888888888889,1,1,0.272727272727273,0,4,1.0,0,3,2,False
107,0,0,1,0,0,1,46,1,0,1,1.12,0,7,42,3,0,9,2,3.28571428571429,0,2.85714285714286,1,1,0.333333333333333,0,0,0.0,0,3,3,False
108,0,0,1,0,0,1,43,1,0,1,0.91,0,7,42,3,0,11,2,3.28571428571429,0,3.71428571428571,1,1,0.444444444444444,0,0,0.0,0,4,2,False
109,0,0,1,0,0,1,43,1,0,1,0.8,0,8,37,2,0,12,2,2.75,1,2.625,1,1,0.4,0,0,0.0,0,3,3,False
110,2,0,1,0,0,0,10,1,0,3,0.19,1,7,71,4,0,8,1,4.57142857142857,3,3.85714285714286,2,1,0.777777777777778,0,0,0.0,0,2,0,False
111,0,0,1,0,0,2,44,1,0,0,1.69,0,4,0,4,0,8,1,1.0,0,2.0,1,1,0.0,0,0,0.0,0,1,0,False
112,1,0,2,0,0,0,8,1,0,0,0.27,0,4,0,4,0,8,1,4.5,3,2.75,2,1,1.0,0,0,0.0,0,1,0,False
113,0,0,1,0,0,1,43,1,0,1,1.13,0,6,33,3,3,10,2,4.83333333333333,1,2.33333333333333,1,1,0.375,0,4,0.666666666666667,0,3,2,False
114,3,0,1,0,0,0,46,1,0,3,0.6,0,14,73,2,1,9,2,3.28571428571429,1,2.64285714285714,1,1,0.4375,0,0,0.0,0,3,3,False
115,0,0,1,0,0,2,53,1,0,2,0.77,1,8,50,3,0,11,2,5.0,0,4.125,1,1,0.7,0,0,0.0,0,3,3,False
116,1,0,1,0,0,0,44,1,0,3,0.77,0,11,69,2,0,10,2,2.72727272727273,1,2.72727272727273,1,1,0.230769230769231,0,2,1.0,0,3,3,False
117,0,0,1,0,0,1,56,1,0,2,1.14,0,10,70,3,0,8,2,3.2,0,2.7,1,1,0.0,0,0,0.0,0,4,3,False
118,0,0,1,0,0,1,43,1,0,1,1.13,0,6,33,2,0,7,1,2.83333333333333,1,2.33333333333333,1,1,0.375,0,0,0.0,0,4,1,False
119,0,0,1,0,0,0,40,1,0,0,0.56,2,6,0,3,0,20,2,4.0,1,5.16666666666667,1,1,0.375,0,0,0.0,0,3,3,False
120,0,0,1,0,0,1,46,1,0,1,0.7,1,7,42,3,0,18,2,4.0,1,4.71428571428571,1,1,0.333333333333333,0,0,0.0,0,3,3,False
121,0,0,1,0,0,2,58,1,0,4,1.09,0,9,63,2,0,8,1,4.22222222222222,1,2.0,1,1,0.0,0,0,0.0,0,3,3,False
122,0,0,1,0,0,2,57,1,0,3,1.08,0,10,66,3,0,10,2,3.4,1,2.0,1,1,0.333333333333333,0,0,0.0,0,3,2,False
123,0,0,1,0,2,0,39,1,0,0,0.95,0,4,0,3,0,9,2,4.66666666666667,1,2.83333333333333,1,1,0.5,0,0,0.0,0,3,2,False
124,0,0,1,0,0,1,37,1,0,0,1.19,0,5,0,3,0,9,1,2.6,1,2.4,1,1,0.0,0,0,0.0,0,2,0,False
125,0,0,1,0,0,2,62,1,0,2,1.29,0,10,70,2,0,8,2,1.9,0,1.9,1,1,0.0,0,0,0.0,0,3,2,False
126,0,0,1,0,0,0,39,1,0,0,1.3,0,5,0,3,0,9,2,2.6,1,2.2,1,1,0.0,0,0,0.0,0,3,1,False
127,0,0,1,0,0,0,33,1,0,0,1.1,0,5,0,2,0,9,1,1.4,1,2.0,1,1,0.0,0,0,0.0,0,1,0,False
128,0,0,1,0,0,1,47,1,0,2,1.07,0,7,42,2,0,7,1,3.0,1,1.85714285714286,1,1,0.666666666666667,0,0,0.0,0,3,2,False
129,0,0,1,0,0,1,46,1,0,1,1.44,0,6,33,2,0,7,1,2.83333333333333,1,2.16666666666667,1,1,0.375,0,0,0.0,0,4,3,False
130,9,0,1,14,6,0,34,2,12,17,0.06,0,218,94,1,0,24,2,4.07589285714286,0,2.24107142857143,1,1,0.118421052631579,0,1182,0.833333333333333,0,1,0,True
131,0,0,1,0,0,0,0,1,0,0,0.0,0,8,0,0,1,3,0,2.625,0,0.875,0,1,0.0,0,0,0.0,0,1,0,True
132,0,0,1,0,0,0,41,1,0,0,1.05,0,8,0,2,0,8,3,1.625,0,1.625,1,1,0.0,0,0,0.0,0,3,3,False
133,0,0,1,0,0,0,8,1,0,0,0.44,0,2,0,3,0,9,1,6.0,6,3.5,2,1,0.0,0,0,0.0,0,2,0,False
134,0,0,1,0,0,0,7,1,0,0,0.41,0,2,0,3,0,9,1,5.5,5,3.5,2,1,0.0,0,0,0.0,0,2,0,False
135,0,0,1,0,0,0,35,1,0,0,1.67,0,3,0,3,0,9,4,3.33333333333333,1,3.66666666666667,2,1,0.0,0,0,0.0,0,1,1,False
136,0,0,1,0,0,0,10,1,0,0,0.53,0,3,0,3,0,8,1,5.33333333333333,4,2.33333333333333,2,1,0.0,0,0,0.0,0,2,0,False
137,0,0,1,0,0,0,9,1,0,0,0.56,0,2,0,3,0,8,1,5.5,5,2.5,2,1,0.0,0,0,0.0,0,2,0,False
138,0,0,1,0,0,0,10,1,0,0,0.45,0,4,0,3,0,8,1,3.25,1,2.75,2,1,0.0,0,0,0.0,0,1,1,False
139,0,0,1,0,0,1,56,1,1,3,0.81,0,12,72,2,18,12,4,6.33333333333333,0,2.5,1,1,0.285714285714286,0,0,0.0,0,4,3,False
140,0,0,1,0,0,0,8,1,0,1,0.4,1,2,0,3,0,10,1,6.5,6,4.5,4,1,0.0,0,0,0.0,0,2,0,False
141,0,0,1,0,0,0,8,1,0,1,0.38,1,2,0,3,0,10,1,6.0,5,4.5,4,1,0.0,0,0,0.0,0,2,0,False
142,0,0,1,0,0,0,8,1,0,1,0.36,0,3,33,3,0,10,1,3.66666666666667,1,4.33333333333333,3,1,0.0,0,0,0.0,0,1,1,False
143,0,0,4,0,0,0,7,1,0,0,0.21,1,2,0,3,0,9,1,6.0,6,7.0,2,1,1.5,0,0,0.0,0,2,0,False
144,0,0,4,0,0,0,9,1,0,0,0.26,1,2,0,3,0,9,1,5.5,5,7.0,2,1,1.5,0,0,0.0,0,2,0,False
145,0,0,3,0,0,0,7,1,0,0,0.19,1,3,0,3,0,9,1,3.33333333333333,1,5.0,2,1,1.2,0,0,0.0,0,2,0,False
146,0,0,1,0,0,0,8,1,0,3,0.3,1,2,0,3,0,10,1,7.5,6,5.5,4,1,0.0,0,0,0.0,0,2,0,False
147,0,0,1,0,0,0,8,1,0,3,0.3,1,2,0,3,0,10,1,7.0,5,5.5,4,1,0.0,0,0,0.0,0,2,0,False
148,0,0,1,0,0,0,8,1,0,3,0.28,0,3,33,3,0,10,1,4.33333333333333,1,5.0,3,1,0.0,0,0,0.0,0,1,1,False
149,0,0,1,0,0,0,8,1,0,2,0.33,1,2,0,3,0,10,1,7.0,6,5.0,4,1,0.0,0,0,0.0,0,2,0,False
150,0,0,1,0,0,0,8,1,0,2,0.33,1,2,0,3,0,10,1,6.5,5,5.0,4,1,0.0,0,0,0.0,0,2,0,False
151,0,0,1,0,0,0,8,1,0,2,0.31,0,3,33,3,0,10,1,4.0,1,4.66666666666667,3,1,0.0,0,0,0.0,0,1,1,False
152,0,0,1,0,0,0,31,1,0,0,3.88,0,1,0,3,0,1,1,3.0,3,2.0,2,1,0.0,0,0,0.0,0,1,0,False
153,0,0,1,0,0,0,39,1,0,2,0.76,0,9,61,2,0,8,3,3.55555555555556,1,2.22222222222222,1,1,0.454545454545455,0,0,0.0,0,3,3,False
154,2,0,1,0,2,2,68,1,0,4,0.76,0,10,70,2,0,9,1,4.0,1,3.16666666666667,1,1,0.642857142857143,0,0,0.0,0,3,3,False
155,0,0,1,0,0,1,42,1,0,1,1.17,0,7,42,2,0,8,2,2.14285714285714,1,1.57142857142857,1,1,0.0,0,0,0.0,0,4,2,False
156,0,0,2,0,0,1,46,1,0,2,0.81,0,6,58,3,0,13,1,3.33333333333333,1,3.33333333333333,1,1,1.5,0,0,0.0,0,3,2,True
157,0,0,1,0,0,1,45,1,0,1,1.15,0,7,42,3,0,8,2,3.28571428571429,0,2.71428571428571,1,1,0.0,0,56,1.0,0,4,2,False
158,0,0,1,0,0,1,42,1,0,1,1.17,0,7,42,2,0,8,2,3.28571428571429,1,2.0,1,1,0.0,0,44,1.0,0,3,2,False
159,0,0,1,0,0,0,35,1,1,0,2.5,0,2,0,3,0,5,1,5.5,4,1.5,1,1,0.0,0,0,1.0,0,1,0,False
160,0,0,1,0,0,1,45,1,1,1,1.0,0,7,42,2,1,9,1,5.0,1,2.28571428571429,1,1,0.666666666666667,0,18,1.0,0,4,2,False
161,0,0,1,0,0,0,31,1,0,0,6.2,0,2,0,0,4,1,0,1.5,1,1.0,1,1,0.0,0,0,0.0,0,1,0,False
162,0,0,1,0,0,2,55,1,0,3,1.1,0,8,50,2,0,7,1,5.875,1,2.75,1,1,0.3,0,0,1.0,0,3,3,False
163,1,0,1,0,0,1,47,1,0,2,0.85,0,9,72,3,0,10,2,3.0,0,3.22222222222222,1,1,0.272727272727273,0,0,0.0,0,4,3,False
164,1,0,1,0,0,1,46,1,0,2,0.71,0,10,65,2,0,14,3,2.5,0,2.8,1,1,0.5,0,0,0.0,0,3,4,False
165,0,0,0,0,0,0,3,1,0,0,1.5,0,0,0,0,1,0,0,0.0,0,0.0,0,0,0.0,0,0,0.0,0,1,0,False
166,0,0,1,0,0,0,29,1,0,0,7.25,0,1,0,0,2,1,0,1.0,1,1.0,1,1,0.0,0,0,0.0,0,2,0,False
167,0,0,1,0,0,1,47,1,0,4,0.78,0,10,65,2,4,13,1,7.0,0,2.7,1,1,0.0,0,2,1.0,0,3,3,True
168,0,0,1,0,0,0,30,1,0,0,0.81,0,7,0,3,0,12,1,2.0,0,2.28571428571429,1,1,0.0,0,0,0.0,0,2,0,False
169,0,0,1,0,0,1,55,1,0,1,0.92,0,12,25,2,6,4,1,23.5,0,2.66666666666667,1,1,0.571428571428571,0,0,0.0,0,3,2,False
170,0,0,1,0,0,2,62,1,0,2,1.13,0,10,65,3,0,9,2,3.9,0,2.9,1,1,0.333333333333333,0,0,0.0,0,3,3,False
171,0,0,1,0,0,2,62,1,0,2,1.29,0,10,70,2,0,8,2,2.1,0,1.9,1,1,0.0,0,0,0.0,0,3,3,False
172,0,0,1,0,0,1,43,1,0,2,0.96,0,8,50,2,0,8,1,2.875,0,1.875,1,1,0.0,0,0,0.0,0,3,3,False
173,0,0,1,0,0,1,43,1,0,3,0.81,0,8,62,2,0,11,1,2.875,0,2.0,1,1,0.3,0,0,0.0,0,4,2,False
174,0,0,1,0,0,1,39,1,0,1,1.18,0,6,33,2,0,8,1,2.5,1,2.0,1,1,0.0,0,0,0.0,0,4,2,False
175,0,0,1,0,0,4,56,1,0,4,1.7,0,6,62,2,2,4,2,3.83333333333333,1,2.66666666666667,1,1,0.0,0,0,0.0,0,2,0,False
176,0,0,1,0,0,2,52,1,0,3,1.0,0,8,54,2,0,11,2,3.375,1,2.5,1,1,0.3,0,0,0.0,0,3,3,False
177,0,0,1,0,0,0,31,1,0,4,0.43,0,12,72,3,0,12,1,5.58333333333333,1,2.75,1,1,0.357142857142857,0,0,0.0,0,1,1,False
178,0,0,1,0,0,1,46,1,0,2,0.57,0,12,50,3,0,16,1,4.5,1,2.66666666666667,1,1,0.571428571428571,0,36,1.0,0,4,3,True
179,0,0,1,0,0,1,53,1,0,1,1.32,0,6,33,2,0,9,1,5.16666666666667,1,3.0,1,1,0.375,0,0,0.0,0,3,3,False
180,0,0,1,0,0,1,43,1,0,1,1.26,0,6,33,2,0,9,1,3.0,1,2.0,1,1,0.0,0,0,0.0,0,4,2,True
181,0,0,1,1,0,0,5,1,0,0,0.62,0,1,100,3,0,1,2,1.0,1,2.0,2,1,0.0,0,0,0.0,0,2,0,False
182,0,0,1,0,0,0,41,1,0,0,1.05,0,8,0,2,1,8,3,2.25,0,1.625,1,1,0.0,0,0,0.0,0,3,3,False
183,0,0,1,1,1,0,47,1,2,1,0.64,0,12,88,1,83,10,2,42.7692307692308,0,2.38461538461538,1,1,0.533333333333333,0,0,0.0,0,4,2,False
184,0,0,1,0,0,2,39,1,0,109,0.66,0,5,96,1,0,0,1,7.0,0,1.0,1,0,0.714285714285714,0,2,1.0,0,2,0,True
185,0,0,1,0,0,1,42,1,0,1,1.31,0,6,33,2,0,7,1,3.83333333333333,1,2.16666666666667,1,1,0.0,0,0,0.0,0,4,2,False
186,0,0,1,0,0,1,42,1,0,1,1.02,0,7,42,2,0,10,1,2.71428571428571,1,2.42857142857143,1,1,0.666666666666667,0,0,0.0,0,3,3,False
187,0,0,1,0,0,1,44,1,0,2,1.07,0,7,42,2,0,8,2,3.42857142857143,1,2.14285714285714,1,1,0.333333333333333,0,0,0.0,0,4,2,False
188,0,0,1,0,0,2,54,1,0,5,0.75,0,10,65,2,0,10,1,6.0,1,2.6,1,1,0.5,0,0,0.0,0,3,4,False
189,0,0,1,0,0,1,43,1,0,2,0.81,0,7,42,2,0,8,2,4.14285714285714,1,2.57142857142857,1,1,0.333333333333333,0,0,0.0,0,3,3,False
190,0,0,1,0,0,2,60,1,0,6,0.81,0,9,64,2,3,11,1,5.77777777777778,1,3.11111111111111,1,1,0.636363636363636,0,0,0.0,0,3,4,False
191,0,0,1,0,0,0,40,1,0,1,1.67,3,2,0,3,0,8,1,6.5,6,6.0,5,1,0.75,0,0,0.0,0,1,1,False
192,0,0,1,0,0,0,40,1,0,1,1.67,2,2,0,3,0,8,1,7.0,6,5.5,5,1,0.0,0,0,0.0,0,1,1,False
193,0,0,1,0,0,0,31,1,0,1,0.84,0,7,28,2,0,7,1,3.14285714285714,0,1.71428571428571,1,1,0.0,0,0,0.0,0,2,0,False
194,0,0,1,0,0,1,46,1,0,2,1.1,0,7,42,2,0,7,2,3.71428571428571,1,2.0,1,1,0.333333333333333,0,0,0.0,0,4,2,False
195,0,0,1,0,0,1,38,1,0,0,1.46,0,4,0,3,0,9,1,2.5,1,2.75,1,1,0.0,0,0,0.0,0,3,2,True
196,0,0,1,0,0,0,34,1,0,0,1.0,0,4,0,3,0,10,1,2.5,1,3.25,1,1,0.5,0,0,0.0,0,2,0,True
197,0,0,1,0,0,1,39,1,0,0,1.39,0,5,0,2,0,8,1,1.6,1,1.6,1,1,0.0,0,0,0.0,0,4,2,True
198,0,0,1,0,0,0,42,1,0,3,0.84,0,9,66,2,0,8,2,3.11111111111111,1,1.77777777777778,1,1,0.272727272727273,0,0,0.0,0,4,3,False
199,0,0,1,0,0,2,50,1,0,3,1.09,0,8,58,2,0,8,1,4.375,1,2.0,1,1,0.4,0,0,0.0,0,4,2,False
200,6,0,2,0,0,2,66,1,0,3,0.43,0,14,66,2,0,21,1,6.14285714285714,1,4.42857142857143,1,1,1.25,0,12,1.0,0,3,4,True
201,0,0,1,0,0,0,32,1,0,1,1.52,0,4,50,3,1,3,2,2.5,1,1.75,1,1,0.0,0,0,0.0,0,2,0,False
202,0,0,1,0,0,0,37,1,0,0,1.32,0,5,0,2,0,8,1,1.6,1,1.6,1,1,0.0,0,0,0.0,0,4,2,True
203,0,0,1,0,0,0,38,1,0,2,0.97,0,8,62,2,0,7,1,2.625,1,1.75,1,1,0.0,0,0,0.0,0,4,1,True
204,0,0,1,0,0,3,61,1,0,3,1.09,0,8,58,2,0,9,1,3.0,1,3.0,1,1,0.3,0,0,0.0,0,2,0,False
205,0,0,1,0,0,2,58,1,0,3,0.98,0,8,54,2,0,13,1,3.125,1,3.0,1,1,0.6,0,0,0.0,0,3,3,False
206,0,0,1,0,0,1,41,1,0,0,1.17,0,7,0,2,0,8,2,1.0,0,1.42857142857143,1,1,0.0,0,0,0.0,0,3,3,False
207,0,0,1,0,0,0,29,1,0,1,0.88,0,6,33,2,0,8,1,3.16666666666667,1,2.0,1,1,0.0,0,0,0.0,0,3,1,True
208,0,0,1,0,0,1,44,1,0,0,1.69,0,5,0,2,0,7,1,2.4,0,1.2,1,1,0.0,0,0,1.0,0,5,2,False
209,0,0,1,0,0,1,43,1,0,1,1.0,0,7,42,2,1,8,2,4.85714285714286,1,2.14285714285714,1,1,0.0,0,0,0.0,0,4,1,False
210,0,0,1,0,0,0,43,1,0,3,0.67,0,10,60,2,0,12,2,3.4,1,2.9,1,1,0.416666666666667,0,0,0.0,0,3,3,True
211,0,0,1,0,0,0,29,1,0,1,0.88,0,6,33,2,0,8,1,2.66666666666667,1,2.0,1,1,0.0,0,0,0.0,0,4,2,True
212,0,0,1,0,0,0,39,1,0,2,0.89,0,8,68,2,0,8,4,2.875,1,1.875,1,1,0.3,0,0,0.0,0,5,3,False
213,0,0,1,0,0,0,29,1,0,1,0.91,0,6,33,2,0,8,1,2.66666666666667,1,2.0,1,1,0.0,0,0,0.0,0,4,2,False
214,0,0,1,0,0,0,41,1,0,0,1.05,0,8,0,2,0,8,3,1.625,0,1.625,1,1,0.0,0,0,0.0,0,3,4,False
215,0,0,1,0,0,0,8,1,0,1,0.5,0,3,0,3,0,1,1,2.66666666666667,1,2.0,1,1,0.0,0,0,0.0,0,1,0,False
216,0,0,1,0,0,0,32,1,0,0,6.4,0,1,0,0,4,1,0,1.0,1,1.0,1,1,0.0,0,0,0.0,0,2,1,False
217,0,0,1,0,0,0,8,1,0,0,1.0,0,1,0,0,5,4,0,1.0,1,1.0,1,1,0.0,0,0,0.0,0,1,0,False
218,0,0,0,0,0,0,32,1,0,0,10.67,0,0,0,0,12,0,0,0.0,0,0.0,0,0,0.0,0,0,0.0,0,2,0,False
219,0,0,1,0,0,0,27,1,0,0,6.75,0,1,0,0,31,0,0,6.0,6,1.0,1,1,0.0,0,0,0.0,0,2,0,False
220,0,0,1,0,0,1,42,1,0,1,1.14,0,6,50,2,0,8,1,2.5,1,2.16666666666667,1,1,0.375,0,0,0.0,0,3,3,False
221,0,0,1,0,0,0,31,1,0,0,4.43,0,1,0,4,0,1,1,5.0,5,2.0,2,1,0.0,0,0,0.0,0,1,0,False
222,0,0,2,0,0,2,52,1,0,4,0.73,0,9,69,2,0,12,1,4.0,1,2.33333333333333,1,1,0.818181818181818,0,0,0.0,0,3,3,False
223,0,0,2,0,5,3,52,1,0,0,1.24,1,0,0,1,0,4,1,5.2,3,3.0,2,1,1.0,0,0,0.0,0,3,3,False
224,43,0,1,0,2,0,0,1,0,1,0.0,0,44,8,1,0,39,1,5.0,1,3.1304347826087,0,1,0.166666666666667,0,0,0.0,0,1,2,True
225,0,0,1,0,0,1,46,1,0,2,1.24,0,7,57,2,0,8,1,2.71428571428571,1,2.0,1,1,0.0,0,0,0.0,0,4,2,False
226,0,0,1,0,0,1,44,1,0,1,1.16,0,7,57,2,0,10,2,2.57142857142857,1,2.14285714285714,1,1,0.0,0,0,0.0,0,3,4,False
227,0,0,1,0,0,0,39,1,0,0,0.2,0,97,0,0,0,97,0,1.0,1,1.0,1,1,0.0,0,0,0.0,0,3,1,True
228,0,0,1,0,0,1,48,1,0,4,0.79,0,9,63,2,1,12,1,4.66666666666667,1,2.55555555555556,1,1,0.636363636363636,0,0,0.0,0,3,3,False
229,2,0,2,0,0,0,10,1,0,0,0.29,1,4,0,3,0,7,1,7.25,6,3.5,2,1,0.833333333333333,0,0,0.0,0,1,0,False
230,0,0,2,0,0,2,61,1,0,4,0.7,0,9,69,2,0,15,1,4.44444444444444,1,3.11111111111111,1,1,1.36363636363636,0,0,0.0,0,3,3,False
231,0,0,1,0,0,1,42,1,0,1,1.24,0,6,50,2,0,8,2,2.5,1,2.0,1,1,0.0,0,0,0.0,0,3,2,False
232,0,0,1,0,0,2,54,1,0,2,1.08,0,9,55,2,4,9,1,3.0,1,2.33333333333333,1,1,0.363636363636364,0,70,1.0,0,3,4,False
233,0,0,1,0,0,0,8,1,0,1,0.36,0,3,0,3,0,9,1,3.66666666666667,3,4.0,3,1,0.0,0,0,1.0,0,1,0,False
234,0,0,1,0,0,0,8,1,0,3,0.33,0,2,0,3,0,8,1,5.0,3,5.5,5,1,0.0,0,0,1.0,0,1,0,False
235,0,0,1,0,0,0,8,1,0,2,0.38,0,2,0,3,0,8,1,4.5,3,5.0,5,1,0.0,0,0,1.0,0,1,0,False
236,0,0,1,0,0,0,40,1,0,0,1.48,0,5,0,2,0,7,2,2.2,1,1.6,1,1,0.0,0,0,0.0,0,4,1,False
237,0,0,1,0,0,1,47,1,0,0,2.04,0,5,0,2,0,4,2,1.0,0,1.4,1,1,0.0,0,0,0.0,0,4,1,False
238,0,0,1,0,0,0,41,1,0,2,0.72,0,9,66,2,0,13,3,2.11111111111111,0,2.88888888888889,1,1,0.363636363636364,0,0,0.0,0,3,3,True
239,0,0,1,0,0,0,8,1,0,0,0.53,0,2,0,3,0,6,1,3.5,1,3.0,2,1,0.0,0,0,1.0,0,1,0,False
240,0,1,1,0,0,0,33,2,0,52,0.46,0,12,99,1,2,3,1,2.83333333333333,0,0.583333333333333,0,0,0.0625,0,0,0.5,0,1,5,False
241,0,0,1,0,0,0,31,1,0,1,1.55,0,9,77,1,0,3,2,0.222222222222222,0,0.444444444444444,0,1,0.0,0,0,1.0,0,3,0,False
242,0,0,1,0,0,1,47,1,0,1,0.98,0,10,40,1,0,6,3,12.6,1,3.0,1,1,0.25,0,0,1.0,0,4,3,False
243,0,0,3,0,1,0,0,1,0,3,0.0,0,2,77,1,0,0,1,1.33333333333333,0,1.33333333333333,1,0,1.66666666666667,0,0,0.0,0,1,0,False
244,0,0,1,0,0,0,8,1,0,0,2.0,0,1,0,1,9,0,1,14.0,14,1.0,1,1,1.5,0,0,0.0,0,1,0,False
245,0,0,1,0,0,0,12,1,0,0,3.0,0,1,0,0,15,1,0,9.0,9,0.0,0,1,0.0,0,0,0.0,0,1,0,False
246,13,0,2,0,0,0,254,144,2,5,0.09,1,287,99,1,1,118,2,3.77003484320558,0,4.17421602787456,0,1,0.585648148148148,0,85,0.727272727272727,0,1,4,True
247,2,0,1,0,0,1,55,11,1,0,0.21,1,22,0,2,0,24,2,3.13636363636364,1,4.77272727272727,1,1,1.02941176470588,0,0,1.0,0,1,1,True
248,0,0,7,25,1,2,99,1,0,2,0.14,0,17,89,1,0,70,1,12.3888888888889,1,8.22222222222222,1,1,0.8,0,2,0.6,0,2,2,False
249,0,0,1,0,0,1,334,1,0,0,1.89,0,160,0,0,1,11,0,2.71875,0,0.03125,0,1,0.0,0,0,0.6,0,2,3,True
250,0,0,1,0,0,0,12,1,0,0,3.0,0,1,0,0,74,1,0,23.0,23,0.0,0,1,0.0,0,0,0.0,0,1,0,False
251,0,0,1,0,0,0,8,1,0,0,0.3,0,18,0,0,1,6,0,2.0,1,0.0,0,1,0.0,0,12,1.0,0,1,0,False
252,0,0,1,0,0,0,30,1,0,0,7.5,0,1,0,0,66,1,0,62.0,62,0.0,0,1,0.0,0,0,0.0,0,1,0,False
253,0,0,2,0,5,0,0,4,0,6,0.0,0,13,60,2,1,19,1,2.77777777777778,0,3.77777777777778,1,1,0.391304347826087,0,0,0.0,0,1,0,False
254,0,1,1,0,0,0,8,1,0,6,0.44,0,4,91,1,0,3,1,0.75,0,1.25,1,0,0.0,0,0,0.0,0,1,0,False
255,0,0,1,0,0,1,66,1,4,7,0.18,1,20,67,1,2,14,2,5.55,0,6.1,1,1,1.17391304347826,0,0,0.0,0,1,1,True
256,6,0,1,0,0,0,157,13,13,15,0.08,1,207,93,1,2,63,2,5.61835748792271,0,5.53140096618357,0,1,0.248868778280543,0,60,0.8125,0,1,1,True
257,0,0,1,0,0,0,1,1,0,1,0.05,0,2,50,3,1,4,1,4.0,1,3.5,3,1,0.0,0,0,0.0,0,1,0,False
258,0,0,1,0,0,1,4,1,1,0,0.16,1,3,0,4,0,4,1,5.0,2,4.66666666666667,3,1,0.6,0,4,1.0,0,1,0,False
259,0,0,1,0,0,0,1,1,0,1,0.05,0,2,50,3,0,4,1,3.5,1,3.5,3,1,0.0,0,0,0.0,0,1,0,False
260,0,0,1,0,0,1,13,1,2,0,0.12,0,12,0,2,2,18,1,5.08333333333333,0,5.08333333333333,1,1,0.642857142857143,0,4,1.0,0,1,0,True
261,0,0,1,0,0,1,4,1,1,0,0.17,1,3,0,3,0,6,1,4.33333333333333,2,4.66666666666667,3,1,0.6,0,4,1.0,0,1,0,False
262,0,0,1,0,0,1,4,1,0,0,0.12,1,3,0,3,0,12,1,5.0,2,5.66666666666667,2,1,0.0,0,0,0.0,0,1,0,False
263,0,0,1,0,0,1,46,1,0,0,0.17,1,12,0,2,0,8,1,5.75,2,8.5,2,1,1.35714285714286,0,0,0.0,0,1,1,True
264,1,0,1,0,0,1,30,1,0,21,0.06,2,20,86,1,0,23,2,8.6,2,10.3,2,1,1.40909090909091,0,209,1.0,0,1,0,False
265,0,0,1,0,0,6,42,1,0,0,0.58,4,2,0,2,0,10,1,7.5,2,7.0,4,1,2.25,0,1100,1.0,0,1,0,False
266,0,0,1,0,0,2,23,1,1,2,0.16,1,10,70,3,0,16,1,5.4,2,7.8,1,1,1.0,0,14,1.0,0,1,0,False
267,0,0,1,0,0,1,24,1,2,1,0.18,1,10,70,2,3,16,1,6.2,3,8.0,2,1,1.08333333333333,0,12,1.0,0,1,0,False
268,0,0,1,1,0,0,13,1,0,1,0.02,0,198,98,1,0,2,3,7.33333333333333,0,2.11111111111111,1,1,0.055,0,16,0.5,0,1,1,False
269,1,0,1,0,0,1,48,1,0,1,0.46,0,12,66,2,0,8,1,4.58333333333333,0,3.41666666666667,1,1,1.07142857142857,0,0,0.0,0,1,1,True
270,5,0,1,18,7,0,71,1,0,17,0.16,1,34,96,1,0,20,3,6.58536585365854,1,4.85365853658537,1,1,0.465116279069767,0,32,1.0,0,1,2,True
271,0,0,2,0,0,4,138,2,0,2,0.22,2,22,14,1,1,18,2,6.5,1,11.1818181818182,1,1,0.92,0,0,0.0,0,1,1,False
272,0,0,1,0,0,2,60,1,0,0,3.0,0,15,0,0,1,4,0,1.66666666666667,1,0.0666666666666667,0,1,0.0,0,0,0.0,0,1,1,False
273,1,0,1,1,1,0,1,1,0,1,0.11,0,2,50,1,0,0,1,2.0,2,2.0,1,1,0.5,0,0,1.0,0,1,0,False
274,0,0,1,0,0,0,0,1,0,0,0.0,0,3,0,1,0,1,2,0.333333333333333,0,1.0,1,1,0.166666666666667,0,36,1.0,0,1,0,False
275,0,0,1,0,0,0,2,1,0,0,0.29,0,2,0,0,4,1,0,1.0,1,0.5,0,1,0.0,0,0,1.0,0,1,0,False
276,0,0,1,0,0,0,2,1,0,0,0.07,0,3,0,1,0,4,2,0.333333333333333,0,3.0,1,1,0.6,0,22,0.833333333333333,0,1,0,False
277,0,0,1,0,0,1,3,1,0,0,0.08,0,3,0,1,0,4,2,0.333333333333333,0,2.0,1,1,1.33333333333333,0,28,1.0,0,1,0,False
278,1,0,1,0,0,6,25,1,0,0,0.24,1,4,0,1,0,18,2,2.75,0,9.0,1,1,2.66666666666667,0,225,1.0,0,1,0,False
279,0,0,1,0,0,0,2,1,0,0,0.4,0,1,0,0,1,1,0,0.0,0,0.0,0,1,0.0,0,4,0.666666666666667,0,2,0,False
280,0,1,1,0,0,2,29,1,0,4,0.23,1,8,59,2,0,7,1,3.0,1,5.625,1,1,2.09090909090909,0,64,1.0,0,1,0,False
281,0,0,1,1,0,0,3,1,0,0,0.1,0,7,57,2,0,6,1,2.0,0,2.14285714285714,1,1,0.444444444444444,0,16,1.0,0,1,0,False
282,0,3,1,3,0,0,1,4,0,0,0.04,0,6,0,2,0,4,1,0.0,0,1.0,1,1,0.25,0,0,1.0,0,1,0,False
283,1,2,1,0,0,0,13,2,0,10,0.15,0,16,100,1,1,5,1,2.0,0,3.0,1,0,0.421052631578947,0,117,1.0,0,1,0,False
284,0,0,1,0,0,0,3,1,0,1,0.5,0,1,0,1,0,1,1,2.0,2,3.0,3,1,0.0,0,2,1.0,0,1,0,False
285,0,0,1,0,0,2,31,1,0,2,0.53,0,9,72,1,1,5,1,2.11111111111111,1,2.11111111111111,0,1,0.909090909090909,0,56,1.0,0,1,0,False
286,0,0,1,0,0,0,0,1,0,0,0.0,0,2,0,3,0,3,1,4.0,4,2.0,2,1,0.2,0,0,1.0,0,1,0,False
287,0,0,1,0,0,0,2,1,0,4,0.08,0,4,50,2,0,5,1,2.75,0,2.75,0,1,0.0,0,22,1.0,0,1,0,False
288,0,0,1,0,0,0,0,1,0,0,0.0,0,1,0,3,0,2,1,6.0,6,2.0,2,1,0.0,0,0,1.0,0,1,0,False
289,0,0,1,0,0,0,0,1,0,0,0.0,0,1,0,3,0,1,1,1.0,1,2.0,2,1,0.0,0,0,1.0,0,2,0,False
290,0,0,1,0,0,0,0,1,0,0,0.0,0,1,0,4,0,3,1,11.0,11,2.0,2,1,0.0,0,0,1.0,0,1,0,False
291,0,0,1,0,0,0,0,1,0,1,0.0,0,3,0,3,1,3,1,4.0,3,2.0,1,1,0.0,0,0,1.0,0,2,0,False
292,0,0,1,0,0,0,16,1,0,0,1.6,0,1,0,3,0,2,1,3.0,3,2.0,2,1,0.0,0,6,1.0,0,1,0,False
293,0,0,1,0,0,0,12,1,0,2,0.19,0,13,57,3,2,8,1,3.30769230769231,0,2.53846153846154,1,1,0.266666666666667,0,111,1.0,0,1,1,False
294,0,0,1,0,0,0,4,1,0,4,0.11,0,6,75,3,0,4,1,2.83333333333333,2,2.66666666666667,1,1,0.375,0,20,1.0,0,2,0,False
295,0,0,1,0,0,0,1,1,0,0,0.09,0,2,0,3,0,2,1,2.5,0,1.5,1,1,0.0,0,9,1.0,0,1,0,False
296,0,0,1,0,0,0,2,1,0,0,0.11,0,3,0,3,0,3,1,6.0,2,2.0,2,1,0.0,0,24,1.0,0,1,0,False
297,0,0,1,0,0,0,0,1,0,2,0.0,0,2,0,3,0,1,1,3.0,2,3.0,2,1,0.0,0,8,1.0,0,1,0,False
298,0,0,1,0,0,0,1,1,0,2,0.06,0,2,0,3,0,3,1,4.0,4,3.0,2,1,0.0,0,12,1.0,0,2,0,False
299,0,0,1,0,0,0,0,1,0,2,0.0,0,2,0,3,0,4,1,4.0,4,3.0,2,1,0.0,0,9,1.0,0,2,0,False
300,0,0,1,0,0,0,0,1,0,0,0.0,0,1,0,3,0,3,1,5.0,5,2.0,2,1,0.0,0,0,1.0,0,1,0,False
301,0,0,1,0,0,0,1,1,0,2,0.04,0,3,0,3,0,3,1,4.66666666666667,4,3.33333333333333,2,1,0.0,0,12,1.0,0,2,0,False
302,0,0,1,0,0,0,7,1,0,0,0.41,0,2,0,3,0,5,1,5.5,5,2.5,2,1,0.0,0,0,1.0,0,1,0,False
303,0,0,1,0,1,1,2,1,0,0,0.11,0,1,0,3,0,6,1,4.0,3,2.5,2,1,0.75,0,0,1.0,0,2,0,False
304,0,0,1,0,0,0,0,1,0,0,0.0,0,1,0,3,0,3,1,5.0,5,2.0,2,1,0.0,0,0,1.0,0,1,0,False
305,0,0,1,0,0,0,0,1,0,0,0.0,0,1,0,3,0,3,1,4.0,4,3.0,3,1,0.0,0,0,1.0,0,1,0,False
306,0,0,1,0,0,0,1,1,0,2,0.05,0,4,25,2,4,3,1,3.75,2,2.25,1,1,0.0,0,12,1.0,0,1,0,False
307,0,0,1,0,0,0,0,1,0,0,0.0,0,1,0,3,0,1,1,1.0,1,2.0,2,1,0.0,0,0,1.0,0,2,0,False
308,0,0,1,0,0,0,43,1,0,4,0.88,0,11,72,1,7,4,1,4.27272727272727,1,2.0,0,1,0.230769230769231,0,33,1.0,0,1,1,False
309,0,0,1,0,0,0,4,1,0,0,0.36,0,1,0,3,0,3,1,5.0,5,2.0,2,1,0.0,0,0,1.0,0,1,0,False
310,0,0,1,0,0,0,0,1,0,0,0.0,0,3,0,4,0,3,1,4.0,0,1.66666666666667,1,1,0.0,0,2,1.0,0,1,0,False
311,0,0,1,0,0,0,0,1,0,1,0.0,0,3,0,3,0,2,1,3.33333333333333,1,2.33333333333333,1,1,0.0,0,0,1.0,0,2,0,False
312,0,0,1,0,0,0,0,1,0,1,0.0,0,2,0,3,0,2,1,5.5,1,2.5,2,1,0.0,0,6,1.0,0,2,0,False
313,0,0,1,0,0,0,2,1,0,1,0.08,0,4,0,2,3,3,1,3.25,1,2.25,1,1,0.5,0,12,1.0,0,2,0,False
314,0,0,1,0,0,0,2,1,0,0,0.1,0,4,0,2,11,3,1,3.75,0,1.25,0,1,0.0,0,0,1.0,0,2,0,False
315,0,0,1,0,0,0,2,1,0,1,0.09,0,4,0,2,8,3,1,5.0,1,2.0,1,1,0.0,0,10,1.0,0,2,0,False
316,0,0,1,0,0,0,0,1,0,0,0.0,0,2,0,3,0,4,1,6.0,5,2.5,2,1,0.0,0,0,1.0,0,2,0,False
317,0,0,1,0,1,1,2,1,0,0,0.12,0,1,0,3,0,5,1,5.5,3,2.5,2,1,0.75,0,0,1.0,0,1,1,False
318,0,0,1,0,0,0,0,1,0,0,0.0,0,1,0,3,0,2,1,7.0,7,2.0,2,1,0.0,0,0,1.0,0,1,0,False
319,0,0,1,0,0,0,0,1,0,0,0.0,0,1,0,3,0,3,1,6.0,6,3.0,3,1,0.0,0,0,1.0,0,2,0,False
320,0,0,1,0,0,0,1,1,0,3,0.04,0,4,16,2,4,2,1,4.5,3,2.75,1,1,0.0,0,22,1.0,0,1,0,False
321,0,0,1,0,0,0,0,1,0,2,0.0,0,3,33,3,0,2,1,4.0,2,2.66666666666667,2,1,0.0,0,0,1.0,0,1,1,False
322,0,0,1,0,0,0,0,1,0,2,0.0,0,2,0,3,0,2,1,3.5,2,3.0,2,1,0.0,0,0,1.0,0,2,0,False
323,0,0,1,0,0,0,5,1,0,0,0.5,0,1,0,3,0,2,1,3.0,3,2.0,2,1,0.0,0,0,1.0,0,1,0,False
324,0,0,1,0,0,0,0,1,0,0,0.0,0,1,0,3,0,4,1,5.0,5,3.0,3,1,0.0,0,0,1.0,0,1,0,False
325,0,0,1,0,0,0,1,1,0,1,0.08,0,1,0,3,0,2,1,2.0,2,3.0,3,1,0.0,0,2,1.0,0,1,0,False
326,0,0,1,0,0,0,0,1,0,0,0.0,0,1,0,3,0,2,1,4.0,4,2.0,2,1,0.0,0,6,1.0,0,1,0,False
327,0,0,1,0,0,0,2,1,0,0,0.12,0,4,0,4,0,3,1,3.0,0,1.5,1,1,0.0,0,5,1.0,0,1,0,False
328,0,0,1,0,0,0,0,1,0,0,0.0,0,1,0,3,0,1,1,8.0,8,2.0,2,1,0.0,0,0,1.0,0,2,0,False
329,0,0,1,0,0,0,2,1,0,2,0.08,0,4,0,2,4,3,1,4.25,2,2.5,1,1,0.0,0,24,1.0,0,2,0,False
330,0,0,1,0,0,0,1,1,0,0,0.08,0,3,0,3,0,3,1,1.33333333333333,0,1.33333333333333,1,1,0.0,0,0,1.0,0,1,0,False
331,6,0,2,0,3,10,1197,1,0,0,0.98,1,102,0,1,0,157,1,5.36190476190476,1,7.6,1,1,0.570093457943925,0,8274,0.780487804878049,1,3,0,False
332,2,0,1,2,4,0,6,1,0,3,0.09,0,5,75,3,0,2,1,5.11111111111111,0,3.11111111111111,1,1,0.545454545454545,0,195,0.9,0,2,0,False
333,0,0,1,0,0,0,4,1,0,2,0.18,0,3,66,2,0,3,1,1.66666666666667,0,2.33333333333333,0,1,0.0,0,93,1.0,0,1,0,False
334,0,0,1,0,0,0,1,1,0,6,0.05,0,1,0,1,0,2,1,2.0,2,9.0,9,1,0.0,0,2,1.0,0,1,0,False
335,0,0,1,0,0,0,12,1,0,8,0.18,0,14,84,2,0,9,1,3.0,1,2.35714285714286,1,1,0.25,0,401,0.901639344262295,0,2,0,False
336,0,0,2,0,0,0,0,1,0,1,0.0,0,5,19,2,1,2,1,4.4,2,2.4,2,1,1.14285714285714,0,44,0.933333333333333,0,1,1,False
337,0,0,1,0,0,0,23,1,0,0,0.82,0,18,0,0,1,10,0,6.66666666666667,0,0.555555555555556,0,1,0.0,0,78,1.0,0,1,1,False
338,1,0,1,0,0,0,57,1,0,10,0.28,0,27,88,1,4,14,2,2.88888888888889,0,2.92592592592593,1,1,0.620689655172414,0,434,0.904761904761905,0,2,0,False
339,0,0,1,0,0,0,2,1,0,2,0.1,0,5,50,2,0,4,1,1.8,0,2.8,1,1,0.0,0,103,0.842105263157895,0,2,0,False
340,0,0,1,0,0,0,0,1,0,1,0.0,0,2,0,2,0,0,1,1.5,1,2.0,2,1,0.6,0,0,1.0,0,2,0,False
341,0,0,1,0,0,0,7,1,0,1,0.13,0,12,33,2,0,2,1,2.0,0,2.16666666666667,1,1,0.714285714285714,0,6,1.0,0,1,0,False
342,0,0,1,0,0,0,15,1,0,1,1.25,0,2,50,2,0,0,1,1.0,0,2.0,1,1,0.0,0,6,1.0,0,1,0,False
343,0,0,1,0,0,0,5,1,0,1,0.71,0,2,0,2,0,0,1,1.5,1,1.5,1,1,0.0,0,0,1.0,0,1,0,False
344,0,0,1,0,0,0,6,1,0,1,0.19,0,6,16,2,0,0,1,1.66666666666667,0,2.0,1,1,1.0,0,6,1.0,0,1,0,False
345,0,0,1,0,0,0,0,1,0,1,0.0,0,1,0,3,0,0,1,1.0,1,2.0,2,1,0.0,0,0,1.0,0,1,0,False
346,1,0,1,2,0,0,0,1,0,0,0.0,0,4,75,3,0,0,1,0.75,0,1.25,1,1,0.0,0,0,1.0,0,1,0,False
347,0,0,1,0,0,0,11,1,0,2,0.25,0,7,28,2,0,2,1,2.28571428571429,0,2.28571428571429,1,1,0.333333333333333,0,42,1.0,0,1,0,False
348,0,0,2,0,0,0,8,1,0,1,0.22,0,6,16,2,0,0,1,2.0,0,2.0,1,1,1.375,0,6,1.0,0,1,0,False
349,0,0,1,0,0,0,0,1,0,0,0.0,0,1,0,2,6,0,1,0.0,0,1.0,1,1,0.0,0,0,1.0,0,1,0,False
350,0,0,1,0,0,0,4,1,0,1,0.21,0,4,25,2,1,1,1,1.5,0,1.75,1,1,0.0,0,8,1.0,0,1,0,False
351,0,0,1,0,0,0,0,1,0,0,0.0,0,1,0,3,0,1,1,2.0,2,2.0,2,1,0.0,0,2,1.0,0,1,0,False
352,0,0,1,0,0,0,0,1,0,0,0.0,0,1,0,3,0,0,1,1.0,1,2.0,2,1,0.0,0,2,1.0,0,1,0,False
353,0,0,3,0,0,0,3,1,0,1,0.07,0,6,33,3,0,3,1,1.83333333333333,0,2.0,1,1,0.75,0,0,1.0,0,1,1,False
354,0,0,2,0,0,0,1,1,0,1,0.04,0,5,40,3,0,3,1,2.4,0,1.8,1,1,0.428571428571429,0,0,1.0,0,2,0,False
355,0,0,1,0,0,0,0,1,0,0,0.0,0,1,0,3,0,0,1,3.0,3,2.0,2,1,0.0,0,0,1.0,0,1,0,False
356,0,0,1,0,0,0,6,1,0,1,0.16,0,7,28,2,0,2,1,2.0,0,2.0,1,1,0.888888888888889,0,8,1.0,0,1,0,False
357,0,0,1,0,0,0,0,1,0,2,0.0,0,1,0,1,0,1,1,3.0,3,3.0,3,1,0.0,0,6,1.0,0,1,0,False
358,0,0,1,1,0,0,0,1,0,1,0.0,0,4,50,2,0,0,1,3.0,1,1.75,1,1,0.0,0,8,1.0,0,2,0,False
359,0,0,2,0,0,0,1,1,0,1,0.04,0,4,25,2,0,6,1,5.25,0,2.0,1,1,0.5,0,26,1.0,0,1,0,False
360,0,0,1,9,0,0,9,1,0,0,0.56,0,3,100,3,0,0,1,3.33333333333333,1,1.33333333333333,1,1,0.0,0,10,1.0,0,2,0,False
361,1,0,1,1,0,0,1,1,0,0,0.12,0,3,66,3,0,0,1,0.333333333333333,0,1.0,1,1,0.0,0,0,1.0,0,1,0,False
362,0,0,1,1,0,0,20,1,0,0,1.33,0,7,100,1,22,1,1,6.14285714285714,1,0.857142857142857,0,1,0.0,0,98,1.0,0,1,1,False
363,0,0,1,0,0,0,9,1,0,2,0.26,0,8,37,2,0,1,1,1.875,0,2.0,1,1,0.3,0,12,1.0,0,1,0,False
364,0,0,1,0,0,0,0,1,0,1,0.0,0,2,0,2,3,0,1,2.5,1,1.5,1,1,0.0,0,0,1.0,0,1,0,False
365,0,0,1,0,0,0,6,1,0,2,0.27,0,6,41,2,0,0,1,1.83333333333333,0,1.83333333333333,1,1,0.0,0,10,1.0,0,1,1,False
366,0,0,1,0,0,0,5,1,0,1,0.15,0,7,14,2,0,3,1,1.57142857142857,0,2.0,1,1,0.444444444444444,0,18,1.0,0,1,0,False
367,0,0,1,0,0,0,1,1,0,2,0.07,0,4,37,3,0,1,1,2.5,0,2.75,1,1,0.0,0,2,1.0,0,2,0,False
368,0,0,1,0,0,0,12,1,0,1,0.39,0,7,28,2,0,1,1,1.42857142857143,0,1.57142857142857,1,1,0.333333333333333,0,34,1.0,0,1,1,False
369,0,0,1,0,0,0,0,1,0,0,0.0,0,1,0,3,0,0,1,2.0,2,2.0,2,1,0.0,0,0,1.0,0,1,0,False
370,0,0,1,0,0,0,2,1,0,1,0.05,0,9,33,2,1,0,2,3.22222222222222,1,2.0,1,1,0.363636363636364,0,42,1.0,0,2,0,False
371,0,1,1,0,0,0,20,2,0,72,0.48,0,15,100,1,0,1,1,1.8,0,1.4,1,0,0.0,0,218,0.933333333333333,0,1,1,False
372,0,0,1,0,0,0,4,1,0,5,0.11,0,7,65,1,0,3,1,3.28571428571429,2,2.57142857142857,1,1,1.1,0,33,1.0,0,1,0,False
373,1,0,1,0,0,0,15,3,0,7,0.09,0,13,72,1,0,11,2,2.69230769230769,1,3.38461538461538,1,1,0.941176470588235,0,77,1.0,0,1,0,False
374,0,0,0,0,0,0,2,1,0,0,0.5,0,0,0,2,0,0,1,0.0,0,0.0,0,0,0.333333333333333,0,0,1.0,0,1,0,False
375,0,0,0,0,0,0,2,1,0,0,0.5,0,0,0,2,0,0,1,0.0,0,0.0,0,0,0.0,0,0,1.0,0,1,0,False
376,3,0,1,1,1,0,6,3,0,9,0.02,0,36,94,1,2,35,2,4.02702702702703,1,4.02702702702703,1,1,0.317073170731707,0,162,0.571428571428571,0,2,0,False
377,3,1,1,1,2,0,44,3,1,18,0.18,1,20,92,1,0,18,2,3.27272727272727,1,5.40909090909091,1,1,0.846153846153846,0,36,0.5,0,3,0,True
378,0,0,1,0,0,0,0,1,0,0,0.0,0,9,0,0,1,0,0,0.0,0,1.0,1,1,0.0,0,0,0.0,0,1,0,False
379,0,0,1,1,0,0,0,1,0,0,0.0,0,1,100,2,0,0,1,26.0,26,1.0,1,1,0.0,0,0,0.0,0,1,0,False
380,0,0,1,0,0,7,73,1,0,0,8.11,0,5,0,0,1,4,0,0.6,0,0.6,0,1,0.0,0,0,1.0,0,1,0,False
381,1,0,2,1,9,1,51,2,1,0,0.2,1,6,88,1,0,4,1,4.8,0,5.66666666666667,1,1,1.15789473684211,0,6,1.0,0,1,0,False
382,0,0,1,0,0,0,30,1,0,0,0.58,0,25,0,0,1,4,0,3.12,0,0.08,0,1,0.0,0,0,0.0,0,1,2,True
383,1,0,1,1,1,0,5,4,0,0,0.06,2,4,100,2,0,6,2,2.0,0,7.6,1,1,0.818181818181818,0,0,0.0,0,2,3,True
384,2,0,1,2,0,0,32,23,8,29,0.07,0,52,100,2,0,11,2,3.94230769230769,0,4.11538461538461,0,0,0.526315789473684,0,0,0.0,0,3,3,True
385,1,0,1,0,1,3,38,1,0,0,1.09,1,2,0,1,0,2,1,2.66666666666667,2,7.0,5,2,1.0,1,0,0.0,0,2,1,False
386,0,0,1,0,4,1,36,1,0,0,0.38,3,0,0,1,0,10,1,8.5,7,10.25,2,1,1.85714285714286,0,200,1.0,0,2,4,False
387,2,0,2,0,22,1,73,1,0,0,0.31,1,0,0,1,0,33,1,6.45454545454545,2,6.09090909090909,2,1,1.16666666666667,0,0,0.0,0,2,1,True
388,0,0,1,4,0,0,48,9,1,2,1.04,0,15,100,4,7,4,1,4.33333333333333,0,1.6,1,1,0.192307692307692,0,0,1.0,0,3,2,True
389,0,0,1,1,0,0,26,1,0,3,0.7,0,9,75,2,0,0,1,2.66666666666667,0,1.33333333333333,1,1,0.0,0,0,0.0,0,2,0,True
390,2,0,1,2,3,0,46,1,1,2,0.3,0,11,83,3,0,13,1,8.35714285714286,0,6.21428571428571,1,1,0.75,0,6,0.4,0,5,5,False
391,0,0,0,1,0,0,27,1,0,0,6.75,0,0,0,2,0,0,1,0.0,0,0.0,0,0,0.0,0,0,0.0,0,2,0,True
392,0,0,1,2,1,3,52,1,2,1,1.11,0,4,73,5,2,9,1,3.2,1,3.4,1,1,0.75,0,74,1.0,0,1,1,False
393,2,0,1,1,3,4,413,1,8,3,0.83,0,83,93,3,2,22,1,4.62790697674419,1,5.27906976744186,1,1,0.193181818181818,0,150,1.0,0,1,0,False
394,0,0,1,0,0,0,0,1,0,0,0.0,0,2,0,2,3,0,1,2.5,2,0.0,0,1,0.0,0,0,0.0,0,1,0,False
395,6,0,1,3,5,0,1,8,1,4,0.0,0,80,78,3,2,10,2,4.16470588235294,0,2.35294117647059,0,1,0.212765957446809,0,7,1.0,0,1,0,False
396,3,0,1,3,2,0,2,3,0,4,0.03,1,6,100,5,0,9,2,4.375,2,5.25,2,1,0.333333333333333,0,202,1.0,0,1,0,True
397,3,4,1,2,12,0,2,1,2,1,0.02,0,10,66,4,0,13,1,5.0,0,3.18181818181818,1,1,0.0,0,62,1.0,0,1,0,True
398,0,0,1,1,2,3,72,1,0,4,0.65,0,10,75,4,0,9,2,3.5,1,3.5,1,1,0.714285714285714,0,0,1.0,0,1,0,True
399,0,0,1,0,0,0,0,1,0,0,0.0,0,1,0,1,1,3,1,3.0,3,1.0,1,1,0.0,0,0,0.0,0,1,0,False
400,0,1,1,0,0,0,0,1,0,0,0.0,0,1,0,1,6,0,1,12.0,12,1.0,1,1,0.0,0,0,0.0,0,1,0,False
401,1,0,1,1,1,0,3,2,0,0,0.12,0,2,100,4,0,5,2,3.33333333333333,2,3.0,2,1,0.0,0,2,1.0,0,1,0,False
402,1,0,1,1,2,2,62,3,1,0,0.53,0,10,100,1,2,23,2,3.16666666666667,0,3.83333333333333,1,1,0.625,0,53,1.0,0,1,0,True
403,0,0,1,0,0,0,0,1,0,0,0.0,0,6,0,2,0,1,2,0.5,0,1.33333333333333,1,1,0.0,0,0,1.0,0,1,0,False
404,0,0,1,0,0,0,3,1,2,2,0.02,0,43,95,1,5,4,2,1.27906976744186,0,1.46511627906977,1,1,0.0,0,8,1.0,0,1,0,False
405,0,3,1,1,0,4,66,2,0,2,1.35,0,8,26,1,0,1,2,2.125,1,2.0,1,1,0.5,0,8,1.0,0,1,0,False
406,0,0,1,2,3,0,30,2,0,0,0.51,0,3,100,4,0,14,2,3.83333333333333,2,5.16666666666667,2,1,0.333333333333333,0,0,0.0,0,1,0,True
407,0,0,4,0,2,0,30,1,0,0,0.51,4,0,0,1,0,14,1,4.0,3,11.0,2,1,1.5,0,0,1.0,0,1,0,False
408,1,4,1,1,2,2,19,2,0,4,0.32,0,6,55,3,0,2,2,4.125,1,3.125,2,1,0.833333333333333,0,62,1.0,0,1,0,True
409,2,2,1,3,0,0,2,1,0,4,0.01,0,47,72,1,1,5,3,4.76595744680851,0,2.34042553191489,1,1,0.0612244897959184,0,10,1.0,0,1,0,False
410,10,7,2,3,9,2,110,8,1,12,0.27,0,22,90,5,2,27,2,5.87096774193548,0,4.67741935483871,1,1,0.825,0,349,0.935483870967742,0,1,1,True
411,1,1,1,0,0,0,35,2,0,3,0.7,0,8,66,1,0,11,2,2.75,0,3.5,1,1,0.272727272727273,0,12,1.0,0,1,0,False
412,0,0,1,0,0,0,4,1,0,4,0.06,0,5,55,2,0,11,1,3.6,0,3.6,1,1,1.28571428571429,0,34,1.0,0,1,1,False
413,0,0,1,0,0,0,30,1,0,2,1.07,0,5,40,2,0,2,2,1.8,0,2.4,1,1,0.0,0,2,1.0,0,1,0,False
414,0,0,2,0,0,0,0,1,0,2,0.0,0,2,0,3,3,8,1,8.5,8,6.5,6,3,2.75,2,10,1.0,0,1,0,False
415,4,6,1,34,9,0,143,36,0,8,0.23,0,57,100,2,17,63,2,4.25757575757576,0,3.71212121212121,1,1,0.339805825242718,0,105,1.0,0,1,0,True
416,0,0,1,0,0,0,0,1,0,1,0.0,0,2,0,4,0,6,1,5.5,5,4.5,3,1,1.5,0,8,1.0,0,1,0,False
417,0,0,1,0,0,0,0,1,0,3,0.0,0,2,0,4,0,6,1,7.5,5,5.5,5,1,1.5,0,12,1.0,0,1,0,False
418,0,0,1,0,0,0,0,1,0,2,0.0,0,2,0,4,0,6,1,6.5,5,5.0,4,1,1.5,0,10,1.0,0,1,0,False
419,0,0,1,0,0,0,0,1,0,1,0.0,0,3,0,3,0,6,1,5.0,4,3.33333333333333,3,1,0.0,0,0,0.0,0,1,0,False
420,1,2,1,4,3,0,7,4,0,7,0.05,0,16,79,5,0,13,2,3.10526315789474,0,3.68421052631579,1,1,0.333333333333333,0,18,0.833333333333333,0,1,0,False
421,1,0,1,0,2,1,18,2,0,0,0.22,0,9,0,2,0,18,1,2.0,0,3.63636363636364,2,1,0.357142857142857,0,32,0.904761904761905,0,1,1,True
422,0,0,1,1,0,0,0,1,0,3,0.0,0,4,75,2,7,6,1,3.75,0,2.25,1,1,0.0,0,0,0.0,0,1,1,False
423,2,8,2,24,2,0,1,23,0,0,0.0,0,31,100,2,9,39,2,4.06060606060606,0,3.15151515151515,1,1,0.368421052631579,0,94,1.0,0,1,0,False
424,1,0,1,0,0,0,0,1,0,1,0.0,0,4,50,3,0,7,1,4.5,2,3.25,2,1,0.0,0,0,0.0,0,1,0,False
425,1,0,1,0,0,0,0,1,0,3,0.0,0,4,50,3,0,7,1,6.0,3,3.75,2,1,0.0,0,0,0.0,0,1,0,False
426,1,0,1,0,0,0,0,1,0,2,0.0,0,4,50,3,0,7,1,5.25,3,3.5,2,1,0.0,0,0,0.0,0,1,0,False
427,0,0,1,0,0,0,0,1,0,0,0.0,0,3,0,3,0,7,1,5.33333333333333,4,3.33333333333333,2,1,0.0,0,0,0.0,0,1,0,False
428,1,0,1,0,0,0,0,1,0,2,0.0,0,4,50,3,0,8,1,5.0,2,4.25,2,1,0.5,0,0,0.0,0,1,0,False
429,1,0,1,0,0,0,0,1,0,6,0.0,1,4,50,3,0,8,1,7.0,3,5.25,2,1,0.5,0,0,0.0,0,1,0,False
430,1,0,1,0,0,0,0,1,0,4,0.0,0,4,50,3,0,8,1,6.0,3,4.75,2,1,0.5,0,0,0.0,0,1,0,False
431,0,0,1,1,0,0,0,1,0,3,0.0,0,4,75,2,4,6,1,3.0,0,2.25,1,1,0.0,0,0,0.0,0,1,1,False
432,1,6,2,29,1,0,0,28,0,0,0.0,0,32,100,2,11,41,2,4.24242424242424,0,3.0,1,1,0.258064516129032,0,108,1.0,0,1,0,False
433,0,0,1,0,0,0,0,1,0,0,0.0,0,3,0,3,0,7,1,5.0,4,3.33333333333333,2,1,0.0,0,0,0.0,0,1,0,False
434,2,9,1,2,10,1,24,1,0,0,0.2,1,1,81,1,0,15,1,5.54545454545455,0,4.0,1,1,0.769230769230769,0,54,1.0,0,1,0,True
435,0,1,1,0,2,0,3,1,0,6,0.02,1,5,71,6,0,20,1,4.85714285714286,1,8.85714285714286,3,1,1.22222222222222,0,82,1.0,0,1,0,True
436,0,1,1,0,0,0,4,1,0,0,0.5,0,1,0,0,1,2,0,8.0,8,1.0,1,1,0.0,0,0,0.0,0,1,0,False
437,0,2,1,0,0,0,0,1,0,0,0.0,0,2,0,0,1,2,0,4.5,3,1.0,1,1,0.0,0,0,0.0,0,1,0,False
438,0,1,1,0,0,0,8,1,0,0,1.33,0,1,0,0,11,2,0,8.0,8,1.0,1,1,0.0,0,0,0.0,0,1,0,False
439,0,4,1,0,0,0,4,1,0,2,0.15,0,4,50,1,0,1,1,6.25,3,1.5,1,1,1.16666666666667,0,0,0.0,0,1,0,False
440,0,0,1,0,0,0,0,1,0,3,0.0,0,4,66,2,2,5,1,2.25,0,2.0,1,1,0.0,0,0,0.0,0,1,1,False
441,0,2,1,0,2,0,2,1,0,5,0.02,2,3,60,6,0,15,1,6.8,4,9.0,5,1,1.14285714285714,0,120,1.0,0,1,0,True
442,0,1,1,0,0,0,0,1,0,0,0.0,0,1,0,0,1,2,0,3.0,3,1.0,1,1,0.0,0,0,0.0,0,1,0,False
443,0,1,1,0,0,0,0,1,0,0,0.0,0,1,0,0,14,2,0,5.0,5,1.0,1,1,0.0,0,0,0.0,0,1,0,False
444,0,0,1,0,1,0,3,1,0,0,0.12,1,0,0,1,1,7,1,9.0,9,10.0,10,3,1.0,1,0,1.0,0,1,0,False
445,1,2,1,1,1,0,1,1,0,3,0.01,0,45,55,1,1,4,3,4.02173913043478,0,1.71739130434783,1,1,0.0625,0,10,1.0,0,1,0,False
446,0,0,1,0,0,0,3,1,0,0,0.33,0,3,0,0,2,3,0,1.0,0,0.333333333333333,0,1,0.0,0,0,0.0,0,1,0,False
447,1,0,1,0,2,1,9,1,0,5,0.08,1,3,64,3,0,17,1,8.0,1,7.8,1,1,1.0,0,220,0.833333333333333,0,1,0,False
448,0,0,1,0,0,7,314,1,0,0,7.3,0,40,0,0,5,1,0,2.35,0,0.425,0,1,0.0,0,6,1.0,0,1,0,False
449,0,2,1,11,1,0,3,12,0,0,0.02,0,24,66,2,11,16,1,3.96,2,2.36,0,1,0.0789473684210526,0,20,1.0,0,1,0,False
450,2,1,1,0,8,0,1,1,0,0,0.01,0,5,0,5,0,14,1,4.61538461538461,1,5.23076923076923,2,1,0.466666666666667,0,144,1.0,0,1,0,True
451,1,0,1,0,24,1,33,1,0,0,0.18,2,1,0,1,0,8,1,5.44,0,4.12,1,1,0.814814814814815,0,38,1.0,0,1,0,False
452,0,0,1,0,0,0,31,1,0,0,7.75,0,1,0,0,2,1,0,1.0,1,1.0,1,1,0.0,0,0,0.0,0,1,0,False
453,0,0,2,0,2,0,37,1,0,24,0.74,0,4,98,1,0,3,2,1.33333333333333,0,1.66666666666667,1,0,0.5,0,20,1.0,0,1,0,True
454,0,0,1,0,0,0,3,1,0,1,0.07,0,9,0,2,0,9,1,1.55555555555556,1,1.66666666666667,1,1,0.0,0,0,1.0,0,1,0,False
455,0,0,1,0,0,0,3,1,1,0,0.1,0,7,0,2,0,3,2,1.14285714285714,0,1.57142857142857,1,1,0.0,0,0,1.0,0,1,0,False
456,5,0,1,10,14,1,99,11,1,22,0.3,0,28,100,3,4,14,1,4.76190476190476,0,2.83333333333333,1,0,0.314814814814815,0,2,1.0,0,1,0,True
457,1,0,1,1,2,0,17,2,5,0,0.17,0,16,100,4,5,13,2,4.11111111111111,1,4.38888888888889,2,1,0.0,0,68,1.0,0,1,0,True
458,1,8,1,1,12,0,25,2,0,4,0.16,0,16,100,3,0,13,2,3.60714285714286,1,3.32142857142857,1,1,0.258064516129032,0,4,1.0,0,1,0,False
459,1,0,1,0,2,1,8,1,0,2,0.15,0,5,50,4,0,11,1,3.85714285714286,2,4.42857142857143,1,1,0.333333333333333,0,8,1.0,0,1,0,True
460,4,13,1,2,3,2,150,6,3,15,0.52,0,50,88,4,7,15,2,3.26415094339623,0,3.0377358490566,0,1,0.2,0,110,0.8,0,1,1,False
461,6,10,1,2,7,0,50,9,9,13,0.12,0,46,100,4,0,29,2,3.69811320754717,0,4.94339622641509,1,1,0.444444444444444,0,231,1.0,0,1,0,False
462,5,0,1,0,7,1,50,3,2,6,0.23,0,22,77,4,6,11,1,5.62068965517241,1,3.79310344827586,1,1,0.454545454545455,0,90,1.0,0,1,0,True
463,2,0,1,1,3,2,8,1,0,2,0.14,0,0,88,1,0,8,1,4.0,3,4.66666666666667,3,1,0.0,0,20,1.0,0,1,0,False
464,2,0,1,1,24,0,37,1,0,0,0.24,0,1,96,1,0,7,1,7.56,0,3.32,1,1,0.535714285714286,0,2,1.0,0,1,1,False
465,0,0,1,0,0,0,0,1,0,2,0.0,0,11,45,1,0,5,2,2.0,1,2.72727272727273,1,1,0.714285714285714,0,0,0.0,0,2,1,False
466,0,0,1,0,0,0,28,1,0,3,1.47,0,2,0,1,0,2,2,4.5,4,2.5,1,1,0.0,0,28,1.0,0,1,1,False
467,0,0,2,0,3,0,31,2,0,1,0.36,2,1,0,1,0,14,1,2.75,2,10.75,2,1,1.14285714285714,0,0,0.0,0,2,1,False
468,1,0,1,3,29,0,50,8,1,6,0.13,0,11,93,2,0,16,2,3.325,1,5.975,1,1,0.857142857142857,0,43,1.0,0,3,4,True
469,1,0,1,2,0,0,27,1,0,0,0.01,0,1,100,1,0,0,1,0.0,0,1.0,1,1,1.0,0,0,0.0,0,1,0,False
470,26,1,1,1,3,0,40,2,6,1,0.07,0,50,96,4,3,17,2,4.52830188679245,0,6.56603773584906,1,1,0.839285714285714,0,2,0.666666666666667,0,3,4,True
471,1,1,1,1,4,0,31,2,1,0,0.3,0,9,91,5,2,9,2,3.07692307692308,0,5.15384615384615,2,1,0.5,0,8,1.0,0,3,3,False
472,3,1,1,11,26,0,51,5,1,3,0.1,1,5,95,5,0,19,2,4.0,1,7.58064516129032,1,1,0.918918918918919,0,29,0.363636363636364,0,4,6,True
473,0,1,1,1,3,0,39,2,0,2,0.21,1,11,87,7,0,17,2,2.78571428571429,0,7.0,2,1,1.11764705882353,0,0,0.0,0,4,2,True
474,1,1,1,1,5,0,33,2,0,0,0.26,0,4,87,6,1,16,2,4.11111111111111,2,7.0,2,1,0.75,0,25,0.625,0,4,3,True
475,0,1,2,1,3,0,36,2,0,0,0.18,0,13,93,6,0,17,2,3.0,1,7.375,2,1,0.684210526315789,0,4,1.0,0,3,1,True
476,0,1,1,1,1,0,32,2,0,0,0.35,0,11,90,6,0,11,2,2.58333333333333,0,5.08333333333333,2,1,0.333333333333333,0,10,1.0,0,3,0,False
477,3,18,1,6,9,0,39,7,3,9,0.09,0,50,100,5,2,23,3,2.6271186440678,0,3.42372881355932,0,1,0.402985074626866,0,152,0.666666666666667,0,3,4,True
478,6,0,2,1,9,1,22,4,0,0,0.14,1,3,66,1,0,18,2,3.91666666666667,1,7.0,1,1,0.941176470588235,0,37,1.0,0,2,0,False
479,1,0,1,1,1,0,9,4,0,1,0.13,1,7,75,3,0,11,2,2.5,1,4.125,2,1,0.230769230769231,0,0,0.0,0,2,1,True
480,0,0,1,0,0,0,34,1,0,0,8.5,0,1,0,0,2,0,0,1.0,1,0.0,0,1,0.0,0,0,0.0,0,1,0,False
481,0,0,1,0,0,0,61,1,19,1,0.39,0,35,25,5,0,2,1,1.57142857142857,0,1.88571428571429,0,1,0.0810810810810811,0,2,1.0,0,4,4,False
482,0,0,1,0,0,5,90,2,0,3,1.36,0,12,66,1,0,5,2,1.5,0,2.16666666666667,0,1,0.8125,0,2,1.0,0,1,1,False
483,0,0,1,0,1,0,33,1,0,3,0.54,0,9,70,1,0,6,1,2.7,1,2.3,1,1,0.666666666666667,0,0,0.0,0,3,1,False
484,1,0,1,0,0,0,40,1,0,3,0.36,1,14,61,1,0,10,1,9.85714285714286,1,4.21428571428571,1,1,0.5,0,59,1.0,0,4,1,False
485,0,0,0,0,0,0,11,1,0,0,3.67,0,0,0,0,13,0,0,0.0,0,0.0,0,0,0.0,0,0,0.0,0,1,0,False
486,0,0,1,0,0,0,34,1,0,2,0.53,0,14,7,2,0,5,1,5.71428571428571,1,2.21428571428571,2,1,0.294117647058824,0,0,0.0,0,3,3,False
487,0,22,1,9,2,0,12,10,0,11,0.09,0,26,94,2,9,9,1,2.92857142857143,0,1.07142857142857,0,0,0.153846153846154,0,0,0.0,0,1,0,False
488,1,0,1,0,0,0,28,2,3,7,0.16,0,32,87,3,1,10,3,5.0,0,2.71875,1,1,0.771428571428571,0,0,0.0,0,1,2,False
489,1,0,1,0,0,0,43,2,0,8,0.16,0,38,78,2,0,17,3,9.63157894736842,1,3.07894736842105,1,1,0.658536585365854,0,122,0.8,0,3,2,False
490,0,0,1,0,0,0,35,1,1,1,1.35,0,2,0,3,0,1,1,4.0,4,6.0,3,1,0.75,0,0,0.0,0,2,0,False
491,1,0,1,0,1,3,229,1,7,5,1.33,0,44,93,1,20,17,1,16.2888888888889,0,2.02222222222222,1,1,0.106382978723404,0,0,1.0,0,2,1,False
492,0,0,3,0,1,0,26,1,0,0,0.96,1,0,0,1,0,13,1,12.0,12,6.0,6,3,2.0,2,0,0.0,0,1,1,False
493,0,1,1,0,0,0,0,1,0,4,0.0,0,3,91,1,0,1,1,0.333333333333333,0,1.33333333333333,1,0,0.0,0,0,0.0,0,1,0,False
494,0,0,1,0,0,0,33,1,0,1,0.65,0,5,19,2,0,12,2,4.2,0,4.6,1,1,1.28571428571429,0,0,0.0,0,4,0,False
495,0,0,1,0,0,0,43,1,2,5,0.1,1,33,62,2,1,15,3,10.6969696969697,1,7.0,1,1,0.742857142857143,0,10,1.0,0,2,0,False
496,24,0,2,22,1,2,200,2,3,10,0.18,2,45,94,2,1,41,2,8.21739130434783,2,7.95652173913043,1,1,1.40816326530612,0,8,1.0,0,1,2,True
497,0,0,1,4,10,0,50,43,22,5,0.06,0,178,94,9,17,50,3,4.20744680851064,0,1.98404255319149,0,1,0.193965517241379,0,2,1.0,0,1,3,False
498,0,0,1,0,0,0,35,1,2,5,0.18,1,18,72,2,0,14,2,7.0,1,5.05555555555556,1,1,0.6,0,4,1.0,0,1,0,False
499,0,0,1,0,0,0,7,1,0,0,1.4,0,1,0,0,2,1,0,1.0,1,1.0,1,1,0.0,0,0,0.0,0,1,0,False
500,0,0,1,0,0,2,41,1,0,1,1.95,0,3,0,2,0,7,2,3.66666666666667,1,3.33333333333333,3,1,0.0,0,0,0.0,0,3,0,False
501,0,0,1,0,0,2,42,1,0,1,1.62,0,4,0,2,0,7,2,3.0,1,3.0,2,1,0.0,0,4,1.0,0,3,1,False
502,0,0,4,0,0,0,28,1,0,1,0.44,2,2,0,4,0,15,1,11.0,8,10.5,4,1,2.25,0,8,1.0,0,2,0,False
503,1,0,2,0,0,0,27,1,0,9,0.19,4,3,11,3,0,10,1,14.0,7,14.0,1,2,2.8,1,10,1.0,0,3,0,False
504,0,0,1,0,0,3,31,1,0,5,0.44,2,2,0,3,0,6,1,11.0,10,8.5,6,5,2.5,1,0,0.0,0,1,0,False
505,0,0,2,0,0,2,58,3,0,0,0.45,0,8,0,2,0,17,2,6.5,4,6.125,2,1,1.58333333333333,0,10,1.0,0,2,1,True
506,0,0,0,0,0,0,0,1,0,3,0.0,0,2,100,1,0,0,1,0.0,0,1.0,1,0,0.0,0,0,0.0,0,1,0,False
507,0,0,1,0,0,0,33,1,0,1,0.85,0,5,19,2,0,10,1,4.0,0,3.8,1,1,0.857142857142857,0,0,0.0,0,4,1,False
508,2,0,1,0,0,0,30,1,2,5,0.61,0,6,63,3,0,11,1,5.5,3,4.16666666666667,3,1,0.5,0,0,0.0,0,1,0,False
509,1,0,1,1,1,5,78,1,0,0,2.29,0,7,75,2,0,7,1,0.625,0,0.625,0,1,0.0,0,0,0.0,0,4,0,False
510,0,0,1,0,0,0,36,1,0,1,0.78,0,12,0,2,0,5,1,6.5,1,2.25,2,1,0.0,0,0,0.0,0,3,1,False
511,0,0,1,0,0,0,30,1,0,2,0.52,0,12,50,1,0,3,2,1.41666666666667,0,2.33333333333333,1,1,0.714285714285714,0,0,0.0,0,2,2,False
512,0,0,1,0,0,0,32,1,0,2,1.6,0,3,33,1,0,2,2,2.0,1,2.66666666666667,2,1,0.0,0,0,0.0,0,2,2,False
513,0,0,1,1,0,2,36,1,0,6,0.49,1,4,50,1,0,16,2,4.75,1,8.0,1,1,1.5,0,10,1.0,0,1,1,False
514,0,0,1,0,0,0,27,1,0,0,2.08,0,9,0,0,2,0,0,1.0,0,0.444444444444444,0,1,0.0,0,0,0.0,0,1,1,False
515,1,0,1,0,0,1,61,3,0,14,0.41,0,21,100,1,0,4,1,3.95238095238095,0,3.42857142857143,1,0,0.52,0,0,1.0,0,5,1,True
516,0,0,1,0,0,3,41,1,0,3,1.41,0,3,33,1,0,6,2,3.0,2,4.0,3,1,0.6,0,0,0.0,0,2,2,False
517,0,0,1,0,0,0,31,1,0,1,1.82,0,3,0,1,0,1,2,2.66666666666667,1,1.66666666666667,1,1,0.0,0,0,0.0,0,2,0,False
518,2,0,1,0,11,0,0,1,0,0,0.0,2,0,0,1,0,13,1,3.72727272727273,2,6.36363636363636,3,1,1.21428571428571,0,16,1.0,0,1,0,False
519,0,0,1,0,6,0,7,2,0,0,0.08,0,0,0,1,0,11,1,2.33333333333333,2,6.16666666666667,4,1,1.0,0,16,1.0,0,1,1,False
520,0,0,1,0,1,1,1,1,0,0,0.04,2,0,0,1,0,8,1,5.0,5,6.0,6,3,2.0,2,0,0.0,0,1,0,True
521,0,0,1,0,3,0,0,1,0,0,0.0,0,0,0,1,0,6,1,1.33333333333333,1,3.0,2,1,0.0,0,0,0.0,0,1,0,False
522,19,0,1,3,25,0,19,5,0,0,0.08,0,4,96,1,3,15,2,4.6551724137931,1,3.20689655172414,1,1,0.916666666666667,0,0,1.0,0,1,0,False
523,0,1,1,0,0,0,6,1,0,1,0.03,2,12,83,4,0,10,1,7.0,4,11.3333333333333,7,1,1.93333333333333,0,152,1.0,0,1,2,True
524,0,1,1,0,0,0,0,1,0,2,0.0,0,1,0,7,2,3,1,6.0,6,6.0,6,2,1.0,1,0,0.0,0,1,0,False
525,0,1,1,0,0,0,0,1,1,2,0.0,0,2,25,7,2,4,1,4.0,2,7.5,6,2,1.75,1,6,1.0,0,1,0,True
526,0,0,1,0,0,0,0,1,0,0,0.0,0,2,0,8,0,8,1,4.5,4,5.0,2,1,0.75,0,4,1.0,0,1,1,False
527,0,0,1,0,0,0,0,1,0,0,0.0,0,2,0,8,0,7,1,5.0,5,5.5,2,1,0.75,0,6,1.0,0,1,1,True
528,0,0,1,0,0,0,1,1,0,0,0.01,0,12,0,5,0,7,1,6.08333333333333,3,8.25,2,1,0.785714285714286,0,136,0.8,0,2,1,False
529,1,3,1,0,1,1,5,1,0,1,0.08,0,3,25,4,2,3,1,9.25,3,8.0,2,1,2.83333333333333,0,4,1.0,0,1,2,True
530,0,4,1,1,2,0,7,1,6,4,0.05,0,8,64,3,2,10,1,13.7,5,4.5,3,1,1.5,0,14,1.0,0,1,1,True
531,0,0,1,0,0,0,0,1,0,0,0.0,0,2,0,8,0,5,1,3.5,3,4.0,2,1,0.75,0,0,0.0,0,1,1,False
532,0,0,1,0,0,0,0,1,0,0,0.0,0,2,0,8,0,4,1,4.0,4,4.5,2,1,0.75,0,4,1.0,0,1,0,True
533,0,0,1,0,0,0,1,1,0,0,0.01,0,12,0,5,0,7,1,6.08333333333333,3,6.58333333333333,2,1,0.785714285714286,0,108,1.0,0,1,0,False
534,5,0,1,4,43,1,109,23,9,13,0.1,1,52,97,8,2,22,2,5.86315789473684,1,6.26315789473684,1,1,0.733333333333333,0,32,1.0,0,1,1,False
535,0,0,2,0,1,0,0,3,0,1,0.0,1,17,0,7,0,17,2,3.33333333333333,0,6.22222222222222,2,1,1.04347826086957,0,12,1.0,0,1,0,True
536,0,0,1,0,1,0,10,4,0,1,0.06,1,23,0,4,0,8,2,4.58333333333333,2,3.16666666666667,2,1,0.413793103448276,0,127,1.0,0,2,0,False
537,0,0,1,0,1,0,8,3,0,0,0.16,2,3,0,4,0,10,2,2.75,2,5.0,2,1,0.0,0,2,1.0,0,1,0,False
538,4,0,1,0,11,2,53,10,0,0,0.18,2,9,0,1,0,18,2,3.6,1,8.35,2,1,0.935483870967742,0,10,1.0,0,1,1,False
539,8,0,1,0,12,0,10,3,0,2,0.04,1,19,91,3,3,24,2,4.06451612903226,0,5.61290322580645,2,1,0.714285714285714,0,274,1.0,0,2,0,True
540,1,0,1,0,1,6,58,3,0,1,0.75,1,4,33,1,0,1,2,3.0,0,5.8,2,1,0.7,0,0,0.0,0,3,1,False
541,2,0,1,0,1,0,46,3,0,6,0.32,0,16,45,2,0,14,2,3.70588235294118,1,4.52941176470588,1,1,0.571428571428571,0,2,1.0,0,4,1,False
542,12,0,2,3,36,1,134,11,0,4,0.16,1,14,97,1,0,54,2,4.92,0,9.1,1,1,0.936507936507937,0,1486,0.939393939393939,0,3,8,False
543,0,0,1,0,1,0,30,1,2,0,0.29,0,20,0,3,2,10,1,1.57142857142857,0,4.57142857142857,1,1,0.217391304347826,0,0,0.0,0,4,1,False
544,1,0,1,0,1,0,32,1,0,1,0.25,0,12,84,4,0,10,1,4.92307692307692,1,5.92307692307692,2,1,0.8,0,22,1.0,0,4,4,False
545,0,0,1,0,3,0,31,1,0,0,0.86,0,0,0,1,0,10,1,3.0,3,5.66666666666667,3,1,0.8,0,8,1.0,0,2,0,False
546,0,0,1,0,2,0,36,1,5,1,0.31,0,25,96,4,2,11,2,3.40740740740741,0,3.03703703703704,1,1,0.310344827586207,0,10,1.0,0,5,3,False
547,29,38,1,12,19,0,144,16,2,35,0.1,0,148,98,4,4,42,2,3.1497005988024,0,5.26347305389222,0,0,0.755434782608696,0,4,0.5,0,5,5,True
548,2,0,2,0,3,0,43,1,2,2,0.17,0,27,60,5,0,11,1,3.86666666666667,0,4.66666666666667,1,1,0.71875,0,44,1.0,0,4,4,False
549,0,0,1,0,19,2,127,5,1,2,0.82,0,18,0,1,1,10,2,2.81081081081081,0,2.78378378378378,1,1,0.186046511627907,0,108,0.5,0,3,1,False
550,0,0,1,0,1,0,46,1,1,1,0.33,0,18,5,4,0,12,1,2.0,1,4.78947368421053,1,1,0.476190476190476,0,6,1.0,0,5,3,True
551,21,0,1,1,7,0,63,1,2,3,0.12,0,57,78,5,0,21,1,4.890625,0,5.203125,1,1,0.681818181818182,0,332,0.894736842105263,0,4,6,True
552,0,0,2,2,3,0,39,2,3,1,0.2,0,24,93,3,2,14,2,4.74074074074074,0,4.14814814814815,1,1,0.533333333333333,0,4,0.5,0,4,6,True
553,0,0,1,0,10,0,1,1,0,0,0.02,0,0,0,1,0,10,1,1.7,1,3.0,2,1,0.25,0,10,0.5,0,2,1,True
554,2,3,1,1,1,0,47,2,0,22,0.22,0,32,94,1,1,8,2,3.93939393939394,1,2.57575757575758,1,1,0.666666666666667,0,53,1.0,0,3,7,False
555,6,0,2,59,52,0,88,57,0,1,0.08,0,80,99,1,21,34,2,3.3030303030303,0,3.6969696969697,1,1,0.610526315789474,0,2687,0.952380952380952,1,1,8,True
556,0,0,1,0,9,0,0,1,0,0,0.0,0,0,0,1,0,5,1,3.11111111111111,2,2.11111111111111,2,1,0.0,0,0,1.0,0,1,0,False
557,0,3,1,0,0,0,0,1,0,0,0.0,0,3,0,0,3,0,0,0.333333333333333,0,1.0,1,1,0.0,0,0,0.0,0,1,0,False
558,0,2,1,0,0,3,34,1,0,1,5.67,0,2,100,0,0,2,0,4.0,1,1.0,1,1,1.0,0,0,0.0,0,1,0,False
559,0,0,1,0,2,0,32,1,0,0,3.2,0,0,0,1,0,2,1,2.5,1,2.0,2,1,0.0,0,0,0.0,0,1,0,False
560,3,3,1,3,10,0,74,3,1,9,0.13,0,46,89,4,0,19,2,2.64285714285714,0,4.19642857142857,1,1,0.566666666666667,0,4,1.0,0,4,1,False
561,27,9,1,17,27,0,68,4,0,6,0.12,1,18,93,1,0,8,2,4.88888888888889,1,5.66666666666667,1,1,0.9,0,0,0.0,0,3,1,False
562,0,1,1,0,1,0,31,4,1,3,0.14,1,21,77,4,0,16,2,2.81818181818182,0,5.54545454545455,1,1,0.62962962962963,0,38,1.0,0,4,1,True
563,0,2,1,0,0,5,37,1,0,0,5.29,0,2,0,0,3,2,0,0.5,0,1.0,1,1,0.0,0,0,0.0,0,2,0,False
564,0,10,1,0,0,1,40,1,0,0,2.22,0,10,0,1,1,1,2,1.9,0,0.9,0,1,0.0,0,0,0.0,0,1,1,False
565,0,0,1,0,1,0,30,1,3,0,0.3,0,16,0,3,3,9,1,1.47058823529412,0,3.52941176470588,1,1,0.526315789473684,0,8,1.0,0,2,1,False
566,7,12,2,7,4,1,87,8,0,19,0.24,0,29,100,2,2,4,2,4.93939393939394,0,3.39393939393939,1,0,1.01851851851852,0,0,0.0,0,1,0,False
567,15,0,1,2,211,0,49,2,0,1,0.04,0,3,100,2,0,65,1,5.43457943925234,0,3.78971962616822,1,1,0.497695852534562,0,86,0.6875,0,2,5,True
568,8,0,1,0,6,0,55,8,0,18,0.16,0,35,87,2,2,10,2,2.26829268292683,0,3.48780487804878,0,1,0.58,0,0,0.0,0,1,2,False
569,0,0,1,0,1,0,31,1,0,0,1.11,0,1,0,2,0,1,1,3.0,1,7.5,1,1,0.75,0,0,0.0,0,1,0,False
570,1,0,2,0,2,0,32,2,1,3,0.28,0,3,83,2,0,4,2,2.8,1,7.4,1,1,2.5,0,0,0.0,0,1,1,False
571,0,0,2,4,0,0,32,2,0,6,0.39,0,7,75,1,2,0,1,2.85714285714286,2,2.71428571428571,1,1,1.2,0,0,0.0,0,1,0,False
572,1,0,2,0,1,0,11,1,0,4,0.08,1,14,55,2,1,3,1,3.8,1,2.86666666666667,1,1,1.5,0,0,0.0,0,2,0,False
573,0,0,1,0,0,0,0,1,0,0,0.0,0,2,0,3,0,0,1,3.0,0,2.5,2,1,0.0,0,0,0.0,0,2,0,False
574,1,0,3,0,0,1,51,1,0,3,0.72,3,3,22,2,0,9,1,6.66666666666667,4,8.33333333333333,3,1,1.8,0,6,1.0,0,3,2,False
575,8,0,2,1,1,2,55,1,0,5,0.29,1,20,84,2,0,2,1,3.33333333333333,1,3.57142857142857,1,1,1.08695652173913,0,0,0.0,0,2,1,False
576,0,0,1,1,0,2,46,2,0,0,3.54,0,4,100,1,2,0,2,7.75,0,1.0,1,1,0.0,0,0,0.0,0,2,0,False
577,0,0,1,0,0,0,29,1,0,0,5.8,0,2,0,0,2,1,0,13.5,11,0.5,0,1,0.0,0,0,0.0,0,1,0,False
578,2,0,1,0,1,2,99,1,2,7,1.16,0,20,88,1,2,4,1,6.0,0,2.04761904761905,0,1,0.260869565217391,0,22,0.666666666666667,0,2,3,False
579,48,3,4,17,3,2,240,3,3,70,0.13,2,81,100,1,0,23,1,9.34523809523809,0,6.27380952380952,1,0,1.07954545454545,0,62,0.6,0,2,7,False
580,0,0,1,0,0,0,28,1,0,2,1.33,1,3,16,1,0,3,1,3.33333333333333,3,4.66666666666667,3,1,0.8,0,0,0.0,0,2,0,False
581,0,0,1,0,0,0,28,1,0,2,1.47,0,4,50,1,0,0,2,2.0,0,2.0,1,1,0.0,0,0,0.0,0,3,1,False
582,0,0,1,0,0,0,37,1,0,1,1.28,0,7,14,1,0,0,2,4.42857142857143,1,1.14285714285714,1,1,0.0,0,0,0.0,0,2,1,False
583,3,0,6,0,0,2,47,1,0,4,0.16,3,7,50,2,0,9,1,9.28571428571429,5,8.57142857142857,4,1,2.88888888888889,0,16,1.0,0,3,2,False
584,0,0,1,0,0,0,27,1,0,0,6.75,0,1,0,1,2,2,1,1.0,1,1.0,1,1,0.0,0,0,0.0,0,2,1,False
585,1,1,1,1,1,0,27,2,0,27,0.47,0,7,98,2,0,2,1,5.875,0,1.75,1,0,0.272727272727273,0,4,1.0,0,4,0,True
586,0,0,1,0,0,0,27,1,0,3,0.82,0,8,50,1,0,1,2,28.625,1,1.625,1,1,0.0,0,0,0.0,0,1,0,False
587,0,0,1,0,0,0,35,1,0,0,3.5,0,1,0,1,0,2,2,1.0,1,1.0,1,1,1.0,0,0,0.0,0,1,1,False
588,0,0,1,0,0,0,31,5,0,0,1.07,0,5,0,1,0,2,2,1.0,1,1.0,1,1,0.0,0,0,0.0,0,2,1,True
589,0,0,1,0,0,0,27,1,0,0,2.7,0,1,0,1,0,2,2,1.0,1,1.0,1,1,0.0,0,0,0.0,0,1,1,False
590,0,0,1,0,0,0,0,1,0,0,0.0,0,1,0,1,0,2,2,1.0,1,1.0,1,1,0.0,0,0,0.0,0,1,0,False
591,0,0,1,1,0,0,32,1,0,0,2.13,1,1,0,1,0,3,2,2.0,2,4.0,4,1,0.0,0,0,0.5,0,2,0,False
592,0,0,1,0,2,0,35,5,0,7,0.28,0,9,69,3,0,8,2,2.72727272727273,1,4.45454545454545,1,1,0.529411764705882,0,18,0.6,0,3,2,True
593,0,0,1,0,0,0,27,1,0,0,2.7,0,1,0,1,0,2,2,1.0,1,1.0,1,1,0.0,0,0,0.0,0,1,1,False
594,0,0,3,0,2,2,36,1,0,0,0.73,0,1,0,1,0,11,2,2.0,2,7.66666666666667,2,1,1.6,0,0,0.0,0,3,1,False
595,0,0,1,0,0,0,0,1,0,0,0.0,0,1,0,1,0,2,2,1.0,1,1.0,1,1,0.0,0,0,0.0,0,1,0,False
596,0,0,1,0,0,0,31,1,0,0,2.38,1,1,0,1,0,3,2,1.0,1,5.0,5,1,0.0,0,0,0.0,0,1,0,False
597,0,0,1,0,0,0,0,1,0,0,0.0,0,1,0,1,0,2,2,1.0,1,1.0,1,1,0.0,0,0,0.0,0,2,0,False
598,2,0,1,7,5,1,45,1,0,0,0.22,4,1,97,1,0,6,2,3.66666666666667,2,7.83333333333333,3,1,0.75,0,5,0.75,0,4,6,True
599,0,0,1,0,0,0,27,1,0,0,2.7,0,1,0,1,0,2,2,1.0,1,1.0,1,1,0.0,0,0,0.0,0,1,1,False
600,0,0,1,0,0,3,7,1,0,0,0.7,0,1,0,1,0,2,2,1.0,1,1.0,1,1,0.0,0,0,0.0,0,2,0,False
601,0,0,1,0,0,0,8,1,0,0,0.8,0,1,0,1,0,2,2,1.0,1,1.0,1,1,0.0,0,0,0.0,0,1,0,False
602,0,0,1,0,9,0,40,10,1,4,0.11,0,31,54,4,1,11,2,2.925,0,4.525,2,1,0.686274509803922,0,52,0.636363636363636,0,5,5,True
603,3,0,2,0,1,2,70,2,0,2,0.26,1,10,63,1,0,14,2,3.72727272727273,0,9.09090909090909,2,1,2.0,0,64,0.8,0,3,9,True
604,0,10,1,0,0,0,0,1,0,0,0.0,0,10,0,0,2,5,0,0.9,0,0.0,0,1,0.153846153846154,0,0,0.0,0,2,0,False
605,0,0,1,2,1,0,1,2,0,2,0.03,0,10,75,1,0,5,2,0.363636363636364,0,0.181818181818182,0,1,0.428571428571429,0,0,0.0,0,1,0,False
606,2,0,1,0,0,0,12,1,0,2,0.13,0,13,15,1,0,6,2,4.15384615384615,2,1.84615384615385,1,1,0.933333333333333,0,0,0.0,0,1,0,False
607,0,0,1,0,0,0,0,1,0,1,0.0,0,6,0,1,0,1,2,1.16666666666667,1,3.5,2,1,0.0,0,0,0.0,0,2,0,False
608,0,0,1,0,0,0,0,1,0,0,0.0,0,5,0,0,1,0,0,0.0,0,0.8,0,1,0.0,0,0,0.0,0,1,0,False
609,0,0,1,0,0,0,0,1,0,1,0.0,0,39,5,1,0,2,2,1.02564102564103,1,3.17948717948718,1,1,0.0,0,0,0.0,0,2,1,False
610,0,0,1,0,0,0,0,1,0,0,0.0,0,38,0,0,1,0,0,0.0,0,1.0,1,1,0.0,0,0,0.0,0,1,0,False
611,0,0,1,0,0,0,0,1,0,0,0.0,0,8,0,0,0,0,0,0.0,0,0.875,0,1,0.0,0,0,0.0,0,1,0,False
612,0,0,1,0,0,0,0,1,0,6,0.0,0,11,84,1,0,2,2,1.81818181818182,0,2.0,1,1,0.384615384615385,0,0,0.0,0,1,0,True
613,0,0,1,0,0,0,0,1,0,0,0.0,0,5,0,0,1,0,0,0.0,0,1.0,1,1,0.0,0,0,0.0,0,1,0,True
614,0,0,1,1,0,1,40,1,0,1,1.38,0,7,85,5,0,1,1,4.0,0,1.85714285714286,1,1,0.0,0,0,0.0,0,4,1,True
615,0,0,2,1,1,0,31,1,0,2,0.29,0,6,57,4,0,10,1,3.28571428571429,1,6.14285714285714,1,1,1.44444444444444,0,7,1.0,0,2,2,False
616,0,0,1,1,0,0,35,1,1,0,0.61,1,9,100,2,1,5,1,3.44444444444444,0,3.22222222222222,2,1,1.41666666666667,0,0,0.0,0,2,0,False
617,3,4,1,139,1,1,508,3,2,5,0.14,0,355,100,2,0,99,2,5.10112359550562,0,4.56460674157303,0,1,0.2,0,5367,0.818181818181818,0,3,1,True
618,0,0,1,0,0,0,9,1,0,0,0.69,0,3,0,3,0,0,1,1.66666666666667,0,1.66666666666667,1,1,0.0,0,0,0.0,0,1,0,False
619,0,0,1,2,0,1,41,1,0,0,0.79,1,8,93,2,0,7,1,2.75,0,3.0,1,1,0.8,0,0,0.0,0,2,0,False
620,0,0,1,0,0,1,42,1,0,3,0.51,1,5,60,1,0,17,1,3.8,1,9.2,1,1,0.857142857142857,0,0,0.0,0,4,4,False
621,0,0,1,0,0,2,76,1,0,10,1.01,0,16,86,1,0,7,1,3.9375,1,1.9375,1,1,0.166666666666667,0,0,0.0,0,2,0,False
622,16,0,3,0,0,1,178,1,2,7,0.18,1,87,92,1,1,142,1,10.551724137931,1,5.19540229885058,1,1,1.02247191011236,0,54,1.0,0,4,4,True
623,0,0,3,0,0,0,35,1,1,0,0.29,0,10,0,2,0,21,1,7.8,2,6.0,1,1,1.16666666666667,0,24,1.0,0,2,0,True
624,0,0,0,0,0,0,31,1,0,9,2.58,0,0,0,0,1,0,0,0.0,0,0.0,0,0,0.0,0,0,0.0,0,4,0,False
625,3,4,1,139,1,1,592,3,2,5,0.14,0,406,100,2,0,95,2,5.004914004914,0,4.26535626535627,0,1,0.184914841849148,0,6829,0.875,0,2,1,True
626,9,0,1,0,11,0,0,1,0,0,0.0,0,0,0,1,0,0,1,1.36363636363636,0,2.0,1,1,0.0,0,5052,1.0,0,2,0,False
627,0,0,1,0,0,0,31,1,0,0,4.43,0,2,0,0,2,4,0,1.0,1,0.5,0,1,0.0,0,0,0.0,0,1,0,False
628,1,0,1,1,1,0,34,1,0,0,1.55,0,4,80,1,0,4,1,1.2,0,1.4,0,1,0.428571428571429,0,0,0.0,0,2,0,False
629,0,0,1,1,0,0,38,1,0,4,1.0,0,8,77,1,0,3,1,2.75,2,1.125,1,1,0.3,0,0,0.0,0,4,1,False
630,6,0,1,1,1,2,148,1,4,11,0.68,0,43,91,1,2,11,2,6.61363636363636,2,1.93181818181818,1,1,0.5,0,6,0.818181818181818,0,3,0,False
631,0,0,0,0,0,0,29,1,0,125,0.22,0,0,0,0,0,1,0,0.0,0,0.0,0,0,0.0,0,0,0.0,0,1,0,False
632,9,0,1,0,11,0,0,1,0,0,0.0,0,0,0,1,0,0,1,1.36363636363636,0,2.0,1,1,0.0,0,0,0.0,0,1,3,True
633,2,0,2,25,5,1,39,3,1,0,0.51,0,3,96,1,0,1,2,1.375,0,3.375,1,1,0.846153846153846,0,0,0.0,0,2,0,True
634,0,5,1,0,0,0,31,4,0,5,1.0,0,20,100,1,3,0,2,0.75,0,1.3,1,1,0.0,0,0,0.0,0,1,0,False
635,19,54,1,4,11,0,524,5,0,171,0.21,0,416,99,2,0,131,2,13.8922716627635,0,2.8711943793911,0,1,0.244239631336406,0,163,0.517857142857143,3,3,11,True
636,6,0,2,0,41,0,45,2,0,6,0.09,1,5,66,1,0,22,1,4.8695652173913,1,7.15217391304348,2,1,1.06122448979592,0,546,0.6,0,4,5,True
637,63,0,1,5,26,1,454,9,0,6,0.17,0,264,85,3,1,33,2,5.91034482758621,0,5.03103448275862,1,1,0.85,0,556,0.523076923076923,3,4,11,True
638,7,4,1,22,5,3,582,4,17,7,0.84,0,120,98,1,1,31,8,15.928,0,4.04,0,1,0.453846153846154,0,14,0.35,0,3,5,True
639,33,0,2,27,22,0,138,3,0,4,0.11,0,82,97,4,0,17,2,3.88461538461538,0,5.92307692307692,1,1,0.712962962962963,0,21,1.0,0,3,4,True
640,11,1,2,4,13,1,160,1,0,1,0.26,0,56,88,5,0,17,1,4.31884057971014,0,5.72463768115942,1,1,0.816901408450704,0,58,0.75,0,6,5,True
641,1,0,1,1,4,0,38,2,0,1,0.52,0,7,75,3,0,10,2,3.09090909090909,1,3.0,1,1,0.428571428571429,0,0,1.0,0,3,1,False
642,0,0,1,0,11,0,38,3,0,0,0.36,0,9,0,3,0,10,1,3.95,0,3.05,1,1,0.208333333333333,0,0,1.0,0,4,3,False
643,6,0,1,5,9,1,178,8,6,14,0.19,0,102,96,4,3,29,2,6.52252252252252,0,4.35135135135135,1,1,0.725,0,320,0.714285714285714,0,3,5,True
644,2,0,1,0,1,0,32,1,0,0,0.59,0,7,0,3,0,7,1,1.25,0,5.5,3,1,0.4,0,0,0.0,0,2,1,False
645,1,0,2,0,11,2,69,1,0,0,0.83,1,0,0,1,0,13,1,7.27272727272727,3,6.90909090909091,4,1,0.923076923076923,0,8,1.0,0,5,2,False
646,12,9,1,3,36,2,206,3,0,2,0.3,0,37,80,4,0,21,2,4.13698630136986,1,6.12328767123288,1,1,0.636363636363636,0,23,0.777777777777778,0,1,2,True
647,0,0,2,0,1,0,33,2,0,3,0.59,0,4,100,3,0,9,1,3.4,0,4.6,1,1,1.25,0,0,0.0,0,2,0,False
648,0,0,1,1,1,0,25,3,0,0,0.78,0,4,66,3,0,5,2,2.4,1,3.2,1,1,0.0,0,0,0.0,0,1,0,False
649,11,0,1,3,9,0,42,14,0,1,0.13,0,33,85,3,0,9,2,2.0,0,4.52380952380952,1,1,0.385964912280702,0,27,0.8,0,3,3,True
650,12,0,1,1,34,1,140,2,4,5,0.33,1,15,94,3,0,22,2,3.28571428571429,0,6.06122448979592,2,1,0.653846153846154,0,310,0.25,0,4,8,True
651,3,1,2,0,19,0,29,2,0,3,0.11,0,10,84,3,0,14,2,3.58620689655172,1,5.20689655172414,1,1,0.71875,0,6,0.666666666666667,0,2,2,True
652,5,0,1,0,67,0,36,50,0,16,0.03,0,51,16,1,0,22,2,4.47457627118644,1,5.35593220338983,2,1,0.644970414201183,0,200,0.648648648648649,0,5,1,True
653,6,3,1,1,25,0,39,8,3,6,0.14,0,17,86,3,0,18,2,6.83333333333333,1,4.54761904761905,2,1,0.411764705882353,0,561,0.5,0,5,1,True
654,5,0,2,0,19,0,7,1,0,0,0.02,0,0,0,1,0,12,1,4.10526315789474,1,10.2105263157895,3,1,1.85714285714286,0,0,0.0,0,3,2,False
655,2,0,1,13,4,0,50,3,1,5,0.22,0,21,91,3,6,14,2,5.2,1,4.2,1,1,0.689655172413793,0,0,0.0,0,6,7,True
656,17,1,2,11,43,2,246,5,3,2,0.2,2,33,96,4,1,34,2,4.0,0,8.35526315789474,1,1,1.15853658536585,0,170,0.333333333333333,0,4,9,True
657,3,0,1,2,3,0,41,2,1,2,0.15,0,50,76,3,0,11,2,1.88679245283019,0,4.79245283018868,2,1,0.196428571428571,0,12,1.0,0,3,5,False
658,3,0,1,0,27,0,41,1,0,0,0.17,1,0,0,1,0,9,1,4.11111111111111,2,8.33333333333333,3,1,0.655172413793103,0,66,0.5,0,3,6,True
659,36,0,1,8,16,0,170,3,0,2,0.21,0,111,92,5,0,24,2,6.24409448818898,0,4.0,1,1,0.603053435114504,0,20,0.4,0,4,7,True
660,2,0,1,13,6,2,165,2,1,1,0.35,0,47,93,4,0,20,2,6.16981132075472,0,4.81132075471698,1,1,0.625,0,90,0.571428571428571,0,6,6,True
661,0,0,1,0,5,0,41,1,0,0,1.24,0,0,0,1,0,7,1,2.0,1,4.0,3,1,0.0,0,0,0.0,0,6,1,True
662,2,0,1,0,2,0,75,22,0,0,0.16,0,56,0,4,0,43,1,2.67241379310345,0,5.0,2,1,0.345679012345679,0,20,0.583333333333333,0,5,5,True
663,33,6,1,20,13,0,274,47,1,26,0.19,0,218,97,4,26,37,2,3.47619047619048,0,3.22943722943723,0,1,0.437275985663082,0,349,0.394736842105263,0,4,12,True
664,6,0,1,3,11,0,55,10,1,4,0.21,1,17,86,4,0,15,2,3.46428571428571,1,4.89285714285714,1,1,0.461538461538462,0,18,0.333333333333333,0,4,1,False
665,11,1,2,29,0,0,76,5,3,63,0.07,0,105,100,1,7,17,2,3.73333333333333,0,2.95238095238095,1,0,0.459459459459459,0,125,0.642857142857143,1,3,3,True
666,4,0,1,1,6,0,84,2,1,0,0.29,0,32,94,4,2,19,2,2.23684210526316,0,4.39473684210526,1,1,0.634146341463415,0,20,1.0,0,5,2,False
667,23,0,2,6,38,2,543,3,16,5,0.22,2,132,97,3,3,50,2,4.69411764705882,0,8.52941176470588,1,1,1.10919540229885,0,454,0.327272727272727,2,3,11,True
668,3,0,1,4,31,0,35,15,4,2,0.06,0,18,100,4,2,36,2,2.83673469387755,0,6.18367346938776,1,1,0.784615384615385,0,175,0.407407407407407,0,5,3,True
669,6,0,1,1,105,1,171,9,0,1,0.16,1,12,100,4,5,62,2,3.70940170940171,0,6.60683760683761,1,1,0.645669291338583,0,104,0.409090909090909,0,4,10,True
670,1,0,1,1,1,0,27,3,0,7,0.59,0,9,100,4,0,6,2,2.5,0,2.3,1,0,0.0,0,0,0.0,0,1,3,False
671,4,0,2,0,7,0,37,1,0,0,0.3,2,0,0,1,0,16,1,3.57142857142857,2,7.0,3,1,1.22222222222222,0,6,1.0,0,4,4,True
672,9,1,1,2,1,1,89,4,0,10,0.21,0,44,88,3,0,18,2,4.31111111111111,0,5.0,1,1,0.78,0,8,1.0,0,4,5,True
673,8,0,1,7,38,0,103,2,0,2,0.19,0,1,97,1,0,12,1,3.64102564102564,2,5.76923076923077,1,1,0.714285714285714,0,112,1.0,0,2,5,True
674,1,0,1,0,3,1,69,2,1,6,0.39,0,18,58,3,1,23,2,4.95238095238095,1,4.09523809523809,1,1,0.458333333333333,0,10,0.333333333333333,0,5,6,False
675,19,0,1,10,8,1,516,10,23,24,0.25,0,253,100,3,20,59,2,6.8007662835249,0,4.62068965517241,1,1,0.720588235294118,0,77,0.5,1,6,8,False
676,0,1,1,2,4,0,38,4,1,5,0.26,0,12,75,4,1,13,2,3.75,1,4.625,1,1,0.428571428571429,0,0,0.0,0,4,0,False
677,0,0,1,1,12,1,73,2,0,0,0.59,0,10,95,3,0,15,2,1.63636363636364,0,2.90909090909091,1,1,0.24,0,17,1.0,0,4,3,False
678,6,0,4,21,11,1,41,2,0,2,0.11,1,3,80,1,0,12,1,6.5,1,7.57142857142857,1,1,1.0,0,0,0.0,0,2,1,True
679,0,0,1,1,1,0,25,2,1,1,0.49,0,6,50,5,0,6,2,3.14285714285714,1,3.28571428571429,1,1,0.3,0,0,0.0,0,3,1,False
680,9,1,1,4,27,2,257,5,10,0,0.45,0,68,100,3,5,27,2,7.42105263157895,0,3.66315789473684,1,1,0.435643564356436,0,62,0.4,0,5,5,True
681,8,1,1,1,7,7,869,4,6,0,1.29,0,94,100,3,59,27,2,5.27722772277228,0,4.64356435643564,1,1,0.433962264150943,0,71,0.5,0,4,10,True
682,0,12,1,0,0,0,5,1,0,0,0.29,0,12,0,0,1,5,0,0.0,0,1.0,1,1,0.0,0,0,0.0,0,1,0,False
683,0,0,2,0,7,0,35,1,0,0,0.33,0,0,0,1,0,15,1,3.28571428571429,1,8.0,2,1,1.44444444444444,0,7,0.666666666666667,0,8,1,False
684,0,0,1,0,6,0,34,2,0,0,0.71,0,2,0,1,0,8,2,2.375,1,3.5,1,1,0.0,0,0,0.0,0,3,4,False
685,3,0,1,1,4,0,47,3,0,4,0.24,0,19,77,3,0,25,3,5.78260869565217,0,5.52173913043478,1,1,0.518518518518518,0,4,0.428571428571429,0,3,5,True
686,2,0,1,2,133,0,39,6,0,1,0.05,0,20,98,3,0,29,2,2.35947712418301,0,3.64705882352941,1,1,0.1375,0,4,1.0,0,3,4,True
687,11,7,2,4,4,0,43,9,0,7,0.08,0,51,72,3,3,30,2,4.70909090909091,1,5.70909090909091,0,1,0.861538461538462,0,38,0.727272727272727,0,3,9,True
688,17,6,2,3,30,2,183,3,0,2,0.27,0,38,87,4,0,25,2,4.25,0,6.20588235294118,1,1,0.680555555555556,0,10,0.5,0,1,2,False
689,42,17,2,11,56,0,155,5,0,7,0.09,0,70,100,3,0,33,3,6.19047619047619,0,5.85714285714286,1,0,1.0530303030303,0,93,0.411764705882353,0,2,12,True
690,0,3,1,0,0,0,4,1,0,0,0.44,0,3,0,0,1,3,0,0.666666666666667,0,1.0,1,1,0.0,0,4,1.0,0,2,0,False
691,2,0,1,2,6,0,32,2,0,0,0.42,0,1,75,1,0,12,2,2.57142857142857,0,4.85714285714286,2,1,0.9,0,9,1.0,0,4,1,False
692,142,19,2,8,44,0,380,7,3,15,0.07,0,498,100,3,0,50,2,6.22693726937269,0,5.31734317343173,1,0,0.84,0,261,0.392857142857143,0,2,11,True
693,14,0,1,2,2,0,47,2,2,7,0.07,1,72,88,3,0,25,2,2.89189189189189,0,5.51351351351351,1,1,0.766233766233766,0,24,0.4,0,4,2,True
694,11,0,1,3,2,0,7,2,1,7,0.02,0,56,84,3,0,20,2,4.0,0,5.53448275862069,1,1,0.557377049180328,0,0,0.0,0,4,2,True
695,8,0,1,1,10,0,67,5,0,1,0.15,1,35,69,3,0,27,2,3.42222222222222,0,6.22222222222222,1,1,0.764705882352941,0,12,0.5,0,4,7,False
696,20,2,2,3,14,0,90,5,0,14,0.14,0,66,90,3,0,16,2,3.45,0,3.6875,0,1,0.674418604651163,0,2,0.428571428571429,0,6,9,False
697,0,0,1,3,1,0,9,3,1,1,0.04,2,7,70,4,0,12,2,3.625,1,6.625,1,1,0.75,0,39,1.0,0,3,3,False
698,0,0,1,1,2,0,25,2,1,1,0.46,0,5,58,4,0,8,2,2.85714285714286,1,4.28571428571429,1,1,0.4,0,0,0.0,0,1,1,False
699,2,0,1,4,2,0,39,2,0,2,0.22,1,12,91,5,0,18,2,3.21428571428571,1,6.57142857142857,2,1,1.0,0,7,0.666666666666667,0,4,0,True
700,11,1,1,1,19,1,149,2,1,20,0.21,1,60,100,3,0,37,2,3.10126582278481,0,4.9873417721519,0,0,0.585365853658537,0,101,0.526315789473684,0,4,9,True
701,1,1,1,0,2,0,40,1,0,2,0.56,1,7,72,3,0,9,1,2.55555555555556,0,4.11111111111111,2,1,0.363636363636364,0,14,1.0,0,3,3,False
702,3,0,1,13,17,0,84,2,2,2,0.12,1,55,94,3,0,23,2,3.04166666666667,0,5.54166666666667,1,1,0.52,0,8,0.571428571428571,0,5,9,True
703,0,0,1,0,2,0,42,1,1,0,0.51,0,9,0,4,0,10,1,3.27272727272727,0,3.81818181818182,1,1,0.461538461538462,0,6,0.5,0,4,3,False
704,1,0,1,1,1,0,25,3,0,1,0.47,0,7,66,3,0,11,2,2.5,1,3.375,1,1,0.333333333333333,0,0,0.0,0,1,0,False
705,9,3,1,14,17,0,55,26,25,20,0.05,0,132,91,4,7,22,2,2.18791946308725,0,4.26174496644295,0,1,0.448863636363636,0,427,0.647058823529412,0,5,3,True
706,2,0,1,10,17,0,38,1,0,1,0.18,0,9,93,1,0,11,2,10.4615384615385,1,2.38461538461538,1,1,0.931034482758621,0,6,1.0,0,3,4,False
707,0,0,1,0,0,0,50,1,1,0,1.61,0,9,0,1,11,5,1,2.11111111111111,0,0.555555555555556,0,1,0.0833333333333333,0,0,1.0,0,1,0,False
708,0,0,1,0,0,0,31,1,0,0,1.07,0,7,0,2,0,5,1,0.285714285714286,0,0.285714285714286,0,1,0.0,0,0,1.0,0,1,0,False
709,0,0,1,0,0,0,31,1,0,1,0.66,0,8,12,2,0,7,1,5.25,2,1.875,1,1,0.0,0,0,1.0,0,1,0,False
710,0,0,1,0,0,0,31,1,0,1,0.42,0,9,44,2,0,9,1,5.11111111111111,1,2.22222222222222,1,1,0.363636363636364,0,0,1.0,0,1,0,False
711,0,0,1,0,0,0,31,1,0,1,0.53,0,7,28,2,0,6,1,5.71428571428571,2,1.85714285714286,1,1,0.444444444444444,0,0,1.0,0,1,0,False
712,0,0,1,0,0,0,31,1,0,2,0.36,1,7,0,2,0,6,1,8.28571428571429,3,3.85714285714286,2,1,0.444444444444444,0,0,1.0,0,1,0,False
713,0,0,1,0,0,0,31,1,0,2,0.43,0,7,28,2,0,6,1,7.0,3,2.42857142857143,1,1,0.444444444444444,0,0,1.0,0,1,0,False
714,0,0,1,0,0,0,31,1,0,3,0.32,1,7,0,2,0,6,1,9.42857142857143,4,4.14285714285714,2,1,0.444444444444444,0,0,1.0,0,1,0,False
715,0,0,1,0,0,0,31,1,0,3,0.36,0,7,28,2,0,6,1,7.71428571428571,4,2.71428571428571,1,1,0.444444444444444,0,0,1.0,0,1,0,False
716,0,0,1,0,0,0,31,1,0,4,0.3,1,7,0,2,0,6,1,10.5714285714286,5,4.42857142857143,2,1,0.444444444444444,0,0,1.0,0,1,0,False
717,1,0,1,0,0,0,34,1,0,2,0.37,1,8,31,2,0,7,1,7.375,3,3.75,1,1,0.5,0,0,1.0,0,1,0,False
718,1,0,1,0,0,1,39,1,0,3,0.33,1,8,25,2,0,7,1,9.25,4,5.25,3,1,0.5,0,0,1.0,0,1,0,False
719,0,0,1,0,0,0,59,1,0,8,0.66,0,17,69,1,0,6,1,7.47058823529412,2,2.35294117647059,1,1,0.210526315789474,0,0,1.0,0,2,1,False
720,0,0,1,1,0,0,73,2,0,9,0.39,0,54,100,1,0,9,1,15.462962962963,0,1.90740740740741,1,0,0.0526315789473684,0,0,1.0,0,3,3,True
721,0,0,1,5,2,0,61,1,0,1,0.27,0,45,96,1,7,17,2,8.82978723404255,0,3.21276595744681,0,1,0.26530612244898,0,0,0.0,0,2,0,True
722,0,1,1,0,0,0,30,1,0,0,6.0,0,1,0,0,57,3,0,8.0,8,1.0,1,1,0.0,0,0,0.0,0,1,0,False
723,0,10,1,0,0,5,68,1,0,0,4.86,0,10,0,0,1,1,0,3.6,0,0.9,0,1,0.384615384615385,0,0,0.0,0,2,0,False
724,17,15,3,6,0,0,40,6,1,20,0.07,0,53,71,2,1,6,2,6.47169811320755,1,3.94339622641509,0,1,1.4,0,0,0.0,0,1,0,False
725,0,7,1,0,0,7,62,1,0,0,5.64,0,7,0,0,1,0,0,0.0,0,0.714285714285714,0,1,0.0,0,0,0.0,0,2,1,False
726,0,46,1,1,0,3,233,1,0,0,2.99,0,60,100,0,2,11,0,35.2333333333333,0,0.85,0,1,0.0,0,0,0.5,0,5,4,False
727,0,6,1,0,0,1,34,1,0,0,3.78,0,6,0,1,1,0,1,1.66666666666667,0,1.0,1,1,0.0,0,0,0.0,0,1,0,False
728,0,0,1,0,0,0,34,1,0,0,4.25,0,2,0,0,14,3,0,2.5,2,1.0,1,1,0.6,0,0,0.0,0,3,0,False
729,0,0,1,0,0,0,28,1,1,0,1.65,0,2,0,3,0,2,1,4.5,4,3.0,2,1,0.0,0,0,1.0,0,1,0,False
730,0,0,4,0,0,0,31,1,0,0,0.82,0,2,0,2,0,8,1,5.0,1,4.5,1,1,1.5,0,2,1.0,0,1,0,False
731,0,0,1,2,0,0,31,1,0,6,0.38,0,13,86,1,1,9,2,6.92307692307692,1,1.76923076923077,1,1,0.4,0,2,1.0,0,1,0,False
732,19,0,2,17,0,0,61,2,1,5,0.06,1,46,88,2,1,22,2,11.4782608695652,1,12.8913043478261,1,1,1.06122448979592,0,12,1.0,0,1,3,False
733,1,0,2,0,0,6,66,1,1,8,0.49,1,5,47,1,0,9,2,12.4,1,6.0,1,1,1.57142857142857,0,2,1.0,0,1,0,False
734,0,0,1,0,0,0,28,3,0,1,0.15,0,31,6,2,0,8,2,3.90322580645161,2,2.96774193548387,2,1,0.371428571428571,0,2,1.0,0,2,1,True
735,0,0,1,3,2,5,173,1,0,2,2.58,0,23,98,1,2,8,1,0.36,0,1.2,1,1,0.111111111111111,0,4,1.0,0,2,5,False
736,1,0,1,0,1,0,41,1,0,2,0.75,0,12,61,2,0,11,1,3.92307692307692,0,2.38461538461538,0,1,0.0,0,0,0.0,0,1,1,True
737,0,0,1,0,0,0,31,1,0,2,1.19,0,17,94,1,2,4,1,7.52941176470588,0,1.11764705882353,1,1,0.0,0,0,0.0,0,1,0,False
738,0,0,1,0,0,0,0,1,0,0,0.0,0,3,0,4,0,4,1,3.0,1,4.66666666666667,2,1,1.0,0,0,0.5,0,1,1,False
739,0,0,1,1,0,0,0,1,0,2,0.0,0,2,50,1,0,4,1,15.0,3,2.5,2,1,0.0,0,2,1.0,0,1,0,False
740,18,0,1,2,3,0,0,1,11,1,0.0,0,48,85,2,3,18,1,8.07843137254902,1,4.58823529411765,1,1,0.679245283018868,0,0,1.0,0,1,1,True
741,0,0,1,0,0,0,31,1,0,0,4.43,0,2,0,0,0,2,0,0.0,0,0.5,0,1,0.0,0,0,0.0,0,1,0,False
742,0,0,1,0,0,0,0,1,0,0,0.0,0,3,0,4,0,3,1,2.66666666666667,0,2.66666666666667,2,1,0.8,0,0,0.0,0,1,0,False
743,0,0,1,0,0,0,0,1,1,0,0.0,0,2,0,3,0,3,1,2.0,1,2.5,2,1,0.0,0,0,0.0,0,1,0,False
744,0,0,1,0,0,0,0,1,0,0,0.0,0,3,0,4,0,3,1,3.0,1,2.66666666666667,2,1,0.8,0,0,0.0,0,1,0,False
745,0,0,1,0,0,0,0,1,1,0,0.0,0,2,0,3,10,3,1,9.0,4,3.5,3,1,0.0,0,0,0.0,0,1,0,False
746,4,0,1,0,1,0,4,1,0,3,0.06,0,6,66,4,0,8,1,5.42857142857143,1,5.0,2,1,1.11111111111111,0,0,0.0,0,1,0,True
747,5,0,1,0,4,0,0,1,25,2,0.0,0,43,57,2,0,18,1,8.40425531914894,2,5.1063829787234,2,1,0.755102040816326,0,24,1.0,0,1,0,False
748,0,0,0,0,0,0,29,1,0,4,7.25,0,2,100,1,0,0,1,0.0,0,1.0,1,0,0.0,0,0,0.0,0,3,0,False
749,1,0,1,29,0,1,14,1,0,0,0.41,0,1,100,1,0,0,1,0.0,0,1.0,1,1,0.0,0,2,1.0,0,4,0,False
750,6,0,1,0,3,0,34,1,5,4,0.21,0,21,88,2,1,18,1,4.875,1,3.58333333333333,1,1,0.307692307692308,0,0,1.0,0,1,2,True
751,8,0,1,0,3,0,44,1,4,4,0.24,0,25,89,2,1,18,1,5.17857142857143,1,3.53571428571429,1,1,0.333333333333333,0,2,1.0,0,1,0,False
752,0,0,1,0,0,0,12,1,0,0,2.4,0,1,0,1,2,2,1,2.0,2,1.0,1,1,0.0,0,0,0.0,0,1,0,True
753,0,0,1,0,0,0,0,1,0,0,0.0,0,1,0,0,2,3,0,3.0,3,1.0,1,1,0.0,0,0,0.0,0,1,0,False
754,0,0,1,0,2,0,32,1,3,0,1.14,0,3,0,3,1,10,1,6.0,4,2.8,2,1,0.0,0,0,0.0,0,1,0,False
755,0,0,1,0,2,0,32,1,3,0,1.14,0,3,0,3,0,10,1,5.8,4,2.8,2,1,0.0,0,0,0.0,0,1,0,False
756,1,0,1,0,1,0,32,1,1,0,1.45,0,3,0,4,0,10,1,4.75,1,2.75,2,1,0.0,0,0,0.0,0,1,2,False
757,0,0,1,0,0,0,0,1,0,2,0.0,0,8,50,1,0,1,2,1.875,0,2.0,1,1,0.0,0,0,0.0,0,2,0,False
758,1,0,1,17,0,0,31,1,0,2,0.51,0,1,100,1,0,0,1,0.0,0,1.0,1,1,0.0,0,0,0.0,0,5,0,False
759,0,0,1,0,3,2,151,1,2,5,0.75,0,45,90,1,2,12,1,6.22916666666667,0,1.6875,0,1,0.38,0,10,1.0,0,2,3,False
760,0,1,1,0,0,0,0,1,0,0,0.0,0,1,0,0,3,0,0,3.0,3,1.0,1,1,1.0,0,0,0.0,0,1,0,False
761,4,0,1,0,0,0,4,1,0,5,0.03,0,13,72,1,0,4,1,5.69230769230769,3,3.92307692307692,1,1,1.06666666666667,0,0,0.0,0,1,0,False
762,0,0,1,0,0,0,22,1,0,0,2.44,0,3,0,1,2,3,1,3.0,1,1.33333333333333,0,1,0.0,0,0,0.0,0,2,0,False
763,0,0,1,0,0,0,28,1,0,0,4.67,0,1,0,0,2,0,0,1.0,1,1.0,1,1,0.0,0,0,1.0,0,1,0,False
764,1,1,1,0,0,5,226,1,0,9,1.55,0,29,75,1,0,4,2,5.93103448275862,0,2.41379310344828,0,1,0.0967741935483871,0,0,1.0,0,3,3,True
765,0,0,1,0,1,0,31,2,0,4,0.74,0,7,60,2,20,2,1,6.875,1,2.25,1,1,0.0,0,0,0.0,0,4,2,False
766,0,0,1,0,0,0,31,1,0,0,5.17,0,2,0,0,6,1,0,1.5,1,1.0,1,1,0.0,0,0,0.0,0,2,0,False
767,6,0,1,1,1,0,62,1,2,4,0.32,0,24,86,2,0,24,1,4.84,1,3.92,1,1,0.444444444444444,0,64,1.0,0,3,0,False
768,4,0,1,0,3,1,86,1,2,5,0.37,0,20,80,2,1,33,1,5.91304347826087,1,5.73913043478261,1,1,0.92,0,244,1.0,0,2,1,True
769,13,0,2,57,32,0,46,2,1,5,0.09,0,2,98,2,0,19,1,8.94117647058824,2,5.97058823529412,1,1,0.684210526315789,0,1882,1.0,0,1,0,False
770,0,1,1,0,0,0,39,1,0,0,7.8,0,1,0,0,1,1,0,1.0,1,1.0,1,1,1.25,0,0,0.0,0,1,1,False
771,0,0,1,0,0,0,35,1,0,1,1.94,0,2,0,1,0,2,2,2.5,2,3.0,2,1,1.5,0,0,0.0,0,1,3,False
772,0,0,6,0,1,1,9,1,0,0,0.16,3,0,0,1,0,5,1,10.0,10,17.0,17,20,2.0,2,0,0.0,0,1,0,False
773,0,0,1,0,0,0,30,1,0,1,0.79,1,3,0,1,0,5,2,2.33333333333333,1,6.0,2,1,1.8,0,20,0.25,0,6,1,True
774,0,0,1,0,0,0,31,1,0,0,4.43,0,2,0,0,1,2,0,1.0,1,1.0,1,1,0.0,0,0,0.0,0,2,1,False
775,0,0,1,0,0,0,37,1,0,1,0.74,1,3,0,1,0,5,2,3.0,2,7.33333333333333,1,1,3.0,0,10,1.0,0,3,1,False
776,0,0,2,0,0,1,29,1,0,1,1.21,0,2,0,1,0,6,2,3.5,2,5.0,2,1,1.5,0,2,1.0,0,1,0,False
777,0,1,1,0,0,0,28,1,0,0,4.67,0,1,0,0,40,1,0,3.0,3,0.0,0,1,0.0,0,0,0.0,0,3,1,False
778,0,0,2,6,1,1,182,11,26,19,0.23,1,64,91,2,5,30,2,4.43076923076923,0,5.24615384615385,0,0,1.18181818181818,0,268,0.571428571428571,1,3,7,True
779,0,0,1,0,0,0,31,1,0,4,0.46,0,9,36,1,0,0,1,3.55555555555556,2,3.66666666666667,1,1,0.363636363636364,0,4,0.5,0,3,1,True
780,0,1,1,0,0,9,34,1,0,0,8.5,0,1,0,0,1,0,0,2.0,2,1.0,1,1,0.75,0,0,0.0,0,1,0,False
781,0,0,0,0,0,0,5,1,0,0,1.67,0,0,0,0,3,0,0,0.0,0,0.0,0,0,0.0,0,0,1.0,0,1,0,False
782,3,0,1,0,1,0,30,1,0,2,1.0,0,5,83,1,0,3,1,2.83333333333333,2,2.66666666666667,1,1,0.0,0,0,0.0,0,2,4,False
783,11,1,2,4,3,0,60,1,0,4,0.17,1,23,89,2,0,25,1,5.96153846153846,1,6.73076923076923,1,1,1.10714285714286,0,0,0.666666666666667,0,6,7,True
784,3,0,1,0,0,0,29,1,0,3,0.63,0,7,66,1,0,4,1,3.0,2,2.28571428571429,1,1,0.555555555555556,0,0,0.0,0,3,4,False
785,6,0,1,0,2,0,43,1,0,5,0.15,1,16,81,2,0,22,1,6.11111111111111,1,6.83333333333333,1,1,1.3,0,26,0.666666666666667,0,5,6,True
786,0,0,1,0,1,1,56,1,2,3,0.65,0,15,85,2,1,17,1,3.8125,1,3.125,1,1,0.666666666666667,0,0,0.0,0,1,1,False
787,0,0,1,4,1,10,132,2,0,3,2.32,0,7,93,1,2,17,1,2.875,1,1.125,0,1,0.272727272727273,0,0,1.0,0,3,1,False
788,0,0,3,29,6,0,36,1,0,0,0.29,0,0,98,1,0,15,1,4.83333333333333,3,4.5,2,1,0.625,0,48,1.0,0,3,0,False
789,0,0,1,0,0,0,5,1,0,0,0.04,0,30,0,2,0,11,1,3.66666666666667,0,3.43333333333333,0,1,0.0,0,0,0.0,0,2,0,False
790,0,0,1,1,0,0,12,2,0,0,1.0,0,2,100,1,75,4,2,1.5,1,2.0,1,1,0.0,0,0,0.0,0,2,1,False
791,0,2,1,1,0,0,31,2,0,0,1.72,0,4,100,1,5,5,2,1.5,1,1.5,0,1,0.0,0,0,0.0,0,2,0,False
792,3,0,1,0,0,0,40,4,0,10,0.31,0,16,75,2,1,5,2,3.3125,0,2.5625,0,1,0.714285714285714,0,0,0.0,0,5,3,False
793,0,0,1,0,0,0,29,1,0,0,2.42,0,2,0,2,2,2,1,3.0,1,2.5,2,1,0.0,0,0,0.0,0,3,3,False
794,0,1,1,0,0,0,6,1,0,10,0.26,0,5,92,1,0,0,1,1.2,0,1.4,1,0,0.0,0,0,0.0,0,1,0,False
795,0,0,1,2,0,1,20,1,1,0,0.4,0,9,88,3,0,3,1,2.88888888888889,2,2.22222222222222,1,1,0.75,0,0,1.0,0,1,0,False
796,0,0,3,3,0,1,38,1,0,1,0.18,0,18,66,6,0,4,1,3.88888888888889,1,3.22222222222222,1,1,0.8,0,0,0.0,0,2,0,False
797,14,0,1,0,0,1,76,1,0,1,0.37,0,38,15,2,0,4,1,3.07894736842105,1,1.86842105263158,0,1,0.4,0,4,1.0,0,2,1,False
798,0,0,1,3,0,1,35,1,1,0,0.38,0,25,94,2,2,2,1,1.56,0,2.48,1,1,0.148148148148148,0,4,1.0,0,2,0,False
799,0,0,1,3,0,2,41,1,0,1,0.37,0,16,76,3,1,4,1,2.625,1,2.375,1,1,0.666666666666667,0,0,0.0,0,2,0,False
800,0,0,3,3,0,1,38,1,0,1,0.2,0,18,66,5,1,4,1,3.83333333333333,1,2.94444444444444,1,1,0.8,0,0,0.0,0,2,0,False
801,0,0,2,3,0,2,35,1,0,1,0.22,0,16,57,4,1,4,1,3.6875,1,2.625,1,1,0.833333333333333,0,0,0.0,0,2,0,False
802,0,0,1,0,1,0,34,1,2,0,1.36,0,4,0,3,0,10,1,3.2,1,3.2,2,1,0.0,0,2,1.0,0,2,2,False
803,25,0,1,3,12,0,221,3,1,27,0.22,0,151,100,1,0,29,1,16.4110429447853,0,3.05521472392638,0,0,0.317365269461078,0,8,0.8,0,2,5,True
804,0,0,1,0,0,0,25,1,0,4,2.5,0,4,87,1,0,0,1,0.5,0,1.0,1,0,0.0,0,0,0.0,0,3,1,False
805,0,0,1,0,0,0,4,1,0,0,0.5,1,1,0,1,0,0,2,1.0,1,2.0,2,1,0.0,0,0,0.0,0,1,0,False
806,1,0,1,0,1,5,63,5,0,0,1.34,0,9,0,1,0,6,2,1.3,0,3.1,1,1,0.0,0,0,0.0,0,3,2,False
807,1,0,1,1,0,3,64,1,0,2,1.21,0,9,59,1,0,0,2,2.66666666666667,0,1.88888888888889,1,1,1.0,0,0,0.0,0,1,1,False
808,0,0,1,0,0,0,33,1,0,1,1.74,1,2,0,1,0,1,2,2.5,2,3.5,2,1,0.75,0,0,0.0,0,4,0,False
809,1,2,1,1,0,0,9,4,0,7,0.1,0,17,75,2,1,3,1,2.88235294117647,1,2.41176470588235,1,1,0.291666666666667,0,0,0.0,0,3,2,True
810,0,0,1,0,0,0,32,1,0,0,4.57,0,2,0,0,1,2,0,1.0,1,1.0,1,1,0.0,0,0,0.0,0,1,1,False
811,0,0,2,0,15,1,27,1,0,0,0.18,0,0,0,1,0,0,1,24.6666666666667,2,3.53333333333333,1,1,1.0,0,2,0.666666666666667,0,2,1,False
812,0,6,1,0,0,0,7,9,2,14,0.02,0,42,84,2,3,7,2,2.14285714285714,0,1.92857142857143,0,1,0.679245283018868,0,2,1.0,0,1,1,False
813,0,0,1,0,0,0,31,1,0,1,0.53,0,15,6,1,0,0,2,1.66666666666667,0,2.0,1,1,0.157894736842105,0,0,0.0,0,2,0,False
814,1,0,36,4,4,47,229,1,0,0,0.29,6,0,75,1,0,0,1,4.5,1,3.5,1,1,3.0,0,2826,0.666666666666667,0,1,2,False
815,14,0,2,6,29,0,39,3,0,10,0.05,1,22,100,2,0,8,1,4.01960784313725,0,3.23529411764706,1,0,0.927272727272727,0,8,1.0,0,1,0,False
816,1,0,1,1,0,3,64,1,0,2,1.21,0,9,59,1,0,0,2,2.66666666666667,0,1.88888888888889,1,1,0.272727272727273,0,0,0.0,0,1,0,False
817,19,1,4,15,22,0,59,6,0,8,0.09,1,13,92,1,2,3,2,5.62857142857143,1,3.4,1,1,1.54761904761905,0,38,0.5,0,3,5,True
818,1,0,1,0,1,0,40,8,8,2,0.21,0,33,94,2,2,3,2,1.52941176470588,0,2.76470588235294,0,1,0.534883720930233,0,0,0.0,0,1,1,False
819,0,0,2,0,13,1,54,1,0,0,0.71,0,0,0,1,0,0,1,5.61538461538461,1,3.15384615384615,1,1,1.0,0,0,0.0,0,5,0,False
820,0,0,0,0,0,0,28,1,0,0,9.33,0,0,0,2,0,0,1,0.0,0,0.0,0,0,1.66666666666667,0,0,0.0,0,1,0,False
821,2,3,1,1,11,0,44,4,0,9,0.22,0,14,90,1,0,2,2,3.32,1,3.12,1,1,0.733333333333333,0,0,0.0,0,1,0,False
822,2,1,1,1,3,9,383,1,0,7,1.35,1,28,81,1,0,10,1,7.29032258064516,1,4.29032258064516,1,1,0.696969696969697,0,30,1.0,0,2,1,True
823,19,0,2,4,2,3,275,1,0,10,0.3,1,65,86,1,0,10,3,4.05970149253731,0,5.77611940298507,1,1,1.31884057971015,0,248,0.909090909090909,0,2,3,True
824,0,0,0,0,0,0,28,1,0,0,7.0,0,0,0,2,0,0,1,0.0,0,0.0,0,0,0.0,0,0,0.0,0,1,0,False
825,0,0,1,0,0,0,28,1,0,0,4.67,0,1,0,2,0,0,1,2.0,2,1.0,1,1,0.0,0,0,0.0,0,1,0,False
826,0,0,0,0,0,0,28,1,0,0,9.33,0,0,0,2,0,0,1,0.0,0,0.0,0,0,0.0,0,0,0.0,0,1,0,False
827,0,0,1,1,2,0,0,3,1,2,0.0,0,7,66,3,0,9,2,2.33333333333333,1,3.33333333333333,2,1,0.0,0,3,1.0,0,1,0,False
828,0,0,1,10,0,5,129,1,0,1,1.47,0,14,81,1,0,2,2,7.57142857142857,1,1.71428571428571,1,1,0.375,0,0,0.0,0,2,1,False
829,0,0,1,0,0,0,32,1,0,1,1.1,0,4,0,1,0,0,3,1.0,0,1.5,1,1,0.666666666666667,0,0,0.0,0,1,1,False
830,1,0,1,12,1,0,10,2,0,7,0.04,0,37,90,1,0,8,1,9.26315789473684,1,1.68421052631579,0,1,0.609756097560976,0,0,1.0,0,1,3,True
831,0,0,1,0,1,0,0,1,0,3,0.0,0,3,75,1,0,0,1,1.0,0,1.0,1,0,0.666666666666667,0,0,0.0,0,1,0,False
832,0,0,1,5,0,2,95,1,0,0,2.07,0,31,100,0,1,7,0,4.19354838709677,0,0.67741935483871,0,1,0.0,0,0,1.0,0,2,1,True
833,0,0,1,0,0,0,43,4,5,6,0.48,0,14,50,2,3,7,3,2.57142857142857,0,4.42857142857143,1,1,0.315789473684211,0,6,1.0,0,1,0,False
834,0,0,1,0,0,0,43,1,0,4,0.66,0,6,50,2,0,7,1,4.33333333333333,1,5.83333333333333,1,2,1.0,1,2,1.0,0,4,1,True
835,0,0,1,0,0,1,48,1,0,3,1.07,0,6,55,2,0,5,1,3.83333333333333,2,3.33333333333333,1,1,0.5,0,21,0.666666666666667,0,4,1,True
836,0,0,2,1,5,0,11,1,0,0,0.07,1,0,80,1,0,1,1,4.8,2,6.0,2,1,2.42857142857143,0,0,0.0,0,1,2,False
837,3,6,1,2,1,0,27,12,0,16,0.1,0,37,80,2,8,3,2,2.73684210526316,0,2.39473684210526,0,1,0.745098039215686,0,0,0.0,0,1,0,False
838,0,0,1,1,0,0,1,1,0,0,0.05,0,4,75,2,0,0,1,7.25,4,1.5,1,1,0.0,0,0,0.0,0,4,1,True
839,2,0,1,1,7,0,35,1,1,0,0.24,0,14,100,2,1,4,1,4.33333333333333,0,3.14285714285714,1,1,0.608695652173913,0,34,0.5,0,3,2,False
840,1,0,1,1,3,0,30,1,0,0,0.39,0,15,100,3,0,0,1,0.166666666666667,0,1.11111111111111,1,1,0.0,0,0,0.0,0,3,0,False
841,1,0,2,5,1,0,27,1,0,4,0.43,0,7,80,1,0,2,1,5.625,0,2.375,1,1,0.4,0,0,0.0,0,4,1,True
842,0,0,1,0,1,2,4,1,0,0,0.05,4,1,0,1,0,5,1,3.5,1,12.5,2,2,2.5,1,12,1.0,0,2,0,False
843,0,0,1,0,0,0,31,1,0,0,2.58,0,2,0,1,0,3,2,1.0,1,2.5,2,1,0.0,0,0,0.0,0,2,0,False
844,0,0,1,1,4,0,31,1,0,0,0.24,0,17,100,2,0,0,1,2.0952380952381,0,2.61904761904762,1,1,0.565217391304348,0,0,0.0,0,2,1,False
845,0,1,2,9,47,2,147,3,0,14,0.49,0,0,98,1,0,7,1,7.25531914893617,2,3.12765957446809,1,1,0.666666666666667,0,0,0.0,0,1,0,True
846,33,0,2,16,38,8,721,20,0,2,0.52,1,39,96,1,18,11,2,4.25974025974026,1,3.88311688311688,0,1,0.704081632653061,0,100,0.5,0,5,4,True
847,10,0,2,1,12,0,31,1,0,0,0.13,2,0,75,1,0,0,1,5.66666666666667,4,3.08333333333333,1,1,2.21428571428571,0,1048,0.5,0,2,1,True
848,5,0,1,5,2,0,33,1,0,4,0.41,1,6,72,1,0,0,1,3.375,0,2.75,1,1,0.9,0,0,0.0,0,1,0,False
849,0,0,3,0,1,0,1,2,0,2,0.02,2,3,0,1,0,6,1,4.5,2,3.5,1,1,1.14285714285714,0,0,1.0,0,1,0,False
850,1,0,2,1,1,0,3,6,0,3,0.06,0,5,66,2,2,1,2,2.5,1,2.16666666666667,1,1,0.5625,0,0,1.0,0,1,0,True
851,4,0,1,34,0,1,52,2,0,7,0.11,0,16,83,2,0,2,1,7.0,0,4.5625,1,1,1.05263157894737,0,242,0.5,0,5,5,True
852,0,0,1,0,7,9,95,1,0,0,1.94,0,0,0,1,0,0,1,3.14285714285714,1,2.42857142857143,2,1,1.11111111111111,0,0,0.0,0,1,0,False
853,14,2,2,6,20,1,119,14,0,42,0.17,0,46,100,2,5,16,2,3.71212121212121,0,4.31818181818182,0,0,0.962962962962963,0,167,0.5,0,3,5,True
854,0,2,1,0,0,0,31,1,0,0,3.88,0,2,0,0,2,3,0,1.0,1,1.0,1,1,0.0,0,0,0.0,0,2,0,False
855,1,0,1,4,4,0,31,3,0,0,0.33,0,2,50,1,0,3,2,2.83333333333333,0,5.33333333333333,1,1,2.7,0,0,0.0,0,1,1,False
856,17,14,3,25,21,3,199,2,0,7,0.18,2,15,95,1,0,15,1,4.97222222222222,0,4.66666666666667,1,1,1.25641025641026,0,30,1.0,0,3,2,True
857,8,0,1,6,9,0,0,1,0,0,0.0,5,0,87,1,0,0,1,4.88888888888889,2,2.22222222222222,1,1,1.33333333333333,0,0,0.0,0,1,0,False
858,8,1,2,10,45,0,32,1,0,0,0.08,0,0,94,1,0,3,1,7.64444444444444,0,2.91111111111111,1,1,1.19148936170213,0,0,0.0,0,1,0,False
859,2,0,1,0,0,0,31,3,0,4,0.33,0,8,50,1,0,10,2,4.625,3,5.0,2,1,0.5,0,0,0.0,0,3,2,False
860,1,0,1,2,1,0,28,1,0,2,0.47,0,4,55,1,0,0,1,7.8,3,4.0,1,1,1.71428571428571,0,54,0.5,0,2,0,True
861,0,0,1,0,0,0,8,1,0,0,1.6,0,1,0,0,1,1,0,1.0,1,1.0,1,1,0.0,0,0,0.0,0,1,0,False
862,1,0,2,0,9,8,98,1,0,0,1.17,0,0,0,1,0,8,1,7.77777777777778,2,8.11111111111111,6,2,1.27272727272727,1,0,1.0,0,2,1,False
863,0,0,1,0,0,0,0,1,0,1,0.0,0,2,0,1,0,0,2,1.5,1,3.5,1,1,1.0,0,0,0.0,0,1,0,False
864,0,0,1,0,0,0,0,1,0,0,0.0,0,1,0,0,1,0,0,1.0,1,0.0,0,1,0.0,0,0,0.0,0,1,0,False
865,1,0,1,2,2,2,5,1,0,0,0.18,1,0,50,1,0,1,1,3.0,3,4.0,1,1,1.5,0,0,0.0,0,2,0,False
866,0,0,1,0,1,0,0,1,0,0,0.0,7,0,0,1,0,3,1,9.0,9,20.0,20,4,1.0,1,0,1.0,0,1,0,False
867,10,5,1,2,1,0,48,3,4,9,0.18,0,36,86,2,0,2,2,3.2972972972973,0,3.08108108108108,0,1,0.829268292682927,0,0,0.0,0,1,1,False
868,1,0,1,8,1,0,30,1,0,3,0.34,0,11,86,1,0,3,1,5.08333333333333,2,3.16666666666667,0,1,0.571428571428571,0,3,0.666666666666667,0,3,4,False
869,0,0,1,0,0,0,0,1,0,0,0.0,0,1,0,1,0,0,1,0.0,0,1.0,1,1,0.0,0,0,0.0,0,1,0,False
870,0,0,1,2,4,0,8,1,0,0,0.2,0,0,50,1,0,4,1,2.5,0,5.0,4,1,1.42857142857143,0,0,0.0,0,1,0,False
871,0,0,1,0,0,0,8,1,0,0,0.57,0,1,0,2,0,0,1,1.0,1,3.0,3,2,1.0,1,0,0.0,0,2,0,False
872,0,0,1,0,0,0,27,1,0,2,1.23,0,6,58,1,0,0,1,0.833333333333333,0,1.0,0,1,0.222222222222222,0,0,0.0,0,2,0,False
873,0,0,0,1,0,0,27,1,0,0,6.75,0,0,0,1,0,0,1,0.0,0,0.0,0,0,0.0,0,0,0.0,0,1,0,False
874,0,0,1,0,0,0,0,1,0,0,0.0,0,2,0,1,0,2,1,1.0,1,1.0,1,1,0.0,0,0,0.0,0,1,0,False
875,0,0,1,0,0,0,10,1,0,1,0.91,0,2,0,1,0,0,1,1.0,1,1.0,1,1,0.0,0,0,0.0,0,1,0,False
876,0,0,1,0,0,0,0,1,0,0,0.0,0,1,0,0,0,0,0,1.0,1,0.0,0,1,0.0,0,0,0.0,0,1,0,False
877,0,0,1,0,1,0,28,1,0,0,2.55,0,0,0,2,0,2,1,2.0,2,2.0,2,1,0.0,0,0,0.0,0,2,1,False
878,0,0,1,0,0,0,0,1,0,0,0.0,0,1,0,1,0,0,1,0.0,0,1.0,1,1,0.0,0,0,0.0,0,1,0,False
879,0,0,1,0,0,0,0,9,0,0,0.0,0,2,0,1,0,0,1,0.0,0,0.0,0,1,0.0,0,0,0.0,0,1,0,False
880,0,0,1,0,0,0,28,1,0,1,1.47,0,4,0,1,0,0,1,1.25,1,1.75,1,1,0.5,0,0,0.0,0,1,0,False
881,0,0,1,1,0,0,32,1,2,0,0.6,1,3,66,2,1,5,1,2.33333333333333,2,6.33333333333333,1,1,0.6,0,0,0.0,0,5,2,False
882,0,0,1,0,0,0,29,1,0,0,0.66,0,36,0,0,0,0,0,0.0,0,0.555555555555556,0,1,0.0,0,0,0.0,0,2,1,False
883,0,0,1,0,0,0,0,4,0,1,0.0,0,4,0,1,0,0,1,1.25,1,1.25,1,1,0.333333333333333,0,0,0.0,0,1,0,False
884,0,0,1,0,0,0,0,1,0,0,0.0,0,14,0,0,0,0,0,1.14285714285714,0,0.785714285714286,0,1,0.0,0,0,0.0,0,1,0,False
885,1,1,1,1,0,2,77,2,0,3,0.34,2,17,53,3,0,2,1,1.41176470588235,0,7.64705882352941,1,1,0.5,0,46,1.0,0,2,0,False
886,0,0,1,0,0,0,28,1,0,0,7.0,0,1,0,0,1,0,0,1.0,1,1.0,1,1,0.0,0,0,0.0,0,2,0,False
887,0,0,1,0,0,0,28,1,0,1,1.33,0,4,25,1,0,0,2,1.25,1,1.75,1,1,0.5,0,0,0.0,0,2,0,False
888,0,0,1,0,0,0,29,1,1,0,1.26,0,3,0,3,0,1,1,0.333333333333333,0,2.33333333333333,2,1,0.0,0,0,0.0,0,2,0,False
889,0,0,1,0,0,0,0,4,0,0,0.0,0,1,0,3,1,4,1,2.0,2,5.0,5,2,0.5,0,0,0.0,0,1,0,False
890,0,0,1,0,0,2,2,1,0,0,0.18,0,1,0,2,0,3,1,0.0,0,7.0,7,1,0.0,0,0,0.0,0,4,0,False
891,0,0,1,0,0,0,35,1,0,0,3.89,0,2,0,1,0,0,1,0.0,0,1.0,1,1,0.0,0,0,0.0,0,1,0,False
892,0,1,1,0,0,0,0,2,0,1,0.0,0,5,33,2,0,5,1,1.0,0,3.0,1,1,0.0,0,0,0.0,0,1,0,False
893,0,0,1,0,0,0,0,1,1,0,0.0,0,2,0,1,0,0,1,0.5,0,1.5,1,1,0.8,0,0,0.0,0,1,0,False
894,1,0,1,1,1,0,0,1,0,0,0.0,0,2,66,1,0,0,1,0.333333333333333,0,1.0,1,1,0.0,0,0,0.0,0,1,0,False
895,0,0,1,1,0,0,27,1,0,0,2.45,0,1,0,1,0,1,2,0.0,0,2.0,2,1,0.0,0,0,0.0,0,1,1,False
896,0,0,1,2,3,0,9,1,0,0,0.2,0,0,66,1,0,5,1,3.0,2,4.33333333333333,2,1,1.5,0,0,0.0,0,1,0,False
897,0,0,1,3,7,0,11,2,0,1,0.13,0,5,85,1,0,1,1,2.66666666666667,2,2.75,1,1,0.6,0,0,0.0,0,1,0,False
898,0,0,1,1,1,3,13,1,0,0,1.44,0,0,0,2,0,1,1,1.0,1,2.0,2,1,0.0,0,0,0.0,0,1,0,False
899,0,0,0,0,0,0,8,1,0,1,2.0,0,0,0,1,0,0,1,0.0,0,0.0,0,0,0.0,0,0,0.0,0,1,0,False
900,0,0,1,0,0,0,0,1,0,1,0.0,0,2,0,2,0,0,1,2.5,1,1.5,1,1,0.0,0,0,0.0,0,1,0,False
901,0,0,1,0,0,0,0,1,0,0,0.0,0,1,0,1,0,0,1,0.0,0,1.0,1,1,0.0,0,0,0.0,0,1,0,False
902,0,0,1,0,0,0,0,1,0,1,0.0,0,2,0,1,0,1,1,1.5,1,2.0,2,1,0.0,0,0,0.0,0,1,0,False
903,0,0,1,0,0,0,0,1,0,0,0.0,0,1,0,0,0,0,0,1.0,1,1.0,1,1,0.0,0,0,0.0,0,1,0,False
904,0,0,1,0,1,0,37,1,0,0,0.74,0,0,0,2,0,32,1,1.0,1,4.0,4,1,0.0,0,0,1.0,0,5,4,True
905,0,0,0,1,0,0,0,1,0,0,0.0,0,0,0,2,0,0,1,0.0,0,0.0,0,0,0.0,0,0,0.0,0,2,0,False
906,0,0,1,0,0,0,0,1,0,0,0.0,0,1,0,2,0,1,1,1.0,1,2.0,2,1,0.0,0,0,0.0,0,2,0,False
907,0,0,1,0,0,0,27,1,0,0,4.5,0,1,0,2,0,1,1,0.0,0,0.0,0,1,0.0,0,0,0.0,0,1,0,False
908,0,0,1,0,1,0,0,2,1,0,0.0,0,2,0,5,0,3,1,1.0,0,2.33333333333333,0,1,0.0,0,0,0.0,0,2,1,False
909,0,0,0,0,0,0,4,1,0,0,1.33,0,0,0,1,0,0,1,0.0,0,0.0,0,0,0.0,0,0,0.0,0,1,0,False
910,0,0,1,0,0,0,8,1,0,0,1.33,0,3,0,0,0,0,0,0.666666666666667,0,1.0,1,1,0.0,0,0,0.0,0,1,0,False
911,0,0,1,0,2,0,8,1,0,0,0.47,0,0,0,1,0,1,1,2.0,2,3.0,3,2,1.0,1,0,0.0,0,1,0,False
912,0,0,1,0,0,0,0,1,0,0,0.0,0,1,0,1,0,0,1,1.0,1,0.0,0,1,0.0,0,0,0.0,0,1,0,False
913,0,0,1,1,1,1,7,1,1,0,0.33,0,2,66,3,0,0,1,1.33333333333333,1,2.33333333333333,2,1,0.0,0,22,1.0,0,1,1,False
914,0,0,1,1,1,0,0,1,0,1,0.0,0,2,50,1,0,0,1,1.0,1,1.66666666666667,1,1,0.6,0,0,0.0,0,1,0,False
915,2,0,2,2,2,0,38,2,0,3,0.47,2,4,66,2,0,4,1,2.0,1,5.5,1,1,0.888888888888889,0,0,0.0,0,4,3,False
916,0,0,0,0,0,0,0,1,0,0,0.0,0,0,0,1,0,0,1,0.0,0,0.0,0,0,0.0,0,0,0.0,0,1,0,False
917,1,0,2,4,2,1,38,3,1,4,0.23,1,10,80,2,0,4,2,2.16666666666667,0,3.25,1,1,1.4375,0,0,0.0,0,2,0,False
918,0,0,1,0,0,1,1,1,0,0,0.05,3,1,0,2,0,4,1,1.0,1,8.0,8,2,1.0,1,0,1.0,0,1,0,False
919,0,0,1,0,0,1,4,1,2,5,0.09,3,3,19,2,0,4,1,2.33333333333333,0,5.66666666666667,1,1,0.8,0,0,0.0,0,1,1,False
920,0,0,1,0,0,0,30,2,0,2,0.42,0,7,83,2,0,2,1,0.571428571428571,0,5.14285714285714,2,1,0.0,0,0,0.0,0,6,0,False
921,6,2,1,1,12,0,50,6,1,2,0.31,0,13,93,2,1,8,2,1.36,0,2.28,0,1,0.46875,0,0,0.0,0,4,4,False
922,0,0,1,1,0,0,9,3,0,1,0.23,0,4,33,2,0,7,1,1.25,0,2.25,0,1,0.375,0,0,0.0,0,1,0,False
923,0,0,1,0,0,0,32,1,0,1,1.52,0,3,33,2,0,4,1,0.666666666666667,0,3.66666666666667,1,1,0.0,0,0,0.0,0,3,2,False
924,1,0,1,0,0,0,36,1,1,0,0.68,0,7,0,3,0,9,1,1.14285714285714,0,3.57142857142857,2,1,0.666666666666667,0,3,0.666666666666667,0,4,6,False
925,0,0,1,0,0,0,32,1,0,1,0.62,0,7,71,3,0,4,1,2.14285714285714,1,3.71428571428571,1,1,0.666666666666667,0,0,0.0,0,3,2,False
926,1,0,1,0,2,0,29,2,0,0,0.81,0,4,0,3,0,7,1,1.33333333333333,0,3.33333333333333,0,1,0.0,0,8,1.0,0,1,0,False
927,0,0,1,0,0,0,32,1,0,2,0.56,1,4,25,2,0,4,1,1.25,0,6.0,1,1,0.5,0,0,0.0,0,3,5,False
928,0,0,1,0,0,0,0,1,1,0,0.0,0,3,0,3,0,2,1,0.333333333333333,0,3.66666666666667,3,1,0.6,0,0,0.0,0,1,1,False
929,0,0,1,0,0,0,30,2,1,0,0.56,0,4,0,3,0,2,1,0.5,0,3.0,0,1,0.571428571428571,0,0,1.0,0,1,1,False
930,0,0,1,0,0,0,0,1,1,0,0.0,0,2,0,3,0,1,1,0.5,0,3.0,3,1,0.75,0,0,0.0,0,3,0,False
931,0,0,1,0,0,0,31,1,1,0,0.6,0,6,0,3,0,5,1,0.833333333333333,0,5.16666666666667,2,1,0.625,0,0,0.0,0,2,0,False
932,1,0,1,0,0,0,40,3,1,0,0.48,0,9,0,3,0,13,2,1.33333333333333,0,4.55555555555556,1,1,0.461538461538462,0,0,0.0,0,4,6,False
933,0,0,1,0,0,2,62,1,1,1,0.61,0,12,83,3,0,2,1,0.833333333333333,0,3.41666666666667,0,1,0.214285714285714,0,0,0.0,0,3,1,False
934,0,0,1,0,0,1,38,1,2,2,1.0,0,4,62,2,13,4,1,10.75,0,4.25,1,1,0.666666666666667,0,0,0.0,0,4,3,False
935,0,0,1,0,0,0,0,1,0,0,0.0,0,4,0,2,0,1,1,0.0,0,2.75,2,1,0.0,0,0,0.0,0,2,0,False
936,0,0,1,1,0,0,11,2,2,1,0.31,0,5,25,3,0,4,1,1.0,0,3.4,1,1,0.0,0,0,1.0,0,1,0,False
937,0,0,1,0,0,0,29,1,1,0,1.81,0,3,0,3,0,1,1,0.333333333333333,0,2.33333333333333,2,1,0.0,0,0,0.0,0,3,1,False
938,4,0,1,0,0,0,27,1,0,2,0.46,0,8,56,2,0,4,1,2.625,1,3.875,1,1,0.4,0,0,0.0,0,2,1,False
939,0,0,1,0,0,2,61,1,1,1,0.55,0,11,72,3,0,2,1,0.454545454545455,0,2.81818181818182,2,1,0.230769230769231,0,0,1.0,0,4,4,False
940,0,0,1,0,0,0,30,3,1,1,0.6,0,7,19,3,0,5,2,1.28571428571429,0,3.85714285714286,2,1,0.0,0,0,0.0,0,1,0,False
941,0,0,1,0,0,0,34,1,1,2,0.67,0,12,37,2,0,8,1,1.25,1,3.41666666666667,1,1,0.0,0,0,0.0,0,3,4,False
942,0,0,1,0,0,0,30,1,0,2,0.6,0,12,45,2,0,4,1,1.08333333333333,1,2.83333333333333,1,1,0.0,0,0,0.0,0,2,5,False
943,0,0,1,0,0,0,29,1,0,1,1.07,1,3,33,2,0,4,1,1.0,1,4.0,1,1,0.0,0,0,0.0,0,3,4,False
944,4,0,2,3,0,0,16,2,3,8,0.1,1,10,71,2,1,5,1,4.3,2,6.8,2,1,1.53846153846154,0,0,0.0,0,3,0,False
945,0,0,1,0,0,0,0,1,0,0,0.0,0,1,0,1,0,1,1,1.0,1,1.0,1,1,0.0,0,0,0.0,0,1,0,False
946,1,0,1,0,1,1,52,3,3,1,0.55,0,8,33,2,0,5,2,2.44444444444444,0,5.0,1,1,0.538461538461538,0,0,0.0,0,1,0,False
947,0,0,1,0,0,0,34,1,0,0,1.7,0,2,0,2,0,0,1,2.0,2,1.5,1,1,0.75,0,0,0.0,0,1,0,False
948,0,0,1,0,1,0,0,1,0,0,0.0,0,0,0,1,0,0,1,0.0,0,2.0,2,1,0.0,0,0,0.0,0,1,0,False
949,0,0,1,0,0,0,30,1,2,4,0.49,0,4,56,2,0,5,1,1.75,0,4.75,1,1,1.5,0,0,0.0,0,2,0,False
950,0,0,1,0,0,0,30,1,0,0,0.62,0,11,0,2,0,1,1,0.0,0,3.0,2,1,0.0,0,0,0.5,0,2,0,True
951,0,0,1,0,0,2,132,0,0,0,0.56,4,0,0,0,0,0,0,3.86666666666667,1,4.33333333333333,1,1,0.9375,0,2,1.0,0,1,1,False
