,commit_id
0,2fb849502f57ec29e9913907872183af06a57b3e
1,01dce3f569e0085dae2d0e4bc5c9b2bef5bd3120
2,042dcbde33c878d165b777964f5abb646257ab94
3,6a78e88237cd2d2947cf5461e9da8359a16a0228
4,2a60c998cc9ca8b9a90d8c7865f7494963395b3b
5,c5e2810dc75ac0bae94b1e50ff8c0d198d185b52
6,b51d733a5783ef29077951e842882bb002a4139e
7,6ae3c375a9e8a97ff96649b3637e4a011d849990
8,0b84871dbca8a1a33407e7322e3c6162d24b4c29
9,8d7b77bcb545e7e1167cf6e4a010809d5bd76c5a
10,3ebd8e18853bfca6f0bcd99ac79f0c6717aa0887
11,2a87d816a24c62215d682e3a7af65489c0d6e708
12,f4a9e1b9be856b43e9e512bf40342514fa7856c8
13,903f3518dfcd686cda2256b07fbc1dde6aec0178
14,b607c9e9165a996289e4fb78bf7f2792121183d0
15,867a7455e27af9e8a6b95c87c882c0eebcaed0ad
16,b0974e6c1d1d8e03d9b70660070f66977ea2e797
17,91b3d414481cd06e0b75f621550a38042f9b2ffd
18,22a8c7be9aebe46c7ee332228967039be811043b
19,0d0bab25bd0dfefdd5a91d22a4e81d347d255cf3
20,f144e0413a1e42d193a86fa04af769e2da9dc58b
21,86af64b0a6fde5a6418727a77b43bdfeda1b81cd
22,ecf9c0890160c69f1b64b36fa8fdea2f6dd973eb
23,0982572519655354b10987de4f68e29b8331bd2a
24,6e514a8d3511891a3f7221c594171477a0b5a38f
25,9c32f300fb4151a2b563bf3d2e46469722e016e1
26,8ac0f35be42765fcd6f02dcf0f070f2ef2377a85
27,560c312c6060914c9c38cb98d3587685f10f7311
28,5004eec37c01db3b96d665b0d9606002af209eda
29,c2537057f9ed8723d2c33a1636edf9c9547cdc66
30,280b6d018691810bbb3dd3155f059132b4475995
31,5bcb048167fe0b90f749910233342c09fff3fce7
32,3461cd99b7b680be9c9dc263382b42f30c9edd7d
33,a0013beb039c8569e9e69f96fce0c341d1a1d180
34,2a872335c5c7b5481c927272447e4a344ef59dda
35,61b877c688d6c9a4e9c4d8f22ca0cadae29895bb
36,82b8707c6bbb3926e59c241b6e6d5ead5467aae7
37,70ba994d6d6f9e62269168e6a8a61ffce736a4d2
38,e0165bf7141086e28f88cd68ab7bc6249061c924
39,12b72b3e73798a5a2cc6c745610e135b1d6825a6
40,33bad85bb9143d41bc5de2068f7e8a8c39928225
41,ef711902c1f42db14c8ddd524195f0a9efb56e65
42,7dfb82a992d47491174d7929e31351d26cadfcda
43,155f31398dc83ecb88b4b3e07849a2a8a0a6592f
44,9c8ff1e55fb97980e7f0bb7f305c1ed0e59b749e
45,d49cf0e587b7cbbd31917d9bb69f98466feb0f9f
46,379564c7e05cfd0acceaee5641e0d06c86985bff
47,f0b68c623c116540470e06967c1554855d16a500
48,20cf77054536acd9c064d6e7ffedce23a87fb6a5
49,c65988bdc1b75e88e6df77df0b84fc3a34c5b028
50,d09c36065ca040044530a50f0392c92866b6d301
51,e9fb25426ea0b6dbe4c946243a2ac0836b031c58
52,3f3e77f28b08fc1db110c3b14b2c90eaa6dca8ef
53,39addd380363c0371e935fae50983fe87158c1ac
54,2eacf22401f75b956036fb0c32eb38baa16b224e
55,9d49a6b03fb91d516bf40e50f67e87155c69dba1
56,35880de42edb30cf705036083710c85a74a351fa
57,f98c7da23ef66812b8b4888230ee98c07f09af23
58,12ea14c211da908a278ab19fd1e9f6acd45daae8
59,041c19e5f0309e7a667faab5fee9f9081db58237
60,df47b40b764e25cbd10ce49d7152e1d33f51a263
61,41285eaae3642b73b3ac5007a35cc4e8f1d7d084
62,16a4ca45373cd4b75032f88668610d9b693fb4b3
63,b990caeb807c7b9891ecaceca8b9d4920fec26c9
64,568ddf73307f125227bced4277fcc3a5be0adb28
65,9fa47a2039273c4318fafbe78f8253921984b70d
66,7e56e99573b4cf161293e648aeb159375c9c0fcb
67,b493f55a4fe43c83061a361eef029edbac50c006
68,bb8a434f9db177d764d169a7273c66ed01c066c1
69,9e64396ca4c24804d5fd4e96212eed54530ca409
70,d761e7359deb7ca864d33b8f2e4380b57448630b
71,f25282def5826fab6caabff28c82c57a7f3fdcb8
72,26962c9340ac92b11d43e87200e699471d0b6330
73,fbc1ab346867d5c81dc59e4c8d85aeda2f516ce2
74,91aca9224936da84b16ea789cb81914579a0db03
75,038cfc1a9acb32f8c17d883ea64f8cbb324ed82c
76,fd6148c8b20bc051786ff574d3b8f3b5e79b391a
77,479442a9b913b08a64da4bd5848111d950105336
78,5c886194e458c64fcf24066af351bde47dd8bf12
79,4358acfe07e991090fbe009aafe3f5110fbf0c40
80,f649dabb4a3a57cb25a852808297fb718cbfedd4
81,98fd62605daaf4e74dfffef1e7bc57ac131a61bb
82,326a7a82e0fc7155d10af696ccca2e385134c144
83,882baee48927e7c9ee4c3536282c79f553500dbc
84,6caec3f44193a459a2dd10b0393e391979795039
85,7db69d56f2d050842ecf6e465d2d4f1abf3314d7
86,e1a209f791a29225c7c75861aa4a18b14739fcc4
87,2812e722008b772756cbd0ef0600a55b65d6ee0e
88,06303a62e5dad330687406bdd4e26a2a9aa24ac2
89,d7f78b443b7c31b4db4eabb106801dc4a1866db7
90,b659af83d3f91f0f339d874b2742ddca20a9f610
91,53b2639a1e26e94f4a4fa8856f462b281c90d8b1
92,b291db712e73fdff0c02946bac96e330b089409d
93,b8c50a0642cf74c25fd70cc1e7d1be95ddafc5d8
94,1418d18af43229b442d3ed747fdb8088d4fa5b6f
95,737f01a1ef49e4a12f24799c4324b3a60712758e
96,cbc48be13b38452963a81266db46ca4a36aa9d84
97,276c37a51c9a6188dbbe02754935540ace338dd1
98,e09f4a9601b18921c309903737d309eab5c6d891
99,b0f5f4d441119662c09572de697b2d9943f703ef
100,c23cd72b4bbcbf5f615636095c69e9a2e39bfbdd
101,a3959111387ae955c63284b389cc888cbd19e399
102,e58c69d955ef8faacb794a0c1666b21c1606453e
103,38b8048f291dd42ee996e75bd1b6d33aa24b1a5e
104,947fceaa73a21ddc4263b98913ebf11aa71f5ba1
105,06664987990debcb4439a9dc26e1859508c601f5
106,768eb9c9629f0e3c24477acf87ad15938ddd75ce
107,72d2e1dd777696640f64aaf92fecab64c6387df0
108,9fccb17a5f168994fd1ca33199fb43ecbc2bbd92
109,bacfe5ebca8e82317a7596c9fcbf95331c7038a9
110,e962a6e6ee8d8ef9d1245d85616fe50554f7f689
111,31e92b72e31910be1694c348ab5de8b14f2df44b
112,f629ba95b6a1a3508463bfdcb03efcfaa3327cb5
113,7222ee29779c3c5146aa5a3d6d060f3b039c1ff7
114,040dd3ecd5a7668ecbb6cf0b611318c1010f9bdb
115,9115a5de62dcb832569727773112a4688ef63f03
116,786f393a98f8771d0c20322cd50e553a895c7d60
117,5e9ce83d682d6198cda4631faf11cb53fcccf07f
118,af0cd6bd27dda73b326bcb6a66addceadebf5e54
119,d3234f9726db3917af4688ba70933938b078b0bd
120,1ffe26c7c03b5d128952e7d3ea7f130cd242a468
121,a515706d9cb2c94ed981d9015026331aaf582f36
122,2c5bade4ee6db747cbc7b0884094ad443834e3b1
123,578bd1fc28513eb84002c604000250f5cff9b815
124,d6cded7155b36880f81544bdf6fc6c20dd52ad7d
125,66d501276b5a066bd9abaa4e284cfad557665948
126,d0fd3b9ad238294346eb3465c489eabd41fb2380
127,4b92a20232bc24fd858ed4eb7c45462241e36829
128,aa99f226a691ddcb4442d60f4cd4908f434cc4ce
129,35f80da21aaea8c6fde089754ef3a86bc78e0428
130,372a533a6c091361115f0f0712e93ef3af376b30
131,0bb33076e2c12947edc91ff61f98e4b72d881ec3
132,9e6375349e945fed87bbeae565f35ab9ca28f70f
133,2e95174c45f7ccfb5b9a44ca61897140ceae257f
134,740e865f40704dc9158a6cf635990580fb6adcac
135,f892da8716d614467fddcc3a1b2b589979414219
136,9e63f80e75bb6d9bbe6df268908c3219de6852d9
137,29ac7ea52fbb0c6531e14305e2fb1ccba9678f7e
138,12bbca20657c17d5ebfceaacb37dddc851772675
139,181ec5030792a10f3ce77e997d0e2eda9bcd6139
140,6e730edcde7ca6cbb5727dff7a42f7284b368528
141,31a704004f9b4ad34f92ae5c95ae6e90d0ab62c7
142,80c29689ae3b589254a571da3ddb5f9c866ae534
143,9c65fa76f9d413e311a80f29d35d3ff7722e9476
144,f1fa617023d30d8cdc5acef0274bad8cc3e89cea
145,e258e5040fa1905a04efcb7b3ca4a6d33e18fa61
146,ce8ec5456169682f27f846e7b8d51e6c4bcf75e3
147,87bd1f9ef7d547ee54a8a83214b45462e0751efb
148,037fe4d2ba01be5610baa3dd9c5c9d3a5e5e1064
149,0247b5c5467ca1b0d03ba929a78fa4d805582d84
150,fc7838470465474f777bd17791c1bb5f9c348521
151,b3e5366f696c463f1c2f033b0d5c7365e5d6b0f8
152,968c0187a12f5ae4a696c02c1ff088e998ed7edd
153,1d84964bf80f4e69e54d62286c3861c2362342d0
154,7d1505841069c6ecc3fa7e4896db535f18e4ce84
155,7025dda8fa84b57d6f12bc770df2fa10eef21d88
156,a975a19f21e71f448b3fdb2ed4461e28ef439900
157,98750a74daf7e2b873da85d2d5067f47e3bbdc4e
158,a000b5c3b0438c17e9973df4832c320210c29c27
159,44dd57fb66bb676d753ad8d9757f9f4c03364113
160,c3f8b78c211df6c5adae74f37e39fb55baeff723
161,7120a2979d0a9f0f54a88b2416be7ca10e74f409
162,68f28dabe9c7679be82e684385be216319beb610
163,46324279dae2fa803267d788f7c56b0ed643b4c8
164,d52761d67f42ad4d2ff02d96f0675fb3ab709f38
165,1faef149f763f4a54aaa6e17043d0a628ae338a0
166,d341b17c2a0a4fce04045e13fb4a3b0621296320
167,ce92a9c18f033ac9fa2f12143fab00a90e0f4577
168,b92d16b114fd49e881d09e7974ad57b2a0df2906
169,6a224c31e8563156ad5732a23667e73076984ae1
170,010c460d627c1917dc47b09e59fd41172bbf90b3
171,40a8fef4e6619b4ea10a4ec9026260649ce5ae73
172,85d3596e65512d481f4be54df100be6bdc9c8e29
173,c183b92c3c70ad2d36a2d60bdb10c02b65bc0212
174,aaf2b735fddbebccd28012006ee4647af3b3624f
175,dc9653641f8806960d79652afa043c3fb84f25d2
176,4fb259353f616822c32537e3f031944a6d2a09a8
177,f1933123525e7c806f5fc0b0a46a78a7546f8b61
178,82d209d43fb543c174e640667de15b00c7fb5d35
179,c41fdf04f4beebe36379396b0c4fff3ab7ad3cf4
180,158ad0bba9382fd494b4789b5628a9cec00cfa19
181,2998e38a942351974da36cb619e863c6f0316e7a
182,e87075df977a539e4a1684045a7bd66c36285174
183,25cff1019da9d6cfc486a31d035b372ea5fbdfd2
184,b715aa0c8090cd57158ead2a1b35632cb98a6277
185,ba28a8fcbc3ba432e7ea4d6f0b535450a6ec96c6
186,655699f8b7156e8216431393436368e80626cdb2
187,a83c7723bf7a90dc6cd5dde98a179303b7542020
188,825d4fe47b9c4d48de88622dd48dcf83beb8b80a
189,050f8d01e47b9b67b02ce50d83fb7b4e528b7204
190,16a73c2473181e03d88001aa3e08e6ffac92eb8b
191,e73b48ace0a7e0f249221240140235d33eeac36b
192,ec9df6a765701fa41390083df12e1dc1fee50662
193,5e34855cf04145cc3b7bae996c2a6e668f144a11
194,5b922bb458e863f5be0ae68167de882743f70b86
195,b77a02f41c60d869f48b65e72ed696c05b30bc48
196,2fe0ba95616bb3860736b6b426635a5d2a0e9bd9
197,6bb56faea8d238ea22c2de33db93b1b39f492b3a
198,9530316887612dca060a128fca34dd5a6ab2a9a9
199,df7974b8e59d00e8efbb61629418fa6265c1ddab
200,bfa614b12795f1cfce4de0950f90cb8c4f2a7d53
201,47a40f60d62ea69b659959994918d4c640f39d5b
202,84e5da87e32256ba4f3dee6f8bf532ce88322028
203,7136719b7d53ee1360abaa5e178ba9f8b00f3da8
204,1d4f3552037cb667971bea2e5078d8b3ce6c2eae
205,2ebd1df3f17993f3cb472ec44c8832213976d99a
206,ebd6480587f96e9964d37157253523e0a179171a
207,5e73138a0152b78380b3f1def4b969b58e70dd11
208,5b3b6f6f5f029164d7749366506e142b104c1d43
209,4c42986cc070d9c5c55c7bf8a2a67585967b1082
210,6e9ef10fd7446a11f37446c961916ba2a8e02cb8
211,f165b2bbf5d4acf34d826fa55b900f5bbc295654
212,48a19a6dba896f7d0b637f84e114b7efbb814e51
213,d4fa04e50d299e9cad349b3781772956453a696b
214,4af5c7e24455246c61c1f3c22225507e720d721d
215,974d334cf06a84317234a6c8e2e9ecca8271fa41
216,ef29a9a9aa85468869eb67ca67b66c65f508d0ee
217,faeb41de215d3ac567ce72a43ab242ad433ca93e
218,4b736dbab3e177e5265439d37063bb501657d830
219,36ddeb7bf83ac5a1af9d3db07ad4c380777e4d1a
220,0402be90f7af82c8404cafbca79f5f9fb8e2bbed
221,b9e1c2eb9b6f7fb609718ef20048a8da452d881b
222,ca26a212fda39a15fde09dfdb2fbe69580a717f6
223,5930f64bf0d2516304b21bd49eac361a54caabdd
224,40eb8b6ef3a67e36d0d9492c044981a1da76351d
225,377b06820934cab6d67f3a9182528c7f417a7d98
226,15cacc81240eed8834b4730c5c6dc3238f003465
227,288ce583b05004a8c71dcd836fab23caff5d4ba7
228,120a350240f58196eafcb038ca3a353636d89239
229,10664276007beca3843638e558f504cad44b1fb3
230,657a88835d8bf22488b53d50f75281d7dc32442e
231,469a6e5f3bdd5593b3254bc916be8236e7c6cb74
232,7e758d709286e73d2c878d4a2d2b4606386142c7
233,e829bfa1ab9b68f44c489d26efb042f793fd9362
234,5e4c06f8e54265a4024857f5978ec54c936aeea2
235,2b9b72682e587909a84d3ace214c22cec830eeaf
236,9bd9334f588dbb44d01554f9f4ca68a153a48993
237,ee1fb97a97d5ac18cd2ad8028e84ecbd988fb811
238,29fabb1b528e60b2f65132a9ab64f2fd95b729ba
239,02b55de3dce9a1fef806be13e5cefa0f39ea2fcc
240,352ed6bbe3c3b67e52e298e7c535ae414d96beca
241,d3f07fd23cc26a70f44c52e24445974d4885d58a
242,bbcba3a9430365640c0188e7ca6e0677d3227dd8
243,b4034c3f889bf24f60eb806802866b48e4cbe55c
244,d5eeb35167e1ab72fab7778757163ff0aacaef2c
245,259936be710f367e1d1e019ee7b93fb68dfc33d0
246,96c2c714f4f9abe20d4c42d99ffaafcb269714a1
247,1727e0841cf9948e601ae2936fe89094c8c0c835
248,306ff187af0c49f61f4bc1850021561397b4f8f1
249,52f5754f45370f98e577a2aa96accf3ee2e2c8e2
250,4ee79c71afc5175ba42b5e3d4088fe23db3e45d1
251,5b9760de8dd2dab7cf9a4f5c65869e4ed296a938
252,5ad78f62056f2560cd371ee964111a646806d0ff
253,715632232d0e6c97e304686608385d3b54a4bcf6
254,34250a613cee39b03f05f2d54ae37029abd8a502
255,b8ebebeaaa259be4fcddf65b3280d23165b011a1
256,980764f3c0c065cc32454a036e8d0ead5a92037b
257,bebf4c42bef3e75d31ffce9bfdb331c16f34ddb1
258,e380d2d46c92b319eafe30974ac7c1509081fca4
259,424cb699ee9b091eb23b86dc018a86e377ad309f
260,db34690466d67f9c8ac6a145fddb5f7ea30a8d8d
261,dc0c4490a12ecedd8ca5a1bb256c7ccbdf0be04f
262,65181b7512c2192311705dfdfad588a80d3a6fde
263,2bda1c1d376afd8abe6a04be345461752f3fb1b6
264,76c4bf59f6544b9c02d99fd18436427cbce632e6
265,855d12ac0a9cdade4cd2cc64c4e7209478be6690
266,c15134632e74e3dee05eda20c6ef79915e15d02e
267,6cc96cf0c3ea87ab65d42a59725959d94701577b
268,aaf50d05c7616e4f8f16654b642500ae06cdd774
269,7e2f8821e08fddae661fcb484bf462210ad879e6
270,658687b25491047f30ee8558733d11e5a0572070
271,c352ffbdb9112714c176a747edff6115e9369e58
272,f80e2629bb74bc62960c61ff313f7e7802d61319
273,c74b07fa94a8da50437d952ae05cf6ac70fbb93e
274,85e9d091d5d785d412e91038c2490131e64f5634
275,53a1ebf33b5c349ae3a40d7eebf357b839b363af
276,dba0b2eadb441f41ded0f0b9706b720bcfa84881
277,6e94c4eadf443ac3d34eaae4c334c8386fdec960
278,a4b27162f2d7cb501f71d818581c8a2471bb7cf6
279,3c4e486b9c8d3f256e801db7c176ab650c976135
280,a1d1529daebee30b76b954d16a30849407f795d1
281,982952f4aebb474823dd886dd2b18f4277bd7c30
282,e3eb393961051a48ed1cac756ac1928156aa161f
283,d01a6d8c33fc5c8325b0cc4b51395dba5eb3462c
284,f084c5de14eb10a6aba82a39e03e7877926ebb9e
285,3290d2d13bb4bd875aec14425c8e3766f9cc644b
286,67d06880e47e0324409cf7e5b21db1dcb0107b82
287,d3792f54974e16cbe8f10b3091d248e0bdd48986
288,9717389365772d218cd7c67f9a13c3440f3c6791
289,a83571acc938582865efb41645aa1e414f339e46
290,8fbd45c74e762dd6b071ea58a60f5bb649f74042
291,968ad972175390bb0a96918fd3c7b318d70fa466
292,2a24bf92e6d36e876bad6a8b4e0ff12c407ebb8a
293,534f2a43625fbf1a3a65d09550a19875cd1dce43
294,a61d65fc8b97c01be0fa756b52afdc91c46a8561
295,a7160c4e3aae22600d05e257d0b4d2428754b8ea
296,4d9e560b5470029143926827b1cb9d72a0bfbeff
297,29576e786072bd4218e10036ddfc8d367b1c1446
298,8aab94d8984e9d12194dbda47b2e7d9dbc036889
299,2d222fb39dd978e5a33cde6ceb59307cbdf7b171
300,1868bd40dcce23990b98748b0239bd00452b1ca5
301,a9c4e29950a14e32acaac547e9a0e8879fd37fc9
302,114bad606e7a17f980ea6c99e31c8ab0179fec2e
303,6c65da6bb7d1213e6a4a9f7fd1597d029d87d07c
304,e0628f2fae7f99d096f9dd625876a60d11020d9b
305,07a86205f9efc43ea1ec5edb97c21c32abe7fb8a
306,149b3ee2dac992355adbe44e989570726c1f35d0
307,b5347a4664625ede6ab9d8ef6558457a34ae423f
308,16860327286bc08b4e2283d51b4c8fe024ba5006
309,4dc8d74491b101a794cf8d386d8c5ebc6019b75f
310,4786484076865c56c3fc23c49819b9be2933d287
311,38d4e9e446b425ca6a8fe8d8080f387b08683842
312,49549d5a1a867c3ba25f5e4aec351d4102444bc0
313,9646018bb4466433521b4e602b808f16e8d0ffdb
314,3539cb7d20f5f878132407ec3b854011b183b2ad
315,e0833c5958bbd73ff27cfe6865648d7b6e5a99bc
316,80554111703c08e2bedbe303e04ecd162ec119e1
317,b83091ae4589feea78b056827bc3b7659d271e41
318,ba2b56614d7ab1bd7409b49e9d85c248d8faa48b
319,845d1d4d0cc5512d1671b2f2c7c74c5b97c3aef8
320,4f87e9562aa0dfe5467d7fbaba9278213106377c
321,88063c62689135da56ee6678b2e826b88c382732
322,ffdc40ce7a799f2564f57b958d0f32f1d1636488
323,29926238418223b0888d418d163feebf0217b35e
324,f9c7580adadce75a94bd2854cf4f743d8cbd1d23
325,595a67589a42f8025d3e5fd4da413b1faa2e14bf
326,f0c1bc3472a7422ae5649634f29c88e161f5ecaf
327,96c4846db89802f5a81dca5dcfa3f2a0f72b5cb8
328,2713bc65af1e0e81edd5fad0338e34fd127391f9
329,8fd55358b7fc1c7545d823bef7b39769f731c1ee
330,e676fc0c6326f3ddeced87214cc88534ea646473
331,73bed408fbb47dfc28063afa3898c27fbdec7735
332,bce00dac403d3be2be59218b7b93a56c34c68f1a
333,1b8625f4258d6d1a049d0ba60e39e9757f5a568b
334,7da33ce5057ff965eec19ce662465b64a3564019
335,cc12a86fb049f2be1f45baf461d202ec356ccf8f
336,578bfeeff514228f6fd4b07a536815fbb3510f7e
337,517eb37a85e0a28820bcfd5d98c50d02df6521c6
338,f2cc6b5bccc3a70fd7d69183b1a068800831fe19
339,3a6003866ade45974b43a9e785ec35fb76a32b99
340,9ebb44f8abb1a13f045eed60190954db904ffef7
341,6008ec14ed6491d0a854bb50548c46f2f9709269
342,3c4c1f96474b3e66fa1d44ac0177f548cf5a3a10
343,68fb2a46edc95f867d4b28597d20da2597f008c1
344,7956dd7ab03e1542d89dd94c043f1e5131684199
345,f2faa7af30662e3bdf15780f8719c71108f8e30b
346,5196efff53af4965ff216a9d5c0f8b2b4fc98652
347,6d75ed7e5ccf6c58143de4608115f9a2b3ff6cf4
348,2728c3df6690c2fcd4af3bd1c604c98ef6d509a5
349,f6f2eeb17910b5d446dfd61839e37dd698d0860f
350,1bd63e82fdb6ee57c61051430d63685b801df016
351,82a396c2f594bade276606dcd0c0545a650fb838
352,9d8aadb72bbc86595e253fe30201cda6a8db877e
353,a6430028ecd7a6130f1eb15af9ec00e242c46725
354,14b314dc2cad7bbf23976347217c676d338e0a2d
355,90c606925e7ec8f65f28e2290a0048f64af8c6a6
356,20a26b595c74ac41cf7c19e6091d7e675e503321
357,c8709dcfd1237ffa19ee9286e99ddf2718a616d8
358,700312e12f9588f01a592d6eac7bff7eb366ac8f
359,e84815dc333a69368a48e0152f02934980768a14
360,b127ff8a0c5fb704da574d101a2d0e27ac5f463a
361,cb871c44c38a4c1575ed076389f14641afafad7d
362,37719e0cd0b00cc5ffee0ebe1652d465a574db0f
363,1191c3efc605d9c6d1df4b38ddae8d210a361b5b
364,7d669a56ffc7a4f5827830ef3c27d45cc0e8774f
365,104f30c36f3d44b7567f6f77adb92e0a96494541
366,47af7c1ebfdbd7637f626ab07bf2bda6534f37ea
367,43c7ec6384e51105dedf3a53354b6a3732cc27b2
368,b305e377fb0a2ca67d9924b995c51e483a4944ad
369,41ab2853f41de2abc415358b69671f37a0653533
370,96aa01378e3b3dbb4601d31c7312a311cb65b22e
371,0f92be5b5f017b593bd29d4da7e89aad2b3adac2
372,6f4cadf5ee81467d077febc53d36571dd232295d
373,77da5be6f11a7e9cb1d44f7fb97b93481505afe8
374,ed359de595d5dd67b666660eddf092eaf89041c8
375,57264400ac7d9f9c59c387c252a9ed8d93fed4fa
376,74cc16dbc35e35fd5cd5542239dcb6e5e7f92d18
377,3697232b7d438979cc119b2a364296b0eec4a16a
378,f743c79abe5a2fb66be32a896ea47e858569b0c7
379,1821fc165808143e98b3d9626141b1a55bde90ac
380,6718c1eb671faaf5c1d865ad5d01dbf78dae9cd2
381,d73bc08d98e803889ef6215eab81d7bb0049e941
382,3336c7b148ad543d1f9b64ca2b559ea04930f5be
383,4ca90935c5ff15ccca13452572e317b86814f238
384,3e831a26965a5e92210431f9ad6935f70aa01b48
385,0ba98c04c726a827df8cb19b0db17c352a647960
386,b55499a44ab74e33378211fb0d6940905d7c6318
387,f6c0bd5c3755b2f9bab633a5d478240fdaf1c593
388,0b0b9ceaf73de472198c9804fb7ae61fa2a2e097
389,6b89943834a8d9d5d0ecfd97efcc10056d08532a
390,20c1434a8dbb25b98f6b434b158ae88e44ce3057
391,fb1d06fc242ec00320f1a3049673fbb03c4a6eb9
392,9716a727fb2d11380794549039e12e53c771e120
393,f893955b9cc6ea456fc5845890893c08d8878481
394,ec8973d1245d4a99edeb7365d7f4b0063ac31ddf
395,eba6a1af4c8ffb21934a59a61a419d625f37cceb
396,9974642870404381fa425fadb966c6dd3ac4a94f
397,34a889db857f8752a0a78dcedec75ac6cd6cd48d
398,6e1e2eba696e89ba57bf5450b9c72c4386e43dc8
399,163e3f1df94f6b7d3dadb46a87dbb3a2bade3f95
400,047ccc8c9a88e74f7bc87709ee5d531f1d7a4228
401,6853ac7c8c76003160fc861ddcc8e8e39e4a5924
402,c032b0bf92130dc4facb003f0deaeb1228aefded
403,560b355ccd038ca044726c9c9fcffd14d02e6696
404,48f8fd46b32973f1f3b865da80345698cb1a71c7
405,31954910d67c29874d2af22ee30590a7346a464c
406,c03299a18b4e076cabb4b7833a1e7632c5c0dabe
407,e0b7ba59a1ace9b78a1ad6f3f07fe153db20b52c
408,fe26584a1f5b472fb2e87aa7259aec822a619a3b
409,410dd41cf6618b93b6daa6147d17339deeaa49ae
410,fb36397b3ce569d77db26df07ac339731cc07b1c
411,8a94eb23d53e291441e3144a1b800fe054457040
412,846cf46282da8f4b87aeee64e407a38cdc80e13b
413,431ca39be51352dfcdacc87de7e64c2af313558d
414,f99cb5615cbc0b469d52af6bd08f8bf888af58f3
415,215713e19924dff69d226a97f1860a5470464d15
416,b1f4b4abfd8d038c3684685b245b5fd31b927da0
417,4a01bfc2a2e664186028ea32095d32d29c9f9e38
418,1efe97dc9ed31e3b8727b81be633b7e96dd3cd34
419,aa80c64fcf9626b3720ee000a653db9266b74839
420,ecad9d4346ec158746e61aebdf1590215a77f369
421,75438422c2cd90dca53f84879cddecfc2ee0e957
422,55946e76fd136958081f073c0c5e3ff8563d505b
423,84da8792e2a99736edb6c94df7eda87915a8a476
424,60f08c7c8775c0462b74bc65b41397be6eb24b6d
425,9c5612f4e197dec82a5eac9542896d6216a866b7
426,5340dfaf94a3c54199f8cc3c78e11f61e34d0a67
427,1b0099fc62d02ff6216a76fbfe17a4ec5b2f3536
428,2cc212d56a1d50fe68d5816f71b27803de1f6389
429,9514d874f0cf61f1eb4ec4f5f66e053119f769c9
430,07fd7d36471dfb823c1ce3e3a18464043affde18
431,4a8bb9d00d8181aff5f5183194d9aa2a65deacdf
432,c0cc0eaec67208c087a30c1b1f50c00b2c1ebf08
433,a20e743fb863de809863652931bc982aac2d1f86
434,df32669514afc0223ecdeca30fbfbe0b40baef3a
435,e7a0976e991f75a7bda99509e2b040daab965ae6
436,0b1a464b6e061580a75b99a91b042069d76bbbfd
437,4d5a6e7b60b315968973e2298eeee5eb174ec721
438,8cb415a4b9bc1f82127ccce4a5579d433f4e8f83
439,03377d2522776267a07b7d6ae9bddf79a4e0f516
440,6996bd2e81bf6597dcda499d9a9a80927a43e30f
441,14f263448471f182123fc84619559df90e7ae52c
442,1d59a4162bf5142af270ed7f4b3eab42870c87b7
443,c5166f7a69faeaa8a41a774c73c1ed4d4c2cf0ce
444,00cd92f32f17ca57d47aa2dcc716eb707aaee799
445,57084e0c7c318912208ee31c52d61c14eeddd8f4
446,244016a95c43ce6db422378e85a9d527bfe59bf1
447,66924ffa6bdb8e0df1b90b789cb7ad443377e729
448,2e981b7bfa9dec93fdcf25f3e7220cd6aaba744f
449,608353c8e8e50461fafff91a2c885dca8af3aaa8
450,95dccc63350c45045f038bab9f8a5080b4e1f8cc
451,137f47865df6e98ab70ae5ba30dc4d441fb41166
452,7a9d09f0bb472a1671d3457e1f7108f4c2eb4121
453,b79b4f5f2251ed7efeec1f4b26e45a8ea6b85a6a
454,1633d0a2612d94151f620c919425026150e69ae1
455,5eb89f67e323dcf9fa3d5b30f9b5cb8f10ca1e8c
456,76d74090d60f74412bd45487e8db6aff2e8343a2
457,5a23213c148bfe362514f9c71f5273ebda0a848a
458,ab8ee1a3b93286a62949569615086ef5030e9fae
459,7c8fc1f7cb837ff5c32811fdeb3ee2b84de2dea4
460,781c8d71a0a6a86c84048a4f22cb3a7d035a5be2
461,6d8a6e4161176e391514153d7535da14b52194be
462,26b06f1c4630ccc98b0eb1bf7294347899c4314f
463,4581badbc8aa7e5a37ba7f7f83cc3860240f5dd3
464,d5a9af3230925c347d0904fe7f2402e468e80bc8
465,5b965d64ee1687145ba793da749659c8f67384e8
466,21fdfd7d6f89adbd37066c169e6ba9ccd337683e
467,014a9f9d8c9521180f7a448cc7cc96cc00537d5c
468,4309262ec9146d7158ee9957a128bb152289d557
469,23695f1d2d7ef9f3ea92cebcd96b1cf0e8904eb4
470,d378396f86f625f006738d87fe5dbc2ff8fd913d
471,2a3be4ddf9d9527353f07ea0ab204ce17dbcba9a
472,3ecb3794302dc12d0989f8d725483b2cc37762cf
473,551def5d6972440365bd7436d484a67138d9a8f3
474,2932e25da4532de9e86b01d08bce0cb680874e70
475,864de8eaf4b6ad5c9099f6f29e251c56b029f631
476,a0e1abbd010b9e73d472ce12ff1d987678005d32
477,7c1e56825b716a7d703dff38254b4739755ac0c4
478,a85fb6c07fdda5c74d53d6373910dcf5db3ff111
479,270ee677750a1f2adaf24b5816857194e61782ff
480,2f2686a73f5a2a53ca5b1023e0d7e0e6c9be5896
481,eaafe139f881d6105996373c9b11f2ccd91b5b3e
482,7478c8b66d6a2b1179f20c38b49e27e37b0caec3
483,1650f6f56ed4b7f1a7f645c9e8d5ac533464bd78
484,e1f4de4a7d15d4ca4b5c64ff929ac3980f5d706f
485,5bfe9e1111d9862084586549a7dc79476f67bab9
486,c53c902fa9c458200245f919067b41dde9cd9418
487,2da3a9e98e5d129d4507b5db01bba5ee9558d28e
488,871764c6ce531af5b1ac7ccccb32e7a903b59a2a
489,2ddeb63126d26149eda197e85b7b26ef16a6e97c
490,960d2d0ac6b5a22242a922f87f745f7d1f736181
491,f4a22808e03fa12bfe1bfc82cf713cfda7e063a9
492,8abef21dac1a6538c4e4e0140323b83d804d602b
493,b42059d2efdf3322334694205a6d951bcc291644
494,e51345e1e04e439827a07c95887d14ba38333057
495,0f5ef6dfa67a068606aff8ea9d1addfce73446eb
496,348d7c9a93dd00d3d1859342a8eb0aea2e77f597
497,20a61dbd9b57957fcc5b58ef8935533914172b07
498,362539f8d97f6bb67f0d0983f7dea36b77cc9d18
499,870b8a2edd44c9274c43ca0db4ef5b0998e16fd8
500,27bfa9ab3a610e072c011fd88ee4684cea6ceb76
501,084e4e126211d74a79e8dbd2d0e604dd3c650822
502,d91967e159f416924bbd7f0db25156588d4bd7b1
503,02144d6745ec0a6d8877d969feb82139bd22437f
504,8023242e77e4a799de6edc490078285684549b6d
505,8ecba3e86e53834413da8b4299f5791545cae12e
506,2272962eb087ffedaee12c761506e33e45bd0239
507,c4871369db96fc33c465d11b3bbd1ffeb3b94e89
508,4e0027feaee7c028741da88d8fbc26a45fc4a268
509,744f03e700b0e3a7c2a92e92edc79d2374c19023
510,94fc57afdf8ac6be35f13956232b6cf58857d047
511,075a0b658289608c8732e07e26e14d736e673ce9
512,84ea287178247c163226e835490c9c70b17d8d3b
513,328d1b3e4bc39cce653342e04f9e08af12dd7ed8
514,56d7da14ab8f89bf4f303b27f51fd22d23967ffb
515,a5719804c5ed99ce36bd0dd230ab8b3b7a3b92e3
516,4c33a34ba3167ae67fdb4978ea2166ce65638fb9
517,7893cd95db5f2caba59ff5c859d7e4964ad7938d
518,1d9733271595596683a6d956a7433fa601df1cc1
519,f6d06adf05afa9c5386dc2396c94e7a98730289f
520,cdea0174e32a5f4c28fd59899b2e9774994303d5
521,487d409e71767c76399217a07af8de1bb0da7aa8
522,63accc79625d8a03d0624717af5e1d81b18a6da3
523,85e654c5ec87e666a8845bfd77185c1ea57b268a
524,943d4fa204a827ca8ecc39d9cf04e86890ee9840
525,075ce4914fdcbbcc7286c3c30cb940ed28d474d2
526,3bb2a8d7508b507edfcc21bd20912b0ff4a0a248
527,45029bfdea42eb8964f2ba697859687393d2a558
528,b3aedca6b55c678e40a5961e2fd3af4cb8c52bba
529,2804674a7af8f11eeb1280459bc9145815398eed
530,5051262d4ca6a2c529c9b1ba86d54cce60a7af17
531,820064e613609bbf7edd726d982da1de60bf417a
532,27feafccbd6945b000ca51b14c57912acbad9031
533,d19f4fda63d0800a85b3e1c8379160bbbf17b6a3
534,701fb5052080fa8c0a79ad7c1e65693ccf444787
535,1b6a5d4af9691c3f7f3ebee3146dc13d12a0e047
536,81498dd5c86ca51d2fb351c8ef52cbb28e6844f4
537,eec74ba8bde7f9446cc38e687bda103e85669d35
538,49f1a820372d1cba41f3f00d07eb5728f2ed6705
539,c447c9d54603890db7399fb80adc9fae40b71f64
540,7e9a9e603abce8689938bdd62d04b29299644aa4
541,30b706b7b36482921ec04145a0121ca147984fa8
542,b2d195e137fad88d567974659fa7023ff4da96cd
543,97b7080cf2d2846c7257f8926f775f27d457fe7d
544,d50a66cc04bfa1c483f04daffe465322316c745e
545,51d41e4b1a3a25a3fde3a4345afcfe4766023d23
546,b7720fa45525cff6e812fa448d0841cb41f6c8a5
547,8a2336893a7ff610a6c4629dd567b85078730616
548,fcb57e9c7323e24b8563800deb035f94f616474e
549,61f9c8711c79f35d67b0456155866da316b131d9
550,1f0f14efe35f986e338ee2cbc1ef2a9ce7395c00
551,6502944f39893b9dfb472f8406d5f3a02a316eff
552,a81f47ff7498e7063c855ccf75bba81ab101b43e
553,6e5fc37883ed81c3ee2338145a48de3036d19399
554,638c51d9380081b3b8182be2c2460bd53b8b0a4f
555,1dde39d796bbf42336051a86bedf871c7fddd513
556,767d288b6b33a79d99324b70c2ac079fcf484a50
557,41bbd2300472501d69ed46f0407d5ed7cbede4a8
558,0f1d00a905614bb5eebf260566dbcb831158d445
559,ea5ae2705afa4eaadd4192c37d74c97364378cf9
560,ad960885bfee7850c18eb5338546cecf2b2e9876
561,61a28486ccbcdd37461419df958aea222c8b9f09
562,99693fef0a30432d94556154b81872356d921c64
563,23b8188f75d945ef70fbb1c4dc9720c2c5f8cbc3
564,de5e531d337075fd849437e88846873bca8685e6
565,fd14936be7beff543dbbcf270f2f9749f7a803c4
566,6fc2740ebb59aca1aa0ee1e93658a7e4e69de33c
567,328eb49e6222271337e09188853b29c8f32fb157
568,98be8169f07eb0f1b8f01776c71d0e1ed3d5e4d5
569,9154f89befb7a33d4853cea95efd7dc6b25d033b
570,31921e0f0bd559d042148d1ea32f865fb3068f38
571,7c5b641808740ba5eed05ba8204cdbaf3fc579f5
572,4b117121900e5f242e7c8f46a69164385f0da7cc
573,e61367b9f9bfc8e123369d55d7ca5925568b98a7
574,6d0848b53bbe6c5acdcf5c033cd396b1ae6e293d
575,72d150c271d2b206148fd0917a0def263445121b
576,e359d5dcf5bd300213054ebeae9fe75c4f7eb9e7
577,ed47b1e660b830e2d4fac8d6df93f634b260393c
578,58b4e4f88a330135c4cec04a30d24ef91bc61d91
579,968acf3bd9a502fcad15df3e53e359695ae702cc
580,47815878ad5e47e89bfbd57acb848be2ce67a4a5
581,a2dce22e0a25922e2052318d32f32877b7c27ec2
582,ff442bbcffd4f93cfcc2f76d160011e725d2fb3f
583,5231cd5acaae69d735ba3209531705cc222f3cfb
584,c2467dadae8ce44010a912ee91c429310f8add65
585,8d57524662fad4a0760f3bc924e690c2a110e7f7
586,f3152722791b163fa66597b3684009058195ba33
587,58d9b260556a89a3d0832d583acafba1df7c6751
588,25bbd3c16e8e8be4d2c43000223d54650e9a3696
589,c1f85fc71e71e07534b89c84677d977bb20994f8
590,4e81783e92f464d479baaf93eccc3adb1496989a
591,cc243a079b1c039d6e7f0b410d1654d94a090e14
592,8df584b0200402d8b2ce0a8de24f7a760ced8655
593,2c5dee0fb8e4d1734ea3a0f22e0b5bfd2f6dba46
594,de64b65f7cf2ac58c1abc310ba547637fdbb8557
595,9bf2120672ae0f620a217ccd96bef189ab75e0d6
596,69dbe6b40df35d488d4ee343098ac70d00bbdafb
597,fd95eeaf491809c6bb0f83d46b37b5e2eebbcbca
598,128c29035b4e7383cc3a9a6c7a9ab6136205ac6c
599,b6e9963ee4bf0ffb62c8e9829a551bcdc31e12e3
600,95296d9b1ad1d9e9396d7dfd0015ef27ce1cf341
601,d0d82227785dcd6c49a986431c476c7838a9541c
602,3af53e61fd604fe8000e1fdf656d60b79c842d1c
603,78209b0ccaf3f22b5e2345dfb2b98edfdb746819
604,da2012a0e152aa078bdd19a5c7f91786a2dd7016
605,5cb4695051e3dac847b1ea14d62e54dcf672c31c
606,051c6a066f7b5fcc7472412144c15b50a5319bd5
607,369127f03257e7081d2aa1fc445e773b26f0d5e3
608,63ccdef81329e785807f37b4e918a9247fc70e3c
609,7b6dc29d0ebbfb3bb941130f8542120b6bc3e234
610,2782818287a71925523c1320291db6cb25221e9f
611,6eba655259d2bcea27d0147b37d5d1e476e85422
612,007a32f90af1065bfa3ca4cdb194c40c06e87abf
613,284e29a870bbb62f59988a5d88cd12f1b0b6f9d3
614,29cecd4a42f6969613e5b2a40f2724f99e7eec01
615,42bfde29836529251a4337ea8cfc539c9c8b04b8
616,20591afd790799327f99485c5a969ed7412eca45
617,b600bccf41a7b1958e33d8301a19214e6517e388
618,27af6157f9cceeb9aa74eec54c8898d3e0749ed0
619,e6c77874b915691dead91e8d96ad9f58ba3a73db
620,970635a9f8d7f64708a9fcae0b231c570f3f2c51
621,15bd73627e04591fd13667b4838c9098342db965
622,34de24abb518e95c4312b77aa107d061ce02c835
623,77ab49b8575d2ebd678065fa70b0343d532ab9c2
624,8ce645d4eeda203cf5e100c4bdba2d71edd44e6a
625,13a3b636d9425c5713cd1381203ee1b60f71b8c8
626,c26d174265f6b4682210fcc406e6603b4f7dc784
627,70fe6ce52f26904aa53bd20409db69b52bccf315
628,ea489f14f11b2fdfb44c86634d2e2c2167b6ea18
629,ac56cf605b61803c26e0004b43c703cca7e02d61
630,1b2c2162af4d5d2d950af94571e69273b49bf913
631,c0c397509bc909b9bf2d5186182f461155b021ab
632,b9c835337880f57fe8b953962913bcc524162348
633,659fd9d04b988d48960eac4f352ca37066f43f5c
634,9247084962259ebbbac4c5a80a6ccb271776f019
635,c2ea79f96acd076351b48162644ed1cff4c8e090
636,cd81fc9e8652c07b84f0887a24d67381b4e605fa
637,962e9bcf94da6f5134983f2bf1e56c5cd84f2bf7
638,8f13cd4cc8dcf638b178774418669a2e247d0652
639,7cd7f2202547224593517b392f56e49e4c94cabc
640,9039333c0a0ce4bea32f012b81c1e82e31246fc1
641,2f7d0b68a29de9755fc9fafd9a52c048981ad880
642,3c0d2365d57fc49ac9bf0d7cc9bd2ef633fb5fb6
643,bc36b0f1a1f38060700903be7bf5cf012b414551
644,2b5d11f34d73eb7117c0c4668c1abb27dcc3a403
645,b122c861cd72b580334a7532f0a52c0439552bdf
646,b7d74a602f622d8e105b349bd6d17ba42e7668dc
647,8f90c151878571e20625e2a53561441ec0035dfc
648,1c690ddafa8376c55cbc5b7a7a750200abfbe2a6
649,6f0f1d9e04a8db47e2f6f8fcfe9dea9de0f633da
650,be375fcbd200fb0e210b8edcfceb5a1bcdbba94b
651,109061f7ad27225669cbe609ec38756b31d4e1b9
652,fdcc3512f7b45e5b067fc26cb05146f79c4a5177
653,6743de3a98e3f0d0e6064ca1872fa88c3aeaa143
654,555127387accdd7c1cf236912941822ba8af0a52
655,ce38a35b764397fcf561ac81de6da96579f5c13e
656,680afabe78b77e4e63e793236453d69567d24290
657,4a091232122b51f10521a68de8b1d9eb853b563d
658,415d0a859b7a76f3a866ec62ab472c4050f2a01b
659,2b027e9a386fe4009f61ad03b169335af5a9a5c6
660,064b029c6a15481fc4dfb147100c19a68cd1cc95
661,a2973fed30fbe9a0b12e1c1225359fdf55d322b4
662,21112e8a14c042ccef4312079672108a1082a95e
663,d39087147ff1052b623cdba69ffbde28b266745f
664,8e4d15f70713e1aaaa96dfb3ea4ccc5bb08eb2ce
665,37bc203c8dd5022cb11d53b697c28a737ee85bcc
666,0e5ebac3c1f1ff58f938be59c7c9e604977d269c
667,f9ae99fee13681e436fde9899b6a189746348ba1
668,00c72d27bf2e3591c4068fb344fa3edf1662ad81
669,1a340da8d7590d831b040c74f5a6eb560e14d585
670,9f410871ca03f4c04bd965b2e4f80167ce543139
671,02b1fefffb00d50c1076a26f2f3f41f3c1fa0001
672,9cdd867da978629ea2f61f94e3c346fa0bfecf0e
673,2b2c8c33236677c916541f956f7b94bba014a9ce
674,fb8bb04766005e8935607069c0155d639f407e8a
675,712995757c22a0bd76e4ccb552446372acf2cc2e
676,633d63a48ad98754dc7c56f9ac150fc2aa4e42c5
677,727e78014fd4957e477d62adc977fa4da3e3455d
678,0598a2b81d1426dd2cf9e6fc32cef345364d18c6
679,391755dc6ed2e156b8df8a530ac8df6ed7ba7f8a
680,3814d0bcf6f1697a94123be4b224cbd7554025a9
681,4bd697da03079c26fd4409dc128dbff28c737701
682,0a4b620f3144d68232eb7914ae05563aab648ced
683,3c5f5e3b5c4eb69472fdd8124aa9988bd8d933b5
684,70f6f9649bdb13b6745473b7edc4cd06b10f99d2
685,465c665db1dc65e3b02c584cf7f8d06b24909b0c
686,a6e2bd31f52f9e9452e52ab5b846de3dee8b98a7
687,54040f8d350d2aad3078dcffef808c62b7c0b73d
688,c3689bc24e03a9471cd6e8169da61963c4528252
689,747d2f5381b3ef0b2663ca7def42d3dc43ee13d7
690,6ca990fb366cf68cd9d5afb433725d28f07e51a0
691,0b713e0455d01999d5a027ddc2ea8527eb085b34
692,8fff0f92a4aca90b62c6e272eabcbb0257ba38d5
693,6d37e1eb90054cdb6323b75fb202f78ece604b15
694,c079420d7c55d8972db716a2695a5ddd606d11cd
695,184085284185011d7cc6d054b54d2d38eaf1dd77
696,45f8053be5c635b50c7b4ef5a0dc75d30f411291
697,310981d49a332bd329303f610b150bbe02cf5f87
698,e06493cb7b790623a9106241a8d496ecea703328
699,06dec37455c3f800897defee6fad0da623f26050
700,48978abfa4d8f2cf79a4b053cc8bc7254cc2d61b
701,5e6f2f45639f727cba43967858eb95b865ed81fa
702,3b461d9ecd633c4fd659998b99e700d76f58d18a
703,9412547e7a58c40e7be5acacaf15cc48057cb18a
704,b90c0206faeb0883fba1c79fe18aa72affb9988e
705,de1a84e56e81347cb0d1ec67cc86944ea98bb9a9
706,204c9dec2c3876d20558ef5bda4dbd6edaf59643
707,6c2d894a2f8f7a29ec6fc8163e41c24bb70c3109
708,53f32a22daa40b713fef477054290d8adbeb6f71
709,54794113a6a906b0f9c6bfb9da322e18e007214c
710,dcaa016610ac2c11d7dd01803f3515b02ab32e64
711,20fd254101553cb5a4c932c8d03064899112bee6
712,c35c60fa916e92916442a98f4af123704bb9692e
713,9b4e15ba13f62cff302d978093633fc3181a8475
714,1af8de200c4d3357bcb09e7bbc6deece00e885f2
715,5e86e9262fc637dc58f487ae32e6d0a340b173ce
716,43ef1e52bfe359f0f051a607a8dc77cc3b269508
717,7299961657b5591a3257b21e40f3047db27f221c
718,297c20226d3330309c9165d789749458f8f4ab8e
719,75dc29620e8bf22aa56a55c0f2bc1b85800e84b1
720,926a93e54b83f1ee596096f3301fef015705b627
721,3de24ae2ed6c58fc96a7e50832afe42fe7af34fb
722,919bf321987712d9143cae3c4e064fcb077ded1f
723,d283223a5a75c53970e72a1016e0b237856b5ea1
724,1c70b7650f21fc51a07db1e4f28cebbc1fb47e94
725,24587ce433aa30f30a5d1ed6566365f24c222a27
726,1808465855a8e2ce554b024ad5ff530457584aed
727,62a85eb09f3e33d7b8948bb96c67859d712b34e3
728,d7b58f1461f71ee3c028360eef0ffedd17d6a076
729,838cb4583dd68a9d7ef3bd74b9b4d33f32f177fc
730,e1f6845391078726f60e760f0ea68ccf81f9eca9
731,7320f9bd190afb7639cd21e956e7300fdd84c0ee
732,0abee534f0ad9bbe84d8d3d3478ecaa594f1e0f4
733,a7af6cd2eaf9f6ff491b9e1fabfc9c6f3d0f54bf
734,96941b12f8b465df21423275f3cd3ade579b4fa1
735,3e991dbc310a4a33eec7f3909adce50bf8268d04
736,e41acb757327e3226ffe312766ec759c16616588
737,f414154418c2291448954b9f0890d592b2d823ae
738,3f749f7ed443899d667c9e2b2a11bc595d6fc7f6
739,7143904700435265975d36f073cce2833467e121
740,cc70f174169f45c85d459126a68bbe43c0bec328
741,064623014e0d6dfb0376722f24e81027fde649de
742,7d29c72f64f8637d8182fb7c495f87ab7ce86ea0
743,10494feae0c2c1aca545c73ba61af6d8f743c5bb
744,bb1fa5b2182f384cb711fc2be45b0f1a8c466ed6
745,5a4b11a901703464b9261dea0642d80cf8d4856c
746,c4bb02abf2c5b1724f2f848c79da5ebbf2584e45
747,033d8081525a7137085ec898e2426a58056ee2b8
748,02757535b58069ce8258108d89d8172a53c358e5
749,520dde48d0d52dbbbbe1710a3275fdd5355dd69d
750,5989c85b535f7f623392d6456d8b37052487f24b
751,72e66bb270efa3dc55560a4b2657e065cfdf2ea5
752,e82d95bf63f57cefa02dc545ceb451ecdeedce28
753,1c751fcf488189e5176546fe0d00f560ffcf1cec
754,e9e1adc036643c6b126237903b8e79ab379b1d32
755,c439d88e99c35a5f29f071715addfee8cbb215dc
756,d187e7dea9540d26b7800de4eb79863ef5f574bf
757,b0adb9f543fbac16ea14c64eef6ba032a9919039
758,781df499836e4216939e0febdcd5f89d30645759
759,8028a28885dbd90f20e38922240618fc310a0a65
760,5e92583d38e11d39deb429a39725443111205a4a
761,3ae25f244bd471ef77002c703f2cc7ed6b524f11
762,17db4bfeaa0074298db622db38a5b0459518c4a9
763,8bd05c9db2e9c1c77fd06d490e5d4136acd6821c
764,4f369176b750c980682a6be468cefa8627769c72
765,e2b5647ab92eb478b3f7b36a0ce6faf83e24c0e5
766,0dcf9dbebbd53aaebe17c85ede7ab7847ce83137
767,e5226e3007d6645c6d48d3c1b2762566184f3fc7
768,be0d5d3bbebf0912c27bf41ce27b5ba214e61e19
769,d34d6503786bbe429c10ddb1879519cc9bd709b6
770,6bfe42a3be4fbf8bc6f93a4709038fda8ad0610b
771,3c5e65c339a9b4d5e01375d7f073e444898d34c8
772,de6e633420aba1fe5d806a2725a95e610699ae7d
773,24d07e45d4e2e5222043b9a4447aa6c384069d4f
774,222dcf79377df33007d7a9780dafa2c740dbe6a3
775,054f991c4350af1350af7a4109ee77f4a34822f0
776,8ebae466a399f4373b4cc881936d8de9d4b946ed
777,43b149fb885a27f9467aab28e5195f6f03aadcf0
778,73c20bf32524c2232febc8c4b12d5fa228347163
779,19a6d192d53ce6dffe998ce110adab1f2efcb23e
780,8a1ce4899fb9f751dedaaa34ea654dfbc8330852
781,a7444570764b0a08b7e908dc7931744f9dbdf3c6
782,028c6a5dba01e5d82c34701f40d15916c9d3e9d0
783,348c1389842c4d9a8807a41cf22caaa82f81d7ab
784,0c00391f77359efdbf9dbd26d4c8186be8839922
785,1a5c6fcef131c60db4bc8852ca96445b9cb3bfac
786,b0cafdb6ccff9add89dc31c45adf87c8fa906aac
787,6e268b9ee32eb93d1a757c6073dd69e86b9df617
788,68abc1b4e9afbb6c2a87689221a46b835dded102
789,aab99d31a927adfa9216dd14e76493a187b6d6e7
790,0b9cae42426e14060bc6182c037fd715f35a2d23
791,ad1a8466e9c10fbe8b455dba17b16973f92ebc15
792,cef73b563864d5f8aa1b26e31e3b9af6f0a08a5d
793,8beae59144827d81491eed385dc2aa6aedd6a7b4
794,d88afabdfa83be47f36d833105aadd6b818ceeee
795,81bf870848cf9faeec5ab2d40acff27085466698
796,f116a84ef8bf8a201c1a67154fda6990e4222074
797,4134ff0c657efcbf0f61eff0423215afd6132837
798,25b315e6cad7c27b62dcaa2c194293c1115fdfb3
799,c1fd9cacba8e602cc55a893f0beb05ea48c3a1f6
800,8fb1d1c7f3ed1b62625052a532b7388ebec71bbf
801,01cf649c4f96f64fb4bd09e0e1811cabcc5ead2e
802,17591d90e6873f30a042112f56a1686726ccbd60
803,47a2940da97caa55bbb8bb8ec1d51c9f6d5041c6
804,fe2fcb48039ac897242e2cfaed31703fa6116db7
805,127bf1bb07967e2e4f99ad7abaa7f6fab3b3f407
806,c9c1c0e54d34773ac2cf5457fe5925559ece36c7
807,02c8072eea72425e89256347e1f373a3e76e6eba
808,b0a03feef2cf4daa7642ec7f4dc479dbd473b581
809,776d183c82b424ef7c3cae30537d8afe9b9eee83
810,5d4dafe8fdea49dcbd6b0e4c23e3791fa30c8911
811,73178c75565e20f53e6ee1478f3d976732c64438
812,ce1572d16f03d383071bcc1f30ede551e8ded49f
813,675921040ee4802aa9914457de62af746bc3657d
814,90b11439b3d4540f48985e87dcc99749f0369287
815,0f24713468088fa7617d208572179d558e1f286b
816,a71d1364ae87aa388128da34dd0b9b02ff85e458
817,4fe7c7bd1eeb4ae954e750e521e6d72dc8ff5225
818,efd3b11a47ec553f68ab6aa714167f3aee2ecf56
819,3074f575a3c84108fddab3f5f56eb1929a4b2cff
820,c409e23abd128dad33557025f1e824ef47e6222f
821,0e0904a2fce3c4447c24f1752307b6d01ffbd0ad
822,f958c1c3e292aba98d283637606890f353a9836c
823,5a3533e779d8e43ce0980203dfd3cbe343cc7d0a
824,c06c58bbbb2de0c22cfc70c486d23a94c3079ba4
825,f51dfe616b24b4234199c98ea857a586a93a889f
826,e2ab79d5ea00af45c083cc9a6607d2f0905f9908
827,63e0aebe22ba41c636ecaddd8647721d7690a1ec
828,865e7cc38d2b7cf2d4f7e7b04ccb7b17791a693b
829,9040d83bc2cdce06dab0e1bdee4f796da9a9a55c
830,18a8a9b1f4114211cd108efda5672f2bd2c6e5cd
831,5eef1e6c6a8b6202fc6db4a90c4caab5169e86c6
832,65d1f0f716f50dd14b5dfe1e7fac772f1b4d2be0
833,cc71d4fa372f6eb187c68dbd8358de4003ace3fe
834,158af162eac7348464c6751c8acd48fc6c117688
835,be88383e15a86d094963de5f7e8792510bc990de
836,bf665a958631125a1670504ef5966ef1a0e14798
837,c17b1abff8f8c6d24cb0cf4ff4f8c14a780c64b0
838,3554713a163c58ca176ffde87d2c6e4a91bacb50
839,153c2f9ac12846367a09684fd875c496d350a603
840,bde1d6a61593aeb62370f526542cead94919b0c0
841,dedbceec1ef33ccd88101016de969a1ef3e3e142
842,de8ab313e1fe59f849a62e59349224581ff0b40a
843,5320adc863ca85b489cef79f156392b9da36e53f
844,07f46afc733b1718d528a6ea5c0d774f047024fa
845,c62263340edb6976a10f274e716fde6cd2c5bf34
846,fbfd0ab9d70f557c38c7bb8e704475bf19adaf02
847,3000b4b29f9165f436f186a8c1ba818e24f90615
848,44c7c62bcfca74c82ffc4e3c53997fff47bfacac
849,fd6e8f0e2269a2e7f24f79d5c2041816ea308c86
850,82f0874453991510216779926d795b0a4e07e854
851,9e2c763dbb5ac6fc5d2eb0759402504d4b9073a4
852,68df47aca55e99406b7b67ef3d4b1008abf1b8b6
853,772c213ec702c80d0f25aa6f30b2dffebfbe2d0d
854,f73891e0b9640e14455bdbfd999a8ff10b78a819
855,e3f8a033679261aaee15bda0f970a1890411e743
856,b7b5e17876f65c6644505c356f1a0db24ce1d142
857,670891496a82538a5e2bf981a4044fb6f4cbb062
858,004e29cba518684d239d2d1661dce7c894a79f14
859,8674054d3402b400a4766fe1c9214001cebf2106
860,46f80a307392bee6743e5847eb5243bf5fcd00a4
861,daace6014216b996bcc8937f1fdcea732b6910ca
862,dd784a8822497ad0631208d56325c4d74ab9e036
863,6959061f02b02afd4cef683b5eea0b7097eedee7
864,738b4cc548ca48c010b682b8bc19a2f7e1947cfe
865,3fd39b87bda77f3c3a4622d854f23d4234683571
866,a6290e51e402e8434d6207d553db1f551e714fde
867,10e1c0e638774f5d746771b6dd251de2480f94eb
868,9c15d079df2418a1412269a702f3a7861daee61c
869,d91c6755ae46dfd1d9c8777830ab993b269e3051
870,180fd3e0a3426db200c97170926afb60751dfd0e
871,55d6dad6f21dd4d50d168f6392242aa8e24b774a
872,665e175328130ab3eb0370cdd2a43ed5a7bed1d6
873,7a9e25c38380e6c62080d62ad38a4830e44fe753
874,cc97ea188e1d5b8e851d1a8438b8af092783ec04
875,083de00cb608a7414aae99a639825482bebfea8a
876,c1937dd19a23bd096a4707656c7ba19fb5c16966
877,f2093107196b9af62908ecf15bac043f3b1e64c4
878,4b4e329e49f8af28fa6301bd06c48d7097eaf9e6
879,02ac379e8645ce5d32e033f6683136da16fbe584
880,fa6347938fc1c72ddc03a5f3cd2e929b5694f0a6
881,5d84c7fd83502aeb551d46a740502db4862508fe
882,3893e8c576cf1a6decc18701267ce7cd8caaf521
883,03d77af9ec4ce9a42affd6ab4381ae5bd3c79a5a
884,e79962f2f3955485aecf32939207d8ee6ccd2704
885,a3981c28c956a82ccf5b1c61d45b6bd252d4abed
886,040e46979d5f90edc7f9be3cbedd87e8986e8053
887,f893e262500e2f183de88e984300dd5b085e1f71
888,0ad8eeb4d365c2fff5715ec22fbcf4c69c3340fd
889,7151011b38a841d9d4bc2e453b9a7cfe42f74f8f
890,1ea49916acc46b0a74e5c85eef907920c5e31142
891,50b89d05b7bffc212cc9b9ae6e0bca7cb90b9c77
892,2f84a686604b298537bfd4d087b41594d2aa7ec6
893,7d5160883542f3d9dcb3babda92880985398e9af
894,a99743d053e84f695dc3034550939555297b0a05
895,9df54f5325c2942bb77008ff1810e2fb5f6d848b
896,dd16b52cf785ae06026bd00e8e6bedfffa791f5d
897,97594c29b723f372a5c4c061760015bd78d01f50
898,23ddff4b2b2744c3dc84d928e144c541ad5df376
899,3694ba48f0db0f47baea4b005cdeef3f454b7329
900,04d417a7ca8ef694658b26fb697a035717414731
901,f00df40cfefef0f3fc73f16ada1006e4dcfa5a39
902,c7ac027d5fd7a80d3122a9269b2bb9c28c6a57db
903,4ecbe1b92f4c4c5b2d734895c09d8ded0ed48d4d
904,ee2e741ac16b01d9cae0eadd35af774547bbd415
905,4f15d94cfec86130f8dab28ae2e228ded8124020
906,c07187823a98f0d1a0f58c06e28a27e1abed157a
907,e6145772eda8d6d3727605e80a7c2f182c801003
908,7569cf6cb85bda7d0e76d3e75e286d4796e77e08
909,a36a76ac43c36a3b897a748bd9f138b629dbc684
910,40d59ff5eaac6df237fe3d50186695c3806b268c
911,9785ed40d7fe4e1fcd440e55706519c6e5f8d6b1
912,d57a594b8b4cb1a6942dbd2fd30c3a97e0dd031e
913,d3c90b74edecc527ee468bead41d1cca0b667668
914,c82f16c15e0d4bfc54fb890a667d9164a088b5c6
915,34777184cd8cab61e1dd25d0a4d5e738880a57b2
916,eeed38eaf8c6912f3c51ba83903b67835a699f86
917,7f3c778fd0ab0298d71e756990051e7c073f9151
918,b44d1b8fcf00b238df434cf70ad09460b27adf07
919,c6b8eb71a9638c9a8ce02d11d5fe26f4c5be531e
920,ed84cd068419550b4a1b88a41e73f1870c3967e4
921,83a6ace0d1be44f70e768348ae6688798c84343e
922,ce99f51d2e8cbcb1565c9e7a729183bd74a0c2bc
923,f252cb5d161e064d39cc1ed1d9299307a0636174
924,07fcbea516cda66498b9346467a34733f14e8605
925,93f35569fd4e7dc1e4037d3df538a21c526f9c5d
926,e5c307c50a660f706799f1f7f6890bcec888d96b
927,a1e40b1f5d651305bbd0ba05779263a44f607498
928,bc6c56e940fe93591a1e5ba45751f1b243b57e28
929,6b34e745bb8bdcf5a8bb78359fa39bbe8c6563cc
930,ad0dadaa251b031a480fc2080f792a54ed7dfc5f
931,640f942337e1ce87075195998bd051e19c4b50b9
932,e576c1ed793fe8ac6e65381dc0635413cc18470f
933,8f3f73abc1fe62496722476460c174af0250e3fe
934,3fdce814348fae34df379a6ab9655dbbb2c3427c
935,2f523fa0c930f55a42c4c070efb24f87df33e6c2
936,aeb80348dd40c66b84bbc5cfe60d716fbce25acb
937,905fdf0c243e1776c54c01a25b17878361400225
938,08c1972a0661d42f300520cc6e5fb31023de093b
939,21fde57f15db974b710e7b00e72c744da7c1ac3c
940,3d0c3af0a76757c20e429c38efa4f14a15c9097a
941,de14d35f77071932963a994fac5aec0e5df838a1
942,1487c9af20a333ead55955acf4c0aa323bea0d07
943,280afe0ef384433eae2076cda569c5f1b3e49d42
944,e4065376d2b4eec178a119476fa95b26f440c076
945,8a5a58506c35f35f41cd1366ee693abec2916153
946,c96d14abae5962a7b15239319c2a151b95f7db94
947,e420fd4592615d91cdcbca674ac58bcca6ab2ff3
948,1bf9012380de2aa7bdf39220b55748defde8b700
949,8f0490e22b4c7f1fdf381c70c5894d46b7f7e6fb
950,990af630d0d569880edd9c7ce9932e10037a28ab
951,c1e87e384d1878308b42da80bb3d65be512aab55
952,0caade634076034182e22318eb09a6df1c560576
953,82b598b963a21ae9d6a2a9638e86b4165c2a78c9
954,aefe79890541bc0829f184e03eb3961739ca8ef2
955,746a558de2136f91f8fe77c6e51256017aa50913
956,c7911807050227fcd13161ce090330d9d8daa533
957,93581fbc18c01595918c565f6737aaa666116114
958,8e558041aa0c41ba9fb2ce242daaf6d6ed4d85b7
959,707e501832fa7adde0a884c528a7352983d83520
960,b56ad2b1ec19fd60fa9d4926d12244fd3f56aca4
961,0197262a358fd174a188f8246ae777e53157610e
962,258bff2c3f54490ddca898e276029db9adf575d9
963,5e00a5de14ae2d80471c6f38c30cc6fe63e05163
964,4d28e8430d11323f08657ca8f3251ca787c45501
965,3bfb639cb7352aec572ef6686d3471bd78748ffa
966,9543fc0e08a21680961689ea772441c49fcd52ee
967,1f0de3c1c85a41eadc7c4131bdc948405f340099
968,734dfbfcfea1ed1ab3a5f18f84c412a569dd87e7
969,ceaf77ae43a14e993ac6d1ff34b50256eacd6abb
970,85c6ce61930490e2247fb4b0e22dfebbb8b6a1ee
971,b90bf520fd7b979a90d1377cfc2ee7f0bf82c705
972,add9d1bba5cf33218a115428a03d3c76a514aa86
973,afb21bf22a59c9416c04637412fb69d1442e6826
974,db2fb84b4a3c45daa449cc9232340193ce8eb37d
975,16fab6b0ef3dcb33f92df30e17680922ad5fb672
976,bfc8c79c8dda7668cfded2a728424853a26da035
977,22691556e5f0dfbac81b8cc9ca0a67c70c1711ca
978,ac1ab6b9db188ac54c745558d57dd0a031d0b162
979,fcb88f9211e39c705073db5300c96ceeb3f227d7
980,6af7b43b34942c662122e3905b0724b2dd40a63f
981,697a5e5517e32c5ef44c273e3b26662d0eb70f24
982,bbd8d7def149e787a33ed0decf332d33c593e93c
983,df64fa79d678e354efe3969a6ba25d964128ce18
984,731462a04f8e33ac507ad19b4270c783a012a33e
985,3f94e64aa8fd806ae1fa0156d846ce96afacddd3
986,d9ad78908f6189719cec69d34557f1a750d2e6af
987,d935e0a9d9bb3d3c74e9529e161648caa50696b7
988,473d7552acb19f440a0cb082e6d3cba67579bd5a
989,ae33abf71b353c638487948b775e966c7127cd46
990,ef9fd920c3241e05915c231bef50e3e51a655ce6
991,8efc6e986554ae66eab93cd64a9035d716adbab0
992,dec9aa3b37c01454065a4d8899859991f43d4c66
993,0cba495120bc5a889ceeb8d66713a053d7561be2
994,6491cbf065254e28bca61c9ef55b84f4009ac36c
995,f48273c13c9e9fea2d9bb6dda10fcaaaaa50c588
996,22dd65f58e12cb3a883d106fcccdff25a2a00fe8
997,fc0e6944a531c806cf4fd83141646f264fa19af3
998,bcf3643f94643b76a51cfab0a68871d106eef8af
999,93dd0c518d040155b04e5ab258c5835aec7776fc
1000,ecc5631351e81bbee4befb213f3053a4f31532a7
1001,d107b3b910d8f434fb15b663a9db4c2dfe0a9f43
1002,153dd49b74e1b6df2b8e35760806c9754ca7bfae
1003,4996c53949376153f9ebdc74524fed7226968808
1004,cfc696f4a4289acf132cb26baf7c02c5b6305277
1005,fd1325522549937232f37215db53d6478f48644c
1006,4eb41879ce774dec1d16b2281ab1fbf41f9d418a
1007,742da0868534dab3d4d7b7edbe5ba9dc8bf26cc8
1008,565e7a8d4ae7879ee704fb94ae9b3da31e202d7e
1009,c09b31eb8fa83d5463a045c9278f5874ae505a8e
1010,6a06c4b03c4dd86241fb9d11b4360371488f0e53
1011,1471ee7af5a9952b60cf8c56d60cb6a7ec46cc69
1012,97a1aa2c70b1bf726d5f572789e150d168ac61e5
1013,d3e071658f931f601cd4caaf00997ae411593a44
1014,d3f4a2119634134320ebeb1ddbe0c49db080c040
1015,cb19880cd8d54d09fdd13cfad1914b8b36328a5a
1016,2f1468429ff3d4a3e577d708880a3e28186d2585
1017,799e13161e89f1ea96cb1bc7b507a05af2e89cd0
1018,300807c6e3011e4d78c6cf750201d0ab8e5bdaf5
1019,cfb25b27c0b32a8a70a518955fb269314b1fd716
1020,9f5647d62ee569a4c8bdc242adcb8d4e05c662f9
1021,63d168cbb8ebe80bfcf91a4d5070f1d9f3ec7aca
1022,44e501ace38ea6e6535a8731e045681175d170ec
1023,5fd0294ff8960982cfb3b901f84bc91a9f51bf28
1024,14e75758ab1ea19da377d30ccc2297b7082af651
1025,32214706113789e9f2f2befe2cb1eadad41743ee
1026,ba327ee54c32b11107793604895bd38559804858
1027,979bf946d5fc7c15c2fdaa2e6c4df07bbbb74d93
1028,2c1bfb497f31ff402796b57b617a9075c6044e4d
1029,83fe3b5e10f8dc62245ea37143abb96be0f39805
1030,b78cf13bf05f0eadd7ae97df84b6e1505dc5ff9f
1031,cba826d00173a945b0c9a7629c66e36fa73b723e
1032,3ed1ae10052e456d4efb13b2e51b5a43f7b1609a
1033,d58a3507ed2d48eabb857c92aecead19a52f4952
1034,9e33954ddfe1148f69e523c89827feb76ba892c9
1035,763b83ee84cbb6f263218c471dd9198dd6bee411
1036,7d16776d28da5bcf656f0d8556b15ed3a5edca44
1037,de7af295c2047f1b508cb02e735e0e743395f181
1038,24e6c187fbaa6874eedbdda6b3b5dc6ff9e1de36
1039,6327ea570bf542983081c5d1d3ee7e6123365c8f
1040,fba9cc8466dccdcd1f6f372ea7962e7ae9e09be1
1041,d4895c9de6ca9c3ac4461cf6f86cd88eb63e0720
1042,4133c1b0abb22f728fbff287f4f77a06ab88bbe8
1043,313c6ca43593e247ab8cedac15c77d13e2830d6b
1044,12ab7f7e89ec9e102859ab3b710815d3058a2e8d
1045,445f1790ade1c53cf7eee1f282395648e4d0992c
1046,16c4c03c71394ab30c8edaf4418973e1a2c5ebfe
1047,4fbf748bf85b18f32a2cd32b1b1881d24360626e
1048,ca00cc70d6f01c0253a5bc2c22089cc54b476462
1049,c7307acdad881d98857f0b63328fe9c420ddf9c3
1050,73d9067226671adb6410ccfb4d5ca2f00283c82b
1051,1e978b17d63d7ba20368057aa4e65f5ef6e87369
1052,3b049abf102908ca72674139367e3b8d9ffcc283
1053,c66d64b3df9d9ffba0b16a62015680f6f876fc68
1054,7c92351f43ac4b1710e3c80c78f7978dad491ed2
1055,3d4dd14cd563cef2aee791dc7c15d247c076f9a1
1056,1da5822e6a60e024ae31cd722ca04abb2e7aed43
1057,d2b2932d8be01dee31983121f6fffd16177bf48a
1058,50ada2a4d31609b6c828158cad8e128c2f605b8d
1059,576c43fb4226e4efa12189b41c3bc862019862c6
1060,74daf622de4e534d5a5929b424a6e836850eefad
1061,12e740bba110c6ab017c73c5ef940cce39dd45b7
1062,09cbf3df20efea09c0941499249b7a3b2bf7e9fd
1063,64df08b64779bab629a8a90a3797d8bd70f61703
1064,0c03297bf0e87944f9fe0535fdae5518228e3e29
1065,98057583dd2787c0e396c2658c7dd76412f86936
1066,dadd13f365aad0d9228cd8b8e6d57ad32175b155
1067,bebd2e1ce10a460555f75cda75df33f39a783469
1068,ccdf21f56e4ff5497d7770dcbee2f7a60bb9e3a7
1069,73d80ec49713605d6a589e688020f0fc2d6feab2
1070,7fae7995ba05e0333d1decb7ca74ddb7c1b448d7
1071,b034f2565f72aa73c9f0be1e49d148bb4cf05153
1072,0e9a750a8d389b3a17834584d31c204c77c6970d
1073,17af727e38c3faaeab5b91a8cdab5f2181cf3fc4
1074,d43e1f06bd545d00bfcaf1efb388b469effd5d64
1075,5014d6e2568021e6958eddc9cfb4c512ed7424a2
1076,77f74539ec7a445e24736029fb198b48ffd50ea9
1077,f5fe63f7b8546b0102d7bfaf3dde77379f58a4d1
1078,21a7bfd5c324e6c82152229f1394f26afeae771c
1079,dce1610ae376af00712ba7f4c99bfb4c006dbaec
1080,b9dcbe5e1ba81135a51b486240662674728dda84
1081,3c3eebc8734e36e61f4627e2c517fbbe342b3b42
1082,e3fd93f149ff0ff1caff28a5191215e2a29749a9
1083,5a02e3a2ac8a25d92d98d3b3b0d1173dddb9cc91
1084,444a2bbb67c2548d121152bc922b4c3337ddc8e8
1085,9c29c557635caf739fde942f53255273aac0d7b1
1086,d32337b1effd5359e1ce7e46893767c908d4b16a
1087,e103adf45ae3e80626554370691987d8297dda0c
1088,2be448260d8115969e3d89b913c733943f151915
1089,f88a67bf08a66bd0291c11776a0c7c3928738ed9
1090,f28b1a4c41d41e069b882bac06a68b2c45eb156c
1091,acf7ef3154e094875fa89f30a78ab111b267db91
1092,4289ac9d8dbbc45fc2ee6d0250a2113107bf08d0
1093,ec873a4fd20a47cf0791456bfb301f25a34ae014
1094,a04f2bea67c9abf4149d33ac6c319cd4f85344d5
1095,f8c7c1f21aa9d1fd38b584ca8c4adf397966e9f7
1096,7d8e2ca7f8667d809034073aad2ea67b3b082fc2
1097,d0957954398658b025fdac3b9a07b477e79520b9
1098,0ea2d8c12e49e30df6bbfa57d74134b25f96a196
1099,e58f275678fb4f904124a4a2a1762f04c835eb0e
1100,fbfa9be7e0df0b4489571422c45d0d64d05d3050
1101,3a7494dfee714510f6a62d5533023f3e0d5ccdcd
1102,9c289a5cb46e00cd60db4794357f070dfdf80691
1103,d3ae3e1e894f88a8500752d9633fe9ad00da5f20
1104,59d52631eb86394f1d981419cb744c20bd4e0b87
1105,8941a4abcada873c26af924e129173dc33d66d71
1106,0e6833006d28df426eb132bb8fc82917b8e2aedd
1107,32ec269d08313720aae3b47cce2f5e9c19702811
1108,5536f3181c1e77c70f01d6417407d218ea48b961
1109,cfcd746689c2b84824745fa6d327ffb584c7a17d
1110,f2b3525c17d660cf6f082bbafea8632615b4f58e
1111,14c4a62c126ac5e542f7b82565b5f0fcf3e7fa5a
1112,c284c4e1f6f684ca8db1cc446fdcc43b46e3413c
1113,1c9f95cb771ac78775a77edd1abfeb2d8ae2a124
1114,a6fc300e91273230e7134ac6db95ccb4436c6f8f
1115,9a2b65a3c0c36316aae0a53aa0f61c5044c2ceff
1116,b297029130735316e1ac1144dee44761a12bfba7
1117,d5861aba9d80ca15ad3f22793b79822e470d6913
1118,93f92c0ed7442a4382e97254307309977ff676f8
1119,f44ba910f58083458e1133502e193a9d6f2bf766
1120,eaac60a1e20e29084b7151ffca964cfaa5ba99d1
1121,f340b6b3066033d40b7e163fd5fb68e9820adfb1
1122,344e3aab87178e45957333479a07e07f202ca1fd
1123,7bd14cfd40500a0b6462cda647bdbb686a430328
1124,75db14864d2bd9b8e13154226e94d466e3a7e0a0
1125,c132538a164cd8b55dbd7e8ffdc0c0782a0b588c
1126,4e6f8fb150ae09c7d1de6beecb2b98e5afa5da19
1127,bac0d661af6092dd26638223156827aceb901229
1128,9c4b99861cda3f9ec44ca8c1adc81a293508190c
1129,b74366481cc87490adf4e69d26389ec737548c15
1130,e41400c3c8aace9eb72e6134173f222627fb0faf
1131,d8aaa771e249b3f54b57ce24763e53fd65a0dbf7
1132,ec228976156619ed8df21a85bceb5fd3bdeb5855
1133,5d680cae486c77cdb12dbe9e043710e49e8d51e4
1134,51eb750263dd710434ddb60311571fa3dcec66eb
1135,05839d164836e544af79c13de25802552eadd636
1136,8c273b4162b6138c4abba64f595c2750d1ef8bcb
1137,70a68b328b856c17eb22cc86fee0ebe8d64f8825
1138,dd8e257d1ccf20f4383dd7f30d634010b176f0d3
1139,94c67a76ec1fda908a671a47a2a1fa63b3ab1b06
1140,49b0207dc9327989c72700b4d04d2a714c92e159
1141,badf0d0e0d1d9aa169ed655176ce9ae684d3905d
1142,5056877e8bea56dd0f4dc9e3385669e1e78b2925
1143,0a9ac0248b6514a1e83ff7e4c522424f01b8b78d
1144,695f7146bca342a0ee192d8c7f5ec48d4d8577a8
1145,48dd6a4c79e33a8f2dba8349b58aa07e4796a925
1146,52e00f70663a87b5837235bdf72a3e6f84e11411
1147,56ae32657e9e5d1e30b62afe77d9e14eb07cf4fb
1148,cc41245fa3f954f961541bf4b4275c28473042b8
1149,8bb70b068ea782e799e45238fcb093a6acb0fc9f
1150,89e8d556b93d1bf1b28fe153fd284f154045b0ee
1151,ffbca84519011a747e0552632e88f5e4956e493d
1152,f051f834036e63d5e480d86440ce39924f979e82
1153,90848d507457d30abb36e3ba07618dfc87c34cd6
1154,969eda4a02faa7ca6cf3aff5cd10e6d51026b845
1155,19c7c7ebdef6c1c7a02ebac9af6a24f521b52c37
1156,a75f927173632eee1316879447cb62c8cf30ae37
1157,76e019d9bdcdca176c79c1cd71ddbf496333bf93
1158,c1bcef876c1415e39e624cfbca9c9bdeae24cbb9
1159,116c581d2658571d38f8b9b27a516ef517170589
1160,7539ae59d6c354c95c50528abe9ddff6972e960f
1161,d5ed2108d32e1d95b26ee7fed39e8a733e935e2c
1162,b0f422c3861a5a3831e481b8ffac08f6fa085d00
1163,c99fc9ad9b600095baba003053dbf84304ca392b
1164,23370554d0f88b82154d4232744b874cc58c7848
1165,7c3e8995f18a1fb57c1f2c1b98a1d47590e28f38
1166,88d8de9260edf6e9d5449ff7ef6e35d16051fc9f
1167,7f5e8aa2606b0ee0297ceb6f4603bd368e3b0291
1168,a091ee676b8707819e94d92693956237310a6145
1169,a7c19d9c21d59fd0109a7078c80b33d3da03fafd
1170,28ea4e3142b88eb396aa8dd5daf7b02b556204ba
1171,4807d381bb113a5c61e6dad88202f23a8b6dd141
1172,b6935ffb4dfb1d9fdf36ba402ac07bd02978c012
1173,710a68cec27a94c2df10d8b4022a755a94a5443b
1174,f94f3624ea81053653a06560808cb71f510c6828
1175,3323b156f9c0beb0b3c2b724a6faddc6ffdfe99a
1176,3cb82047f2f51af553df09b9323796af507d36f8
1177,0b19122d434e39eb117ccc3174a0688c9c874d48
1178,310a8cd06299e434d94a1e391a6eb62944112446
1179,e6b466084c26fbb9b9e50dd5cc8b25da7533ac72
1180,32b4bcd6d31b92b179a15f9886779fc5f96404b5
1181,c3a86faa53c9e49efd595802adc38a6d412ce681
1182,428b903859c3d8873045fdcfffdebe24fc6e027f
1183,b42ad165bb93c96cc5be9ed05b5026f9baafdfa2
1184,cac9b1dea1bb44fa42abf77829c05bf93f70cf20
1185,6fb7d6c4f71be0007942f7d1fc3099f1bcf8c52b
1186,7b2dca5b12164b787ec4e8e7e9f92c60a3f9563e
1187,1c4553d67de8089e8aa84bc736faa11f21615a6a
1188,a6e883feb3b78232ad5cf636f7f7d5e825183041
1189,1b36f148891ac41ef36a40366f87dd5405cb3751
1190,8ef167a5f9ba8a79bb7ca98a9844fe9cfcfea060
1191,de4feae3cd2fef9e83cac749b04ea9395bdd805e
1192,2c100209f0b73e882ab953993b307867d1df7c2f
1193,534065efeb51ff0d308fa6cc9dea0715f8ce25ad
1194,22daeba59b3ffaccafc9ff4b521abc265d0e58dd
1195,1737d45e08a5f1fb78515b14321721d7197b443a
1196,9a75c18290fff7d116cf88a44f9120bf67d8bd27
1197,16f2c3ea46a330bff7fae33f2521eb36a6280f04
1198,5b0596648854c0c733b7c607661b78af7df18b89
1199,1bd3d61f4191767a94b71b42f4d00706b703e84f
1200,aec966b05e8df9d459dae88d091de1923e50e2dc
1201,e0559f238009e02c40f65678fec691c07904e8c0
1202,59c3c233f4366809b6b4db39b3d32c194c98d5ab
1203,301bff70637983426d76b106b7c659c1f28ed7bf
1204,b0c95a1d698888df752bd62e49838a98268f6847
1205,a5925c1631e25c2dcc3c2948cea31e993ce66a97
1206,9d27541a856d95635386cbc98f2bb1f1f2f30c13
1207,094aa597155dfcbf41a2490c9e462415e3824901
1208,defc54c69aadc510c6f77e13e57f003646c461bc
1209,ce084d3e06b14897174426665dada0464260da89
1210,55e3ae6930af4730b01956ac5f60d0b0d2931134
1211,ac527b5205ec2826677e2b7ad0d424aa976bce81
1212,18b6ec14716bfafc25ae281b190547ea58b59af1
1213,5fef6e3513d6023a837c427d183006d153c7102b
1214,56e9e97073cf1896e301371b3941c9307e42ff77
1215,4f175850985cfc4c64afb90d784bb292e81dc0b7
1216,8ec25cd67e7ac4a8165917a4211e17aa8f7b394d
1217,02d0a1ffd9adb4bf898905095318eb099ed1807f
1218,92fd7f321c4c1c58e07e74ddaaa4932c7c27bcf4
1219,ed075e1ff60cbb3e7b80b9d2f2ff37054412b934
1220,99d2e4e00711cffbfaee8cb3da9b6b3feab8ff18
1221,a97001d21757ae214c86371141bd78a376200f66
1222,0295ad40def41b9a8ccefaaa1a7658899fb632a4
1223,c685b5f56a69abdf77e07e852b9bb2c6f2e715c9
1224,7c36ee46d974021474d8098f87f70440a10319ee
1225,e319ac92e597d95eba5b787bb7a5d5499bb3f87c
1226,2119e518d31331e65415e0f817a6f28ff18d2b42
1227,9241e1e7e66574cfafa68791771959dfc39c9684
1228,0b9ccd55c2986957863dcad3b44ce80403eecfa1
1229,89671a27e783d77d4bfaec3d422cc8dd468ef04c
1230,a86f84102e10a6ca6325c604bc76d81b0f53eba3
1231,2f51e72356babac703cc20a531b4dcc7712f34af
1232,ff601cf71d226082e156c4ff9a8f5593aa7a2085
1233,804515f821086ea685815d3c8eff42d76b7d9e4e
1234,623c2ec4ef3776bc5e2cac2c66300ddc6264db54
1235,a802c69b130b69a35b372ffe1b01289577f6fafb
1236,44c1e1ab1c26560371831b1593f96f30344c4363
1237,5ae20cf1a96a33f5de4435fcfb55914d64466525
1238,17781d75308c328b11cab3658ca4f358539414f2
1239,1a28625355d75076bde4bcc95a72e9b187cda606
1240,6353425af76f9cc9de7ee4094f41df7a7390d898
1241,e3133f4abf1cd5667abe5f0d05fa0af0df3033ae
1242,3eee9e02463e10570a29fad00823c953debd945e
1243,a00181418911307725524641254439712e95445b
1244,d0ecff28545ac81f5ba7ac06957ced65b6e3ebcd
1245,4acbda4a96a5d6ef9065544631a3457e8d7b1748
1246,fc64e83f9538d6b7e13359a4933a454ba7ed89ec
1247,4506dad8a9613d4b6b319c0240119927265a67c1
1248,584e767d372d41071c3436f9ad4bf77a820f12b4
1249,b19a28dea098c7d6188f8540429c50f42952d678
1250,f83fedc9f20869ab4c62bb07bac50113d921207f
1251,0b59170001be1cc1198cfc1c0486ca34633e64d5
1252,2d085c13b7f715dbff23dd1f81af45ff903d1a79
1253,722369ee5532c94eb7dd0cbda3b7365fc2f52026
1254,f6255d7b7cc4cc5d1f4fe0e5e493a1efee22f38f
1255,9610efc252c94f93689d45e320df1c5815d97b25
1256,99cbc51b3250c07a3e8cc95c9b74e9d1725bac77
1257,32365f8177f913533d348f7079605a282f1014ef
1258,92fc0a8f9619a8e7f8382d6a5c288aeceb03a472
1259,466d011d3515723653e41d8b1d0b6150b9945f52
1260,6a064ba8f271d5f9d04acd41d0eea50a5b0f5018
1261,09a91d98bdecb86ecad4647b7ef5fb3f69bdc671
1262,9fdc7a840daa64d1302d12027fd84ea9894110a1
1263,2b2c94a3ee89630047bcdd416a977e0d1cdb1926
1264,bfc5569a53510bc75c15384084ff89b418592875
1265,543577a1e8c0904048b73008fa7c4cee33f69894
1266,9b7679a97ed2622081390301af8735e62055492d
1267,bdf32847b1ffcb3aa4d0bef058f86e65656e99fb
1268,403c8d5a60b2712561044e320d6f9233ed3172bf
1269,42e8c381b15dd48c2f00c088c897ebdd25405aef
1270,f69998ace6b2e0665e45839c3e98c77a18be442a
1271,6c1f7ba8f627a69cac74f11400066dd9871d9102
1272,8dd29fe36b781d115213b1d6a8446ad04e9239bb
1273,79b05481a2cff7a0aa34146c72068cc6e41e2241
1274,4bdfda92a1c570d7a1142ee30eb41e37661bc240
1275,e2dbafdbc5e50fcf2554bf51939ce0cd363d8806
1276,27e42c1de502da80fa3e22bb69de47fb00158174
1277,89cebf4932ff966cc876ba8a9ecd9d9c034fb071
1278,e15a319ccd1125584c09c38ca90b252324df6998
1279,61133cb8a69e7814c3450e84ce9cc9226d7e8ad8
1280,e103c4a5e72bab8862ff49d6d4c1e62e642fc412
1281,e853afb416cdbfa3078c00295b0b3da4bcaed62e
1282,2f8a938805ce3c182d61bab8f66b9ff6d90dc83b
1283,270916f8cd8ba01341f2a38a8376e9e4be08a2e8
1284,19e17acf2dbb058d17efcc3c01633c1583590af7
1285,c01152dd22093e9f5d2aa533598e4d4209d30922
1286,a77505d4d3e5db4413d7fa76610265792d949c64
1287,954ef96c495268e3a22b7b661ce45c558b532c65
1288,cf133e611020ed178f90358464a1b88cdd9b7889
1289,c0632cec04e5b0f3fb3c3f27c21a2d3f3fbb4f7e
1290,1b575ef5d1b8e3e672b2fca5c354d6678bd78bd1
1291,ede35c88e02323c69a5a6feb7e8ff4d29ffb0456
1292,c2d0d700b551e864bb7b2ae2a175ec8ade704488
1293,64cc9e572e0213d5dea241b2b48ecdd68a5c6c99
1294,098a2c41fcc46ba079106b2c9eb31197c8cb3bc9
1295,11be22bb5e4784578c2f9ec1b80b30b2cf0ac3c7
1296,aa3d16d68b7ebd9210c330905f01590ef93d875c
1297,d53e11ffce3f721886918c1cb4525478971f02bc
1298,e97ab1d9807134bb557ae73920af61e8534b2b08
1299,72a349a95d7661cd442851b62e7e830f213ed05c
1300,8656af98c000877a815c38df8827af8e9981bcac
1301,60caa92deaf6941f58da82dcc0962ebf3a598ced
1302,f85ed9a3e55083b0de0e20a37775efa92d248a4f
1303,13049745391f97601ebc1402e77210638d908e40
1304,52a180f25fced92cb504a7e013dcc3b7c1f86625
1305,bc03c8b3faacd23edf40b8e75ffd9abb5881c50c
1306,382d5a82b0e8ef1dd01209e828eae67fe7993a56
1307,940626b72499d8914141c0452bbf5ad689951f28
1308,5668c42edf20bc577305437622272bf803b6019e
1309,5fa4ba0cfb126bfadee7451fe9a46cee3d60b67c
1310,d8f77e11a42bf664a02124a8b6830797979550b4
1311,6170e40c152a9fa9cca32318dc6bcf9d298723b7
1312,d3d9c7bb0a5397c88e601703ba2b69fc4b92b0a5
1313,3f9247de1e0395a40071e80cd989e06eb1a85446
1314,2a80a4cd39c7bcee44b6f6432769ca9fdba137e4
1315,733f2c0b98208815f8408e36ab669d7c07e3767f
1316,da7db9abf61b85860ace714d34ab17810c775e25
1317,e348f14259d3e8699319e7c2fe220902de255f44
1318,28d35c85789edb060dda47a984b5b3f0a27d8bf0
1319,80565ce253c6efc0d5b5966122d3e81262e5c82f
1320,027ed2d11b861a4b38c62452d26ce446794792af
1321,db801cf3f26a5452b341dafbcd3efea64d177d83
1322,8bc304f97ee693b57f33fa6708eb63e2d641c609
1323,e4b36df2c0ae3bdba4484f9f92461dbb528d8fb9
1324,300ec1a74cb14867c22e616e657566d510426331
1325,ca1433b94a702b17e6a1940e59a85af2caaf50fc
1326,d332958109d7dc20fef9367fe645108f72a820d4
1327,13c5c1fb4b88e15c6cd09e6e275a9fc03f3085bd
1328,949d71283932ba4ce50aa6b329665e0f8be7ecf1
1329,1bc672366d6818eaa86f00cfb5af74891fff33e6
1330,6c4552c65045cfe82ed95212ee7cff684e44288b
1331,5c50f682539b4af04b6536e75214bedd7187574b
1332,f7bd1ab5862c38a9ae93c6c6f27919c529e8fb6d
1333,f16dfb91296c49c4a3f82a77327d235b210f6226
1334,3e4cfe9dbcabc6c3d91b4ad0f0c5834bf5d740d6
1335,58674d54baedc048ae9bf237f268dce5f3d06d77
1336,4ec7f631aa23bc0121656dd77f05767f447112c0
1337,257d01a6b8241c244b932104d2e7c6817d530fd9
1338,88d9de26dda1c91132fd909b0995492388dc5fac
1339,5172190da19a2750e00e1eac00cebfbca1f3c173
1340,85fd552ed6304967f25574baef3cf9657957bcb1
1341,df8aa7ba8a99cbc172f09155cbf98157fbfdf323
1342,6ef45301a46c47c12fbc74bb9ceaffea685ed944
1343,614a5cc600b0ac01c5d03b1dc5fdf996ef18ac0e
1344,303ee3fce0d320a330d6b80662b13f6daeeb9c16
1345,bae5baae5281d01dc8c67077b90592be857329bd
1346,78a403fab92c263937e96a1673cf5edce7a8185d
1347,9b3211a194b28cbc0c7c389857cc0a80a783f49e
1348,9ff77b198ea6e19a7cbed949fe2be863266a29b5
1349,c6a45e6f67abc99d1953d915b96e65a3e2148cf1
1350,fc5bd6da77d2266a48fedddba792db50459848f8
1351,1e0facb60d25015aa32328d8ca4769a0042b1637
1352,9e73be38a53214780512d0cafedfae9d472cdd05
1353,e9f3f62b2c0f521f3cc23fef381fc6754853ad4f
1354,7d318bfe907ab22b904d118e4ff4970af32b0e44
1355,1e87694f2bc0dea3eaaef936dc8552b3ba421539
1356,8949bc7a3c1133bc17dac25111b222a788b826a8
1357,568512cc82562f9f7d7da0a47bc59fafb86f3ebc
1358,ac808e2a02d67ed6210986704b84c8079791b123
1359,8b6232b1190a5d388a216a90009d7c5d9b5c246d
1360,e561e92765da75bf54f01eb28950d84c56402751
1361,abe370f97132a835e8a7cf15d4ecbffb0d49eafd
1362,5700c39c895c1a340c40043900a25d7da383dab1
1363,d6a479b1f806451d75c05d046203d2989041767d
1364,4576dfde191a6277759ee6b2bb58f89d24278cb3
1365,fc65e0fe2c8a114feba47d8f7b63628a676dd24c
1366,870f972dcc7b2b0e5bea2ae64f2c9598c681eddf
1367,06713959668c6d8015bd79b79f22cdb5fb5a32e1
1368,1a3858a7694a189f434846b132b828e902273620
1369,b71c130fc6a5b0d25d60337c21cfd9c0203ab036
1370,c341de8b3e1f1d3327bd4ae3b0d2ec048f64d306
1371,e11a55827e7475aab77e8a4ea0baed7c14059908
1372,a6506f0c8a35effe82e23726976cf0cfc031ceaf
1373,d26642dbbc92cfbbe1ed7407b8c2a60ecf7d2104
1374,f83000597f250868de9722d8285fed013abc5ecf
1375,7548a8826d6113121b6bda1ea99ca835374220b6
1376,8ecbb67b3b29bb4fffa5863de3a82921ddf20bb3
1377,7ed008853933d0227cce9e00538a6cf3732d1937
1378,545c7ee00b5d4c5b848be6b27b3820955a0803d6
1379,d98aa2a18437dcff4c0ffe3acc1fa58b27062bd0
1380,44c28d7515c929aa589fc85f67efeba0728cea4c
1381,121f9338cefbb1c800fabfea5152899a58176b00
1382,abef84a868e9e15f346eea315bbab0ec8ac8e389
1383,3002a3bf3cedbc2362144f883db25c47bff988c7
1384,c09675779b5669119ed225bd4eb69c9c12c9be51
1385,0345f1174d6019374ed5451140e01c224508bc0e
1386,db39f45bafc44271db8d8ec7cdb09734e5dedb37
1387,128ea37bda3dbc1d6ba2af762c7453ab7605d430
1388,c4acfe7761bde41e9d26c5ab3a670ab86165cf9b
1389,1941d35d1e250f707c0d70782e568c0887741dfa
1390,8535df72614800ba789286e569a39ea6e84b3354
1391,163f4a45dfb7c7e14e8456377a73741e1ebae983
1392,4855bfe16bf187825c1e8779b5518353dce9f0cc
1393,2efa6f5dd3e5690780a542918fdcf40e551b54fc
1394,c02c86e4e81a20774d27bf39b34bae782d195e93
1395,7fe750674e85d596aa7e788bf207c3b2073ea7cf
1396,eb037a8180be4ab7570eda1fa9cbf3c84b92c3f7
1397,a838699ee06eaa993c6db859d112b16f363f433d
1398,a7a3935c97d1fe6060cae42bbc9229c087b648ab
1399,6378d4bc06cd1bb1a209bd5fb63d10ef52d75eb4
1400,7f36cd2aa5e066a807d498b8c51645b136f08a75
1401,956f6e988cf83cf68f6cea214b3d9045920bca55
1402,eef5e6d348e7025f48e8f69026254e07efe80894
1403,cd481773c3577da5df3e1c0eb3b0a8c3c327684a
1404,c5d8a51f3b956c226d38f8fdc9ec644839e8b2f2
1405,2c775f418f5fae4dbf3adfbb5ea99cd030918d41
1406,bd05339171db00c2f2dd89702f9500ed6e1e321a
1407,a23ad25ba43ec0974986b3ffdb4df671c8c8b9ae
1408,076186e8815ba6381f14941e05a6ec15348369ba
1409,76bc9db7493a53fc89d9549ac366226701491bc5
1410,f725d472f51fb80c6ce1882ec283ff69bafb0de4
1411,21db2f86f7c196c535e8f0b5675ae48cb2c372f7
1412,233c214a752771f5d8ca9fb2aea93cf1776a552d
1413,0cd436be66c0972bddefac41827799c0a644ec12
1414,c6938eab57532a80f7126bf00ae0dfa66dcdfaa0
1415,6f687691ef6212c125f4023fcd79839ee9244049
1416,275e044ba856467333635716f9c1cc347e5d7e82
1417,b10344956d672fca495d0684b351ab5cf9f210d8
1418,da576a737c2db01e5ba5ce19ed0e8f900cb5efaf
1419,a42d894a4090c97a90ce23b0989163909ebf548d
1420,2e28622d8aeb9ce2460e803bb7d994196bcc0253
1421,93e71e60e6a2cd0a5752faf43bf42719a6056951
1422,eb8c420edb48315ae4d2ea76c3af51c87f33d810
1423,239ee3f5611889683e4a432a544bd790633680f1
1424,cdea520ff8954cf415fd98d034d9b674d6ca4f67
1425,44c1c03924c9e829f84b0c1344feb699e062a5d7
1426,a4382f7fe1c36a51c64f460c6cb91e93470e0825
1427,80a89873b20aa07e2522bed5da0fc50e616246d9
1428,19b8c714369802d9057a98076edea94dd0cc3e9c
1429,fb60c2a170b40e80285c1255f0635d5ab319cd35
1430,441d4c953e223a1dd482a9275860a3a75cefc957
1431,29dc59ac29361b30d59ae9bd8aa06bd031169600
1432,9b61f90987d7ccf8bd74ec5078e4babff3c2a2b8
1433,9562b26914f9a0c513e34b9b90cdec60067ef055
1434,0a0383936653efc0bf6f588338270e0967601936
1435,e026412d9c77ceade19da9b51859f5d9b0eb0634
1436,56a0b5421e41f46a65375c0e5ef9993e9502f93e
1437,b5a2ed6a37fd8f6630a7b22791a07a45f5aeb556
1438,5cebe587c7132fa6ea502084d45e0d8b203481b8
1439,882f54b0a323fb5cd827d600b3c3332e1fcdf65a
1440,2e71a6e7ba20743e22a234f5209c1b120f2a7948
1441,1febd373ea806326d269a60048ee52543a76c918
1442,cdcd43cbf2479b258f4c5cfa0f6306f475d25cf2
1443,54c5087a3ae306ad766df81a5a6279f219b2ea47
1444,2dd6807e421c96d0aaafc57ceb48f50f66f9d2e7
1445,2d5de25a999e0e5580cf4024937b61e6c9265672
1446,29ebd9336c23a0f7228c5123a8906fab3346b8c0
1447,fd2bf55abaab08798a428d4e47d4050ba2b82a95
1448,16da714ea5af9105a98e03d71321949d18590506
1449,4e073f3c5093e136518e456d0a3a7437ad9867a3
1450,332e252a1448a27cfcfc1d1d794f7979e6cd331a
1451,a717d219a66d0e7b18b8ff392e1e03cd2781c457
1452,538b8d101cf06b059288f013579dafaafa388bdc
1453,36fa1980c24c5c697982b107c8f9714f3eb57f36
1454,6103cf196081ab3e63713b623fe2ca3704420616
1455,94eb66593a328dd3fcecc5f5f1772d82843ec14f
1456,4c37a8a3f4a489b52f1919d2db84f6e32c6a05cd
1457,d3ec8b173558075535133869c5ae3b19b403265c
1458,0a2afcec7dac9b18e876f10072e7615f190def88
1459,fdcd0e71b9bdf64bc73c27cdb7cce69d349cd641
1460,f15eee18cc1f37babcda161d705900e9a94e57ea
1461,7dff3b125de23a4d6ce834217ee08973b259414c
1462,c6ab7165dd11a0a7b8aea4c805409088e9a41a74
1463,ba3f6330dd2b6054988f1f6f0ffe014fc4969088
1464,8d3eed33eee0d6e5d2e4d4907869ca6226d9e37f
