commit_id,ent,aexp,ndev,ns,age,asexp,la,ld,target
0,2.50196221329662,0,0.333333333333333,4,140.888888888889,0.0,8,425,False
1,3.5682386374510098,0,0.52,3,3.44,0.0,1761,4,True
2,2.4244603290926903,3,0.166666666666667,1,2.0,2.0,90,43,False
3,2.6937400547328902,4,1.25,2,1.625,1.4375,25,25,False
4,0.0,5,1.0,1,2.0,3.0,2,5,False
5,1.5494202231687502,7,0.2,1,2.2,5.0,83,3,False
6,1.30644248476978,399,0.333333333333333,1,4.0,150.0,47,25,False
7,3.50183586341219,438,0.133333333333333,2,18.9333333333333,9.94992599160441e-35,105,63,False
8,0.591672778582327,569,2.0,1,43.5,229.0,5,2,False
9,2.64517910631538,650,0.5714285714285711,3,44.3571428571429,1.2220608900434289e-54,90,24,False
10,0.970950594454669,705,1.5,1,51.5,274.0,25,0,False
11,0.0,104,2.0,1,13.0,47.0,2,0,False
12,0.0,53,3.0,1,2.0,37.0,9,7,True
13,0.6193821946787641,1,6.5,1,7.5,1.0,12,1,False
14,1.53673448692421,41,3.0,2,1.25,0.0341818376518859,190,1,False
15,1.08184446446765,42,0.333333333333333,1,0.0,8.0,79,3,False
16,0.0,43,0.0,1,0.0,9.0,0,27,False
17,0.0,44,1.0,1,0.0,10.0,3,4,False
18,0.0868905182727847,45,0.5,1,0.5,11.0,173,10,False
19,0.0,46,1.0,1,0.0,12.0,63,6,True
20,0.689201985117366,47,0.5,1,0.0,13.0,72,4,False
21,1.7521809702992202,738,3.75,1,28.25,276.0,79,13,False
22,1.7521809702992202,738,3.75,1,28.25,276.0,79,13,False
23,0.7871265862012691,740,3.0,1,0.0,278.0,15,2,False
24,2.06628704702797,48,0.2,1,0.8,14.0,359,100,False
25,0.650022421648354,743,4.5,1,1.0,280.0,19,5,False
26,0.970950594454669,6,3.0,1,12.5,5.0,20,0,True
27,1.76665964486247,53,0.2,1,2.0,18.0,617,32,True
28,1.37878349348618,55,0.333333333333333,1,0.0,20.0,3,4,False
29,0.890491640219491,57,0.5,1,0.0,22.0,16,10,False
30,1.96536317556494,58,0.2,1,0.4,23.0,78,78,True
31,1.12792195819582,59,0.333333333333333,1,0.0,24.0,130,10,True
32,0.616166193400536,60,0.5,2,0.0,4.12319422962021e-09,57,2,False
33,0.99699542655577,67,0.5,1,1.5,32.0,61,1,False
34,0.70246655129039,68,0.5,1,1.0,33.0,12,9,False
35,0.8321842672305308,71,0.5,1,1.0,35.0,106,4,False
36,1.13509353224791,72,0.333333333333333,1,4.33333333333333,36.0,93,3,False
37,1.58496250072116,74,0.333333333333333,1,0.0,38.0,0,3,False
38,1.42369119835861,77,3.75,3,0.75,0.0041829675809852,226,83,False
39,0.200622324312715,79,0.0,1,0.0,5.0,63,1,False
40,2.71527039688004,148,0.5714285714285711,1,10.4285714285714,71.0,24,6,False
41,3.5073106171516204,92,1.125,2,12.5,0.7315985634866309,133,51,True
42,4.15225989060875,24,0.647058823529412,6,29.8823529411765,0.19997797115531,248,251,True
43,1.78124465981075,154,2.0,2,73.0,0.98815656092944,18,5,False
44,1.29303505886076,157,2.0,1,1.0,75.0,129,172,True
45,1.40506909225623,99,2.3333333333333304,1,3.3333333333333304,52.0,51,4,False
46,2.68655951992575,65,1.6,1,14.7,57.0,78,24,False
47,1.11552009358193,98,2.6666666666666696,2,11.0,0.8760996056857951,82,2,False
48,0.426228656998145,103,1.0,1,2.5,44.0,44,2,False
49,0.312733376396643,104,1.0,1,0.0,45.0,54,17,False
50,0.0,106,2.0,1,0.0,47.0,2,2,False
51,0.967294778946894,108,3.0,1,8.0,54.0,7,26,False
52,0.9859690274511932,108,1.0,1,13.0,48.0,77,2,False
53,2.89900655534923,167,0.5,1,13.166666666666698,79.0,693,452,True
54,2.83762556048968,170,0.7777777777777779,2,3.55555555555556,8.2274789292443e-07,231,189,False
55,2.13054250365621,109,0.5,1,2.8333333333333304,49.0,21,11,True
56,0.8932629209154721,110,1.5,1,0.0,50.0,122,7,False
57,3.4761248213127898,175,0.444444444444444,1,5.77777777777778,86.0,208,97,True
58,2.61060366806093,178,1.0,3,7.888888888888887,1.32599945432946e-10,36,35,False
59,1.0,112,1.5,1,1.0,52.0,2,0,False
60,3.19237262569368,2,1.5,3,12.2857142857143,0.444444444444444,795,56,False
61,1.03986615288358,195,1.8,2,12.8,8.2274789292443e-07,232,26,False
62,1.15955475237873,17,5.66666666666667,1,18.0,10.0,31,3,False
63,0.0,16,1.0,1,2.0,9.0,5,3,False
64,0.073603483085624,17,3.0,1,10.5,10.0,112,0,False
65,0.0,18,1.0,1,0.0,11.0,4,1,False
66,1.8836636299749496,15,1.6,2,15.8,0.824920654296875,44,25,False
67,0.4055589397141699,3,5.33333333333333,1,18.0,3.0,37,37,False
68,1.49142934485635,51,3.0,1,17.6666666666667,40.0,52,0,False
69,2.46498823594406,135,0.875,1,60.125,76.0,85,118,False
70,0.836640741941167,19,4.5,1,29.0,14.0,13,2,False
71,0.954434002924965,22,3.0,1,0.0,17.0,13,3,False
72,2.79798664284235,162,1.9,1,17.1,86.0,129,112,True
73,0.79050138421537,53,4.5,1,3.0,42.0,37,22,False
74,1.5240869711223,58,0.75,1,18.5,46.0,58,45,False
75,0.91829583405449,59,1.5,1,0.0,47.0,6,3,False
76,0.0,155,9.0,1,0.0,44.0,0,1,False
77,0.4138168503036339,1,7.5,2,35.5,0.5,24,0,False
78,0.999609836367807,2,5.5,1,62.5,2.0,19,24,False
79,1.4382467639676202,1102,2.25,1,15.25,22.0,23,38,False
80,0.9503343840316568,120,4.33333333333333,1,5.0,60.0,33,10,False
81,0.0,1,1.0,1,2.0,1.0,47,47,False
82,0.0,2,1.0,1,1.0,2.0,1,10,False
83,0.0,3,1.0,1,0.0,3.0,2,6,False
84,0.836640741941167,107,1.0,1,0.0,14.0,13,2,False
85,3.78674212622782,108,1.81818181818182,3,3.63636363636364,1.4659640092928303e-14,626,170,True
86,1.6511972890008,110,0.75,2,1.0,1.09139364212751e-10,6,15,False
87,1.17830434838867,111,1.33333333333333,2,1.0,1.09139364212751e-10,20,9,False
88,0.0,1233,1.0,1,2.0,17.0,8,9,False
89,2.4400385127973,123,2.0,3,20.0,0.387449162613938,109,37,False
90,2.67475807911798,2,0.625,1,0.75,0.0,713,176,True
91,1.34940789481652,41,6.25,1,11.5,6.0,14,17,False
92,2.80190794984707,3,0.444444444444444,1,2.1111111111111103,1.0,84,282,False
93,2.9045640070263,120,0.7,1,10.4,24.0,347,228,True
94,1.83659166810898,3,0.75,1,1.25,3.0,5,4,False
95,1.40511588716318,25,0.333333333333333,1,1.6666666666666698,0.0,296,54,False
96,3.63244165446523,256,0.4285714285714289,1,8.33333333333333,132.0,255,56,True
97,3.837065869433,60,1.95652173913043,5,11.6521739130435,0.4996163633217539,109,80,True
98,4.21052099414709,1,0.1764705882352939,4,17.4313725490196,0.0,120,108,True
99,0.91829583405449,32,1.0,1,15.5,4.0,12,12,False
100,3.39446416696571,29,2.47368421052632,3,114.210526315789,1.69428631991609e-05,250,110,True
101,4.65364806335545,25,0.27906976744186,2,13.046511627907,0.999358475208282,423,385,True
102,0.0,17,2.0,1,33.0,7.0,14,0,False
103,1.37095059445467,32,2.6666666666666696,1,2.3333333333333304,26.0,5,5,False
104,2.4381157639277,35,1.42857142857143,1,0.0,29.0,13,15,True
105,3.23245094290937,216,0.545454545454545,2,21.6363636363636,0.988157383677333,529,33,True
106,2.83344905870746,135,0.125,1,10.625,73.0,4,32,False
107,2.3306295825086902,217,0.625,2,3.0,0.988157383677333,424,179,False
108,0.0,219,1.0,1,0.0,76.0,0,2,False
109,1.3724876138235802,220,1.8,2,1.6,0.988157383677333,169,33,False
110,0.0,222,4.0,1,0.0,101.0,1,1,False
111,2.8418867117564,374,1.44444444444444,2,6.44444444444444,0.8760996056857951,123,1,False
112,3.52622713245899,58,2.4,5,13.6,0.24999997883187,33,135,True
113,0.970950594454669,23,3.0,1,19.0,13.0,5,5,False
114,2.32524924003182,0,8.0,3,32.4285714285714,0.0,42,31,False
115,0.94566030460064,1,1.0,1,0.0,1.0,4,7,False
116,1.14883485428092,2,0.666666666666667,1,0.0,2.0,2,5,False
117,2.4823400716740887,228,2.4,2,34.6,0.988157383677333,159,117,True
118,1.6804922272881002,129,2.4,2,14.4,0.9999997613413292,39,9,False
119,1.42975380566706,130,4.33333333333333,2,0.666666666666667,0.9999997613413292,22,12,True
120,0.0,83,5.0,1,62.0,2.0,16,11,False
121,0.0,7,6.0,1,0.0,0.0,12,8,False
122,1.11984023878458,7,1.0,1,20.0,7.0,24,13,False
123,1.5636254885377905,1495,2.25,1,4.75,28.0,14,10,True
124,0.0,14,6.0,1,11.0,11.0,32,0,False
125,3.99635547897865,0,0.35,2,24.6,0.0,203,121,False
126,3.50802244913791,271,0.4,2,1.6,2.35213664534661e-38,67,76,False
127,3.28632606083017,2,0.3,1,1.0,1.0,2,33,False
128,4.32308111635152,273,0.2571428571428569,2,2.71428571428571,2.35213664534661e-38,383,646,True
129,3.94709185363931,510,0.4761904761904761,2,1.23809523809524,4.12319423102924e-09,80,34,False
130,0.0,34,8.0,1,9.0,2.0,1,8,False
131,3.42192809488736,540,1.33333333333333,4,12.0,0.328125968576387,2,18,False
132,1.83892059503159,310,2.0,1,2.0,155.0,11,4,True
133,4.08746284125034,312,0.588235294117647,1,9.29411764705882,21.0,17,0,False
134,1.51463312063548,157,2.75,2,12.0,0.7313544191363409,22,5,False
135,3.38210138959669,616,0.0,1,0.0,0.0,984,0,True
136,1.50920905932906,7,3.6666666666666696,1,54.6666666666667,2.0,52,21,False
137,3.09486412329215,1,0.0,1,0.0,1.0,56,92,True
138,2.56238541715634,10,3.2,6,16.3333333333333,0.166666732819353,154,88,True
139,3.871457162606,131,1.38461538461538,10,17.711538461538503,0.2323113231111,1946,551,True
140,2.11127789202784,134,4.6,2,2.6,1.4761570654967e-07,75,0,False
141,1.37095059445467,0,1.33333333333333,1,8.0,0.0,5,5,False
142,3.72122242362836,10,3.25,4,28.95,0.250020027160645,930,397,True
143,4.45566778215575,12,0.4,3,49.325,0.333566661209805,926,591,True
144,2.40162110331629,2,5.16666666666667,1,5.16666666666667,0.0,313,3,True
145,1.70181822559673,0,8.0,1,8.0,0.0,35,1,False
146,4.08325843102641,38,2.0416666666666696,7,37.7916666666667,0.143275052616503,252,153,True
147,5.64516932115284,648,0.7738095238095241,5,25.1666666666667,0.2496154879999469,614,130,True
148,1.86445733527803,4,6.5,1,3.8333333333333295,1.0,90,19,True
149,5.49688845514293,20,1.93877551020408,10,10.5102040816327,0.2011111115454239,58,5,True
150,3.77230304279078,1555,3.56,4,24.2,8.167737249116941e-61,296,284,True
151,3.17823242837383,54,4.36363636363636,3,8.18181818181818,0.4998475144822039,29,19,False
152,2.6798402271980404,69,2.0,7,19.5238095238095,0.452380952380712,185,116,True
153,2.19421795621934,323,0.9,2,18.1,8.2274789292443e-07,476,35,False
154,0.9790981671667148,6,10.0,1,4.0,5.0,45,8,False
155,2.72192809488736,1,1.85714285714286,2,22.0,0.5,2,8,False
156,1.45139715094797,324,3.6,3,22.2,1.32599945432946e-10,360,146,False
157,4.00577582513692,26,0.4871794871794871,4,16.7948717948718,0.250264754824487,390,329,True
158,4.6379468990604,12,0.725,4,0.625,0.317451477050781,69,72,True
159,5.654649814850888,144,1.0,4,14.6964285714286,0.33327198028566,405,480,True
160,1.8389219535088,65,3.2,1,8.2,53.0,17,22,False
161,4.25030148888071,32,1.6857142857142902,10,77.3428571428571,0.100110111554313,193,114,True
162,3.7447821290884704,326,0.222222222222222,2,4.83333333333333,2.35213664534661e-38,130,95,True
163,5.64870783249426,146,0.0588235294117647,7,17.1764705882353,0.166598663658493,1116,1,False
164,2.47439233589279,30,1.16666666666667,1,27.0,16.0,76,2,False
165,2.87217494817074,598,8.63636363636364,3,21.8181818181818,0.4629604308198549,189,135,True
166,1.54132232834923,37,4.75,2,33.0,0.501742843080137,358,334,True
167,2.62129768359924,24,6.375,4,4.125,0.3324140478628689,179,2,True
168,2.33547581379869,32,8.5,2,3.6666666666666696,0.0168806477449834,159,4,False
169,2.46452774765775,2,8.33333333333333,2,15.333333333333302,0.0,223,17,False
170,1.8843135277998,1,11.0,2,6.75,0.0,8,5,True
171,1.69893279900066,1,2.6,2,52.6,1.0,147,16,True
172,1.36153506647218,130,1.42857142857143,2,45.28571428571429,0.999358505009923,1222,32,True
173,1.0,0,12.0,1,17.5,0.0,15,3,False
174,3.85011084873784,48,0.947368421052632,1,55.7894736842105,22.0,330,70,True
175,2.2203952158108704,9,8.85714285714286,2,13.7142857142857,0.9140625,656,16,True
176,1.5119903608142,164,14.666666666666698,1,0.333333333333333,90.0,42,0,False
177,2.7695237383906504,132,5.428571428571429,1,9.85714285714286,107.0,222,11,True
178,0.950478326272379,50,3.5,1,72.5,13.0,100,19,False
179,3.226243072626,17,0.333333333333333,1,0.583333333333333,14.0,108,118,False
180,4.4133357684061,89,0.5526315789473679,2,8.52631578947368,0.248840093910974,1861,19,True
181,1.8332739969654297,4,0.857142857142857,1,1.0,4.0,162,4,True
182,1.07774401980103,39,3.6666666666666696,1,71.6666666666667,2.0,293,35,True
183,1.52296212986328,55,0.6,1,2.0,28.0,91,10,False
184,1.55424978975462,13,10.25,1,8.0,6.0,216,128,True
185,3.16018478642524,662,0.75,1,71.75,251.0,292,364,False
186,2.5203277795183303,667,3.28571428571429,1,27.357142857142897,255.0,144,23,True
187,2.5354087654982003,670,3.875,2,11.625,0.8746184090687449,193,73,True
188,1.4835669259835202,68,2.5,3,2.5,0.3349343250893939,418,306,False
189,0.807873853781851,11,2.0,2,1.0,0.31396484375,399,69,True
190,2.46088454362029,43,10.0,2,16.0,0.152630664291451,115,1,False
191,2.40033517114307,61,0.5,1,89.6666666666667,14.0,425,2,False
192,1.9038782853850504,4,1.25,2,39.5,0.0625,103,5,True
193,1.16562334286923,170,8.71428571428571,1,14.7142857142857,63.0,284,131,False
194,1.55527277445863,694,6.4,1,8.8,273.0,22,29,True
195,2.3366976516692,3,0.666666666666667,1,1.0,0.0,265,15,True
196,2.18835224052575,172,4.8125,3,15.625,0.0005105847897374,186,223,True
197,3.48504178297162,51,4.29411764705882,4,69.7058823529412,0.332444565437358,195,87,True
198,3.59544694698342,188,4.19047619047619,3,29.7619047619048,0.83738057550964,588,134,True
199,2.9898692076999303,71,4.11111111111111,3,63.5555555555556,0.346364017141625,21,18,False
200,3.5558475672786702,72,3.82608695652174,7,55.8695652173913,0.289047655121511,175,181,True
201,2.4283277452987297,13,3.2,2,31.3,0.495849609375,87,36,True
202,2.16056082019628,83,7.75,2,48.125,0.9614294470003628,310,106,False
203,2.87985573913881,1,6.8,1,22.8,0.0,892,5,True
204,3.17430411676059,86,2.3,2,9.9,0.0001220982740335,573,56,True
205,3.0272579923904703,144,3.6666666666666696,4,12.25,0.333333079082028,78,32,True
206,3.7734141242224895,19,1.75,1,5.29166666666667,0.0,620,146,True
207,4.1405693544737705,145,2.21621621621622,4,6.4864864864864895,0.333333079082047,1257,392,True
208,2.62303201282813,20,0.857142857142857,2,2.57142857142857,1.31386566162109,462,206,True
209,2.50511751402581,146,2.6666666666666696,4,1.6,0.333333079082028,272,23,True
210,1.7046510576920102,148,4.83333333333333,2,2.3333333333333304,0.999358505009923,79,26,True
211,2.37329496060432,149,0.125,2,3.1875,0.999358505009923,668,45,True
212,1.87603018084229,150,6.375,2,2.25,0.999358505009923,319,22,True
213,4.12759041468009,151,0.933333333333333,2,2.1,0.999358505009923,640,284,True
214,0.0,152,3.0,1,1.0,8.0,3,1,False
215,3.04239316523828,0,2.1111111111111103,1,104.888888888889,0.0,83,8,False
216,2.8159108008819103,710,0.4375,2,9.1875,0.374618408136797,191,40,True
217,3.23470499205117,260,1.26666666666667,1,104.466666666667,74.0,766,376,True
218,4.603172433030389,96,0.696969696969697,2,8.03030303030303,0.5084497497014829,2425,16,True
219,2.37769551233701,0,3.0,2,95.1666666666667,0.0,240,38,True
220,1.5655834557578,261,2.25,1,0.0,75.0,69,34,False
221,3.38519354465347,153,3.11764705882353,3,8.0,0.499993657946529,104,64,True
222,1.18462067822428,98,6.33333333333333,1,83.0,56.0,53,53,False
223,2.38215944699335,44,2.6,3,25.1,1.69428632099747e-05,651,143,True
224,2.39318818467202,194,8.71428571428571,2,5.28571428571429,1.52822944893866,269,172,True
225,0.551957291340845,183,27.3333333333333,3,60.0,1.91077581494998e-27,263,145,True
226,3.34157220965165,104,0.65,2,16.65,0.5084497497014829,382,437,True
227,1.29922947137353,184,2.5,1,12.0,9.0,8,33,True
228,1.15827765938942,98,2.3333333333333304,1,98.3333333333333,13.0,204,5,False
229,1.86211959204448,0,1.8,1,22.0,0.0,59,0,False
230,2.46186888489552,25,1.73684210526316,4,22.2631578947368,0.403892418100971,1140,182,True
231,2.4983152019323,27,0.941176470588235,3,8.647058823529411,0.62348128356097,1205,24,True
232,1.41829583405449,108,0.5,3,0.0,0.334940039811111,5,7,False
233,0.8748794614009159,83,8.66666666666667,2,29.3333333333333,0.501742842982375,75,3,True
234,1.0,63,1.0,1,33.0,37.0,6,2,False
235,1.1205261807578402,718,1.0,1,18.6666666666667,2.0,180,46,True
236,1.25162916738782,719,1.0,1,22.6666666666667,3.0,6,6,False
237,1.7909206271346,5,0.4,1,66.0,1.0,622,4,False
238,3.10131211463576,88,6.21428571428571,4,40.4285714285714,0.2539888788296769,45,32,True
239,1.3692695664008998,0,1.0,1,41.75,0.0,868,43,True
240,4.02905848677917,206,2.0434782608695703,5,58.6521739130435,0.45031938542797,216,232,True
241,2.09945306793185,0,11.4,3,19.0,0.0,21,5,False
242,2.17187978072682,723,11.6,3,0.0,0.129627097497154,8,13,False
243,0.0,159,1.0,1,63.0,12.0,2,2,False
244,1.82464091864337,727,1.7142857142857095,1,24.0,34.0,304,174,False
245,3.91696676898436,212,4.64,3,47.24,0.7208502362985051,168,48,True
246,3.40351225547694,3,3.0,1,41.3888888888889,1.0,375,33,True
247,4.15065181014234,734,1.96296296296296,1,6.7407407407407405,41.0,101,77,True
248,2.39747700630318,97,14.666666666666698,3,19.6666666666667,0.3347493554038089,62,0,True
249,1.51652544153057,37,11.857142857142902,3,7.28571428571429,0.485620428957332,69,55,True
250,2.8084804681632995,114,7.21428571428571,4,38.5714285714286,0.5823570241530749,254,75,True
251,3.4495396846801096,742,2.1785714285714297,4,9.678571428571429,3.217223493417518e-86,325,299,True
252,2.96374112867002,743,1.75,2,1.33333333333333,4.77944589990609e-58,114,45,True
253,2.73612107069129,744,2.375,4,0.0,3.217223493417518e-86,42,141,False
254,1.43654633380774,0,0.0,1,0.0,0.0,634,0,True
255,0.0,217,0.0,1,0.0,122.0,115,0,False
256,2.63476756338129,35,0.0,2,0.0,1.31386707024649,1791,0,True
257,1.6339623525141105,753,1.6,1,33.4,294.0,183,131,False
258,1.5398075932584798,9,0.333333333333333,1,0.666666666666667,1.0,170,15,True
259,0.8290590693996659,0,12.5,1,4.0,0.0,62,3,True
260,3.63666592610869,123,2.5789473684210487,1,18.4210526315789,74.0,160,119,False
261,3.9074034664209902,37,1.3076923076923102,3,7.3076923076923075,0.623478774657457,1753,156,True
262,0.0,127,1.0,1,0.0,20.0,2,2,False
263,0.640944184787529,4,2.0,1,58.0,0.0,41,2,True
264,0.995727452084926,161,2.5,1,5.5,134.0,6,7,False
265,1.20567792926789,130,3.3333333333333304,3,0.666666666666667,0.0013780840710116,215,1,False
266,3.08214189199229,353,0.294117647058824,2,13.470588235294096,2.35213664534661e-38,1048,262,True
267,0.91829583405449,0,1.0,1,2.5,0.0,2,1,False
268,4.35068898308298,52,1.65384615384615,2,2.38461538461538,0.6285706755588759,1357,350,True
269,1.0,805,0.5,1,0.0,14.0,2,2,False
270,1.8307513754265,1,1.25,1,0.5,1.0,287,66,False
271,1.27290559532006,53,6.0,1,2.6666666666666696,47.0,17,13,True
272,0.620771504949184,0,12.5,2,4.5,0.0,132,4,True
273,3.74584165571096,171,3.53333333333333,3,18.4333333333333,0.425908154506821,483,405,True
274,1.58707293457776,138,4.25,2,0.75,0.0162660334173097,216,0,True
275,1.80277207484684,780,0.7142857142857142,1,1.42857142857143,79.0,108,143,False
276,3.22159638317874,0,0.4,1,109.466666666667,0.0,12,28,False
277,3.16634929425092,138,6.33333333333333,6,36.6,0.338738908486483,40,49,False
278,2.66616624580574,151,7.81818181818182,2,0.0909090909090909,0.508298584740799,1308,1,True
279,0.99639061936777,7,18.0,1,1.0,7.0,87,12,False
280,0.923707206032194,155,14.0,1,14.0,5.0,89,32,False
281,1.57657673601589,0,1.0,1,15.666666666666698,0.0,221,1,False
282,1.494004136424,3,9.5,3,11.25,0.0,69,125,True
283,1.4293958904812198,0,4.25,2,84.25,0.0,322,91,True
284,2.27639206311503,57,1.0,1,44.4285714285714,5.0,364,10,True
285,2.8641698041897703,58,2.8333333333333304,3,32.9166666666667,5.40017309766307e-16,502,311,True
286,2.03699772405328,5,3.05882352941176,2,18.7647058823529,0.96875,929,461,True
287,2.01955875228515,49,0.7777777777777779,1,18.2222222222222,30.0,818,19,False
288,1.78528559285968,65,3.8,2,14.4,1.19216623316321e-07,71,11,True
289,3.97950182248264,50,0.606060606060606,2,14.030303030303,1.3138670702938,2426,263,True
290,1.0,2,14.0,1,31.0,0.0,28,0,False
291,1.51206872519654,160,0.5714285714285711,1,79.5714285714286,13.0,375,18,True
292,1.7867005881640698,3,7.25,1,5.5,0.0,180,59,True
293,2.3585849799165697,363,5.0,2,18.0,0.988157383677333,503,61,False
294,2.3585849799165697,822,5.0,2,1.0,0.8760996056857951,61,503,False
295,4.24278559139473,52,0.258064516129032,2,13.129032258064498,1.3138670702938,2658,174,True
296,1.29428138654648,10,4.25,3,35.375,0.5000084675439039,256,151,True
297,2.22471876902511,11,3.44444444444444,1,7.0,0.0,1259,1,True
298,2.13694140053974,2,6.0,5,20.8571428571429,0.04,124,15,True
299,3.34798404818516,14,5.43478260869565,4,48.2173913043478,0.3333333618938919,488,81,True
300,3.51110333096987,365,1.22727272727273,2,14.1363636363636,8.2274789292443e-07,686,207,True
301,2.3585849799165697,366,5.0,2,3.4285714285714306,0.988157383677333,503,61,False
302,3.7217421433386497,55,0.6363636363636359,2,7.31818181818182,1.3138670702938,593,274,True
303,3.1163981189638,10,4.375,4,16.5625,9.5367431640625e-07,635,111,False
304,3.1163981189638,826,4.375,4,0.0,0.332108815507354,111,635,True
305,1.7643769616141998,244,12.7142857142857,2,0.857142857142857,0.5029296875,125,24,True
306,1.88402738485374,18,4.0,1,0.4,5.0,256,5,True
307,2.78494340700482,19,4.0,2,5.3,0.0024280548095703,149,46,True
308,1.4766025874663895,61,1.0,1,171.666666666667,0.0,44,24,True
309,2.09780757938853,21,2.0,2,2.14285714285714,0.0024299621582031,157,5,True
310,1.99851089821086,3,3.0,2,21.1666666666667,0.875,104,27,False
311,3.42554696205682,78,1.59259259259259,2,54.2592592592593,0.907948453563211,1070,106,True
312,0.0,31,2.0,1,23.0,2.0,18,1,False
313,2.2481456261808703,23,2.6666666666666696,2,1.5,0.0024306774139404,130,26,True
314,1.5190773064889198,11,1.25,1,6.0,9.0,438,74,True
315,5.300453742307389,179,0.267857142857143,2,18.9821428571429,0.5084497497014829,671,805,True
316,2.43237123182967,24,2.8333333333333304,2,0.0,0.0024307966232299,160,31,True
317,0.91829583405449,62,0.5,2,5.0,0.0056534340801555,3,3,False
318,1.69440405053736,26,3.625,2,4.0,0.0024308860301971,543,492,False
319,0.0,247,2.0,1,0.0,145.0,41,0,False
320,1.4056390622295702,59,1.6666666666666698,1,3.3333333333333304,38.0,4,4,False
321,1.58202394096428,5,0.333333333333333,1,7.66666666666667,0.0,19,3,False
322,1.47502843527186,161,3.5,2,9.25,0.999358505009923,102,39,True
323,0.811278124459133,60,1.5,1,1.0,39.0,2,2,False
324,2.18954266079478,373,7.428571428571429,2,57.8571428571429,0.0001228939917154,147,33,True
325,2.16691773597512,0,0.2,1,16.8,0.0,471,8,True
326,1.0602364707018102,62,1.33333333333333,2,11.333333333333302,0.9999949490013392,278,0,False
327,1.3727571068150402,63,0.0,1,0.0,41.0,23,31,False
328,0.877223623073272,189,0.5,1,101.5,112.0,87,4,False
329,3.2538218900180502,841,3.0,1,27.52941176470589,115.0,706,26,True
330,0.7219280948873621,2,2.0,1,21.5,0.0,24,1,True
331,3.84454817495085,249,3.6666666666666696,5,10.151515151515198,0.4099359998279699,2767,64,True
332,1.91462132566554,377,8.0,1,1.0,190.0,9,180,False
333,4.83797123775014,192,0.382978723404255,2,6.1276595744680895,0.5084497497014829,452,213,True
334,0.0,250,1.0,1,1.0,147.0,8,0,False
335,0.9893882286604292,1,0.0,1,0.0,0.0,421,0,False
336,3.22726201308306,844,2.9166666666666696,2,13.541666666666698,1.7936620343357702e-43,772,541,True
337,2.79694782818946,846,3.0,2,9.2,1.7936620343357702e-43,747,761,True
338,0.585156990276229,252,5.0,1,10.0,149.0,47,10,False
339,0.9993634856727652,379,2.0,1,234.0,2.0,268,237,False
340,0.6722948170756379,834,1.5,2,0.5,0.8760996015626009,2,15,False
341,0.998474616194268,15,1.0,2,1.5,0.828094482421875,174,0,False
342,2.55772777873932,5,13.0,3,49.3333333333333,0.0041152263374485,15,3,True
343,0.99551756953235,16,1.5,2,0.0,0.828125,165,0,False
344,0.0,255,1.0,1,21.0,3.0,55,2,False
345,1.22760578126847,256,0.4,1,13.6,4.0,274,53,True
346,0.0,257,2.0,1,1.0,150.0,15,0,False
347,0.720041154035907,66,2.3333333333333304,2,15.0,0.9999949490013392,96,1,True
348,1.5535283578732,67,1.0,2,2.25,0.9999949490013392,351,32,False
349,2.39702215371525,86,2.3076923076923097,1,1.15384615384615,83.0,807,7,True
350,0.999057404266386,18,2.0,2,3.0,0.828144073486328,166,0,False
351,1.1981839479118,50,21.0,2,11.333333333333302,0.88366696242942,10,3,False
352,0.0,34,3.0,1,16.0,3.0,3,0,False
353,3.33251538184805,261,1.41176470588235,1,10.5294117647059,153.0,738,423,True
354,2.6159199819755696,863,4.25,1,18.125,129.0,32,14,False
355,0.974489403398052,219,2.5,2,1.0,0.523433970069803,192,0,False
356,2.9053678027132404,69,1.0,1,10.8461538461538,47.0,284,19,False
357,2.88894160094086,164,8.16666666666667,4,18.7777777777778,0.0631259233342121,1116,888,True
358,3.23844223348226,88,4.26666666666667,3,40.0,0.4856202198927961,147,192,True
359,2.78377715890796,160,15.8,6,18.1,0.1666667062685209,8,51,True
360,1.9185536318743897,4,8.4,3,17.4,0.506172839506173,5,27,False
361,0.0,36,2.0,1,43.0,5.0,3,0,False
362,4.61373368009969,166,2.0,3,20.5277777777778,0.6149277858981911,272,172,True
363,3.29222111086254,168,1.35714285714286,1,5.07142857142857,29.0,141,129,True
364,2.97968772820717,897,3.76470588235294,3,8.23529411764706,0.333333333333338,390,335,True
365,1.34553497854522,83,2.25,1,3.5,50.0,39,4,False
366,0.0,5,4.0,1,1.0,5.0,13,2,False
367,5.525191812327582,225,0.4838709677419351,2,19.93548387096769,0.5084497497014829,350,55,True
368,1.12461841959787,6,3.6666666666666696,2,3.0,0.984375,71,26,False
369,1.0540157730728,0,4.0,2,6.33333333333333,0.0,22,18,True
370,1.66749752106504,174,1.5,1,4.75,34.0,72,46,False
371,0.9994110647387552,52,1.0,1,36.5,21.0,33,2,False
372,2.71713477416171,176,1.0,2,8.2,0.0239257821813226,139,135,True
373,3.99715482331388,178,2.0,1,10.1025641025641,37.0,299,575,True
374,2.9248328619190698,180,1.6,1,3.2,38.0,615,311,True
375,2.24585362665286,135,6.8,1,94.0,35.0,56,8,False
376,1.58406955923267,3,0.0,1,0.0,2.0,223,0,False
377,3.63771285265818,17,8.8,8,38.2,0.142857142862656,35,21,False
378,1.5,120,31.6666666666667,2,37.6666666666667,0.627105712890625,4,4,True
379,1.894034403112,2,3.5,1,2.0,1.0,98,2,True
380,1.2998037552123,2,5.66666666666667,2,25.0,0.25,23,5,False
381,0.0,31,0.0,1,0.0,20.0,114,0,False
382,1.7004433687836298,5,0.6,1,27.4,4.0,258,4,True
383,1.6504520771911202,187,2.25,2,25.0,0.0239257821813226,210,112,True
384,1.80526170410352,3,3.75,1,0.25,2.0,108,0,True
385,2.11394277178609,47,6.71428571428571,2,1.0,0.9101562499999928,185,20,True
386,1.70281011210222,286,1.75,1,3.0,22.0,87,19,False
387,1.49704531117117,49,11.333333333333302,2,0.0,0.910156250000002,119,6,False
388,2.48514212939995,97,3.85714285714286,2,0.857142857142857,0.87451171875,1202,24,True
389,1.75466324336247,51,3.5,2,3.5,0.910156250000004,120,1,True
390,2.36746392458156,0,1.5,2,59.6666666666667,0.0,21,12,False
391,2.62965090003066,142,2.76923076923077,1,55.3846153846154,95.0,684,28,True
392,0.591672778582327,101,0.5,1,2.0,2.0,7,0,False
393,2.16681017151015,55,2.71428571428571,1,9.428571428571429,51.0,50,74,False
394,2.66957158098681,196,1.81818181818182,1,3.54545454545455,48.0,266,72,True
395,2.35484544343294,103,5.25,2,2.75,0.0056534340801555,136,14,True
396,1.7528739526986798,34,3.6,1,2.0,22.0,400,8,False
397,2.11691845385144,12,12.625,4,11.125,0.269539356231689,617,5,True
398,2.03943850172603,942,4.44444444444444,2,1.88888888888889,1.9902469005515798e-174,421,247,True
399,2.81329488541466,949,4.3,2,0.6,1.9902469005515798e-174,256,38,True
400,0.172036949353114,14,2.5,1,0.0,3.0,39,39,False
401,1.5749180366673503,15,5.0,2,0.0,1.3908386230468797,28,4,False
402,3.6857804319119305,294,6.0625,2,9.75,0.7313544191363409,243,26,True
403,1.08377646543878,18,5.0,2,0.0,1.3908805847168002,75,43,False
404,1.49719620054261,295,2.0,1,0.0,30.0,161,23,True
405,3.12808987092279,9,6.5,1,14.333333333333302,8.0,59,15,True
406,3.5341612928995096,124,2.53846153846154,1,4.48717948717949,111.0,3087,100,True
407,3.70964471020988,199,1.2,2,13.35,0.0239257821813226,444,135,True
408,4.28352984493055,1586,5.925925925925927,6,39.8888888888889,1.5073686209574684e-92,78,80,True
409,0.954434002924965,76,2.5,1,19.0,51.0,4,4,False
410,3.53365795261973,957,4.91666666666667,2,8.41666666666667,0.500000000931948,355,631,True
411,4.22851019791509,200,1.92452830188679,3,16.207547169811303,0.501832752836161,459,473,True
412,0.0,8,5.0,1,3.0,0.0,1,1,True
413,3.99749193892649,960,1.90243902439024,2,5.78048780487805,4.77944589990609e-58,647,433,True
414,1.12461070058087,962,3.8,1,0.4,212.0,77,40,True
415,2.53414772301795,965,1.5,2,0.8,1.9902469005515798e-174,262,438,True
416,3.19982656013021,966,2.2272727272727297,1,9.59090909090909,216.0,113,111,True
417,4.34475208944853,967,2.60714285714286,2,1.28571428571429,4.77944589990609e-58,105,74,True
418,3.2956388615257204,103,5.07692307692308,1,11.0,99.0,389,20,True
419,1.21980525052002,969,2.3333333333333304,1,0.333333333333333,219.0,58,8,True
420,1.44667066772176,301,1.0,2,12.0,0.7313544191363409,31,4,True
421,2.3763467624457904,73,2.25,1,1.0,69.0,50,14,False
422,1.81449487344616,126,0.2,1,3.0,113.0,187,101,False
423,0.9438767571287908,972,1.5,1,0.0,220.0,69,14,False
424,2.7087883531364305,974,3.25,1,3.5833333333333304,222.0,430,53,True
425,1.09633192773372,104,5.33333333333333,2,3.0,0.87451171875,41,26,True
426,3.21153797074446,983,2.5652173913043503,2,2.82608695652174,1.9902469005515798e-174,286,252,True
427,3.014698571149069,305,2.0833333333333304,3,17.8333333333333,0.387449162613938,112,65,True
428,1.85820560770199,15,1.8,1,7.8,13.0,348,104,True
429,2.22985510792727,985,3.25,2,6.875,0.374618408136797,35,67,False
430,1.8495930701897705,986,1.75,2,2.25,0.374618408136797,36,32,False
431,2.22985510792727,989,3.25,2,0.0,0.374618408136797,67,35,False
432,4.215158955710311,77,2.02941176470588,2,6.882352941176469,0.91015625,430,181,True
433,0.684038435639042,991,3.0,1,0.0,6.0,41,3,False
434,1.7226912665287502,235,6.25,2,10.25,0.0001220982740335,102,2,True
435,2.8825359200041096,992,2.7,2,1.1,0.374618408136797,138,161,True
436,3.3386735200245803,205,1.69565217391304,1,1.6521739130434798,56.0,237,125,True
437,2.5347413448945897,0,4.25,3,0.625,0.0,180,0,False
438,2.0210495466451,308,1.5,4,8.16666666666667,0.270584420301265,353,126,True
439,2.02793394404992,993,1.55555555555556,1,1.0,238.0,544,10,True
440,2.59763804997793,9,4.375,3,0.0,0.1680130061474369,261,2,False
441,0.816916232512792,309,2.5,1,8.25,8.0,280,11,True
442,4.4077760605373495,78,2.3,2,1.525,0.91015625,750,532,True
443,2.31011767808932,10,5.5,3,0.0,0.168063811410862,109,13,False
444,2.12505221383271,1,4.5,3,0.125,1.0,156,0,True
445,2.06831642202131,211,3.5,2,1.625,0.0239257821813226,243,27,True
446,1.56981554380164,17,0.0,1,0.0,0.0,241,0,False
447,1.26544971744927,236,0.666666666666667,1,0.0,142.0,118,9,False
448,3.1145926028718502,997,1.3529411764705903,2,5.35294117647059,0.374618408136797,823,215,True
449,2.9983592696421004,79,1.25,2,0.625,0.9101562500000052,1295,31,True
450,3.1026312848114705,9,6.5333333333333306,4,56.4,0.274738311767578,394,17,True
451,0.994693795361306,80,3.0,1,2.5,76.0,70,0,False
452,0.650022421648354,1001,3.0,1,0.0,246.0,11,1,False
453,0.0,1,9.0,1,0.0,0.0,30,10,False
454,1.61239841072057,41,11.0,2,30.0,0.006428241782487,57,15,True
455,1.04788372954232,1003,1.0,2,0.5,0.374618408136797,65,85,True
456,3.9870589949553,175,3.96551724137931,8,93.8275862068966,0.2521978146035949,167,107,True
457,3.03616688975125,63,1.5,3,29.71428571428569,0.0002201561415095,265,40,False
458,1.86784446674142,310,0.5,3,34.875,0.387449162613938,372,167,True
459,2.67239707490613,82,2.36363636363636,1,3.09090909090909,78.0,80,108,True
460,3.35410131485369,216,3.3125,1,6.25,67.0,122,50,True
461,1.34051710852772,4,1.5,2,3.5,0.4375,78,0,True
462,0.0,311,3.0,1,0.0,172.0,1,0,False
463,1.32642731585648,137,0.75,2,7.5,0.499907970137428,141,21,True
464,2.46074325504154,138,7.0,1,4.875,123.0,80,46,True
465,2.70516100459246,217,1.4,2,7.6,0.0239257821813226,183,61,True
466,1.59565071930174,119,1.25,2,1.5,0.468746238035237,71,11,True
467,2.41011678628249,259,2.25,2,18.0,0.9960629193446658,184,22,True
468,3.24902513430399,1011,5.65,5,4.75,0.0419999950782463,93,46,True
469,1.7939895078748995,25,9.4,2,15.0,0.624984681606293,309,0,True
470,4.3183033142419,1021,0.794871794871795,3,13.7692307692308,0.129627097486517,371,499,True
471,0.0,852,1.0,1,8.0,5.0,3,0,False
472,3.06870790258859,213,0.1875,1,8.5625,184.0,374,136,True
473,1.7562667708087,85,2.5,2,3.3333333333333304,1.07922617116137,199,76,False
474,4.847054954209192,16,0.7317073170731708,2,24.7560975609756,0.024627685546875,138,22,True
475,2.27405010156389,51,2.8,1,20.0,34.0,99,3,False
476,1.16194801542625,251,3.5,1,0.0,154.0,28,25,False
477,0.0,238,10.0,1,3.0,6.0,25,6,True
478,3.01057093426848,3,2.3333333333333304,4,12.444444444444402,0.0,19,19,False
479,1.4418294953139998,240,2.0,2,4.66666666666667,0.0239257821813226,11,45,False
480,1.424852889806,1027,1.55555555555556,1,6.16666666666667,264.0,386,349,True
481,1.36227169704137,91,2.5,1,3.5,63.0,74,7,False
482,2.81662357767356,410,1.84615384615385,3,45.0769230769231,1.32599945432946e-10,28,54,True
483,3.35059130554335,40,0.454545454545455,1,79.4545454545455,34.0,35,30,False
484,3.57431908889942,43,0.7857142857142858,1,196.42857142857105,37.0,71,74,False
485,0.9784493292686188,44,6.0,2,1.0,0.875000000102716,171,3,False
486,2.75231153865273,117,14.7,7,19.3,0.1870746610276401,122,37,True
487,1.93241644457589,118,3.84615384615385,3,70.23076923076921,0.4856773206627839,221,36,True
488,1.517764486904,72,2.5,1,89.5,21.0,54,52,False
489,1.6058474843727195,19,0.0,1,0.0,8.0,256,0,True
490,1.263834651282,274,0.333333333333333,1,0.333333333333333,173.0,66,43,True
491,2.7809421181750698,0,6.375,3,18.5625,0.0,574,64,False
492,4.3853405319907885,120,6.653846153846152,13,7.076923076923079,0.0892504919734252,124,147,False
493,4.3853405319908,121,6.653846153846152,13,0.0,0.0892504919734252,147,124,False
494,0.0,76,0.0,1,0.0,23.0,108,0,False
495,0.0,122,2.0,1,15.0,10.0,10,5,False
496,1.52315461357445,1038,16.0,4,47.1428571428571,0.317708258594697,17,301,False
497,0.947435136184031,78,2.0,1,25.5,24.0,81,1,False
498,0.9798687566511528,80,24.0,1,5.0,1.0,24,0,False
499,0.86630067549805,5,2.5,1,0.0,5.0,59,0,False
500,3.82019312569471,16,4.4,2,34.2,0.1956329345703119,80,27,True
501,3.5600822823518503,185,2.64516129032258,4,37.5483870967742,0.333318074544271,1708,68,False
502,3.21211256440705,83,0.7,1,43.5,26.0,42,39,False
503,3.5600822823518503,276,2.64516129032258,4,0.0,0.332336425784948,68,1708,False
504,1.9486671561230504,332,5.0,1,27.0,179.0,27,30,True
505,0.882958969146225,84,24.5,1,5.0,2.0,56,17,True
506,1.47598372266154,5,2.0,3,41.3333333333333,0.168724279835391,52,51,True
507,2.40008710718862,108,1.25,1,36.0833333333333,104.0,950,84,True
508,1.54325590103116,110,1.33333333333333,1,0.0,106.0,0,808,False
509,2.06451847906953,124,7.16666666666667,3,45.5,0.610467650079196,48,27,True
510,4.70468410472683,127,5.0,17,19.5714285714286,0.0659602076214438,267,134,True
511,2.34014593513033,260,1.5833333333333302,1,7.0,97.0,352,266,True
512,0.959149554396894,1045,3.5,1,2.5,275.0,72,4,True
513,1.88798358043917,236,2.3333333333333304,1,11.8888888888889,203.0,723,159,True
514,3.4512918380751003,115,3.25,1,28.25,111.0,212,327,True
515,0.730926377590601,132,0.5,1,6.0,13.0,34,10,True
516,0.561094380014179,21,2.2,2,36.1,0.0246405601501465,640,494,True
517,2.95487132374303,117,1.8,1,9.4,113.0,174,192,False
518,2.57820493391254,269,2.42857142857143,1,1.57142857142857,105.0,291,132,True
519,4.03879357960385,341,4.6,4,47.6,0.5205891886728471,456,1317,True
520,5.17716433541928,1053,2.0,2,17.72,4.77944589990609e-58,76,48,True
521,1.0,270,1.5,1,0.5,106.0,35,5,False
522,2.0420100882674,48,1.0,1,115.222222222222,0.0,337,75,True
523,4.712439082710089,343,1.41379310344828,5,29.0689655172414,0.20993538542797,888,1255,True
524,2.93691455110119,24,1.44444444444444,2,3.0,2.5331974029541e-05,480,209,False
525,2.44577085881284,124,5.375,1,1.375,120.0,257,0,True
526,0.91829583405449,5,2.0,1,19.0,1.0,6,6,False
527,2.596044348467509,273,6.75,3,24.75,0.114929667574614,75,270,True
528,1.42074219706802,195,2.25,1,100.0,1.0,84,83,False
529,2.9411456863990004,1,1.75,2,6.5,0.0,391,207,False
530,0.990796231515788,1057,6.0,2,14.0,2.0063335976351182e-174,28,207,True
531,2.81617849043847,2,0.625,2,3.5,0.0,387,161,False
532,3.52873589398382,140,0.5,1,96.5,14.0,1196,29,True
533,3.0342224660536004,1062,1.23529411764706,2,0.294117647058824,0.374618408136797,1223,950,True
534,1.90396781308777,2,24.5,2,54.75,0.75,10,7,False
535,1.53467275521398,276,3.0,2,40.0,0.277717832618242,15,244,False
536,2.37380740095523,277,1.5,2,3.375,0.301643614799564,165,214,True
537,3.66056521281855,280,0.470588235294118,3,26.0,0.114929667574614,265,189,True
538,3.44765086390077,115,6.4,5,58.5333333333333,0.24998464,128,61,True
539,2.03032821379492,284,1.42857142857143,1,32.2857142857143,178.0,469,4,True
540,1.8155041113863104,136,5.875,1,5.5,131.0,644,12,True
541,3.6265142519159705,347,2.38095238095238,1,4.476190476190482,184.0,828,465,True
542,2.14559247561429,137,5.16666666666667,1,1.16666666666667,132.0,70,37,False
543,3.3989351507989403,1071,3.5,2,14.4285714285714,0.374618408136797,316,97,False
544,1.98765653645368,86,3.0,2,9.4,9.31570376394575e-10,281,0,False
545,2.5270780015637,0,0.142857142857143,2,10.857142857142902,0.0,527,330,True
546,1.9073069657837096,2,3.25,2,6.25,0.5,221,135,False
547,1.5926023061477,45,0.0,1,0.0,9.0,841,0,True
548,2.59182815807557,139,3.55555555555556,2,128.777777777778,1.00000001490116,118,25,False
549,1.13474317598236,36,3.0,1,106.333333333333,22.0,35,7,False
550,1.85175015762834,200,0.0,1,0.0,61.0,665,0,False
551,2.50402711559342,1,0.875,1,27.5,1.0,22,7,False
552,2.56943793807799,27,1.125,2,0.875,2.54139304161072e-05,438,247,False
553,2.2700392138578103,6,1.33333333333333,2,130.333333333333,0.3125,81,15,True
554,1.5565211890431,3,3.6666666666666696,2,11.333333333333302,0.25,200,143,False
555,2.5901455551556403,349,17.625,4,0.0,0.250004768371582,664,2,True
556,1.7831345698753205,142,4.75,2,24.25,0.907948453328547,39,13,True
557,3.20909360318592,245,4.466666666666669,1,2.2,211.0,309,197,True
558,2.73414889341167,3,1.5833333333333302,4,58.3333333333333,0.328125,485,52,True
559,1.9919646219068403,88,0.25,2,21.0,9.31570376394575e-10,206,66,True
560,2.9771069439816,284,6.25,1,26.5,60.0,402,52,True
561,3.17365845006164,3,0.307692307692308,2,2.84615384615385,0.75,885,514,False
562,4.20878007084848,89,1.1923076923076898,3,61.53846153846151,0.337524697863533,79,130,True
563,2.50080723590509,147,6.428571428571429,1,0.142857142857143,142.0,17,15,False
564,1.7581042992389,56,2.0,1,24.4,6.0,48,7,False
565,1.4915075551068402,151,0.8,2,2.8,1.00000001490116,92,9,True
566,0.0,87,5.0,1,38.0,0.0,10,7,True
567,2.936616074578,29,0.555555555555556,2,0.444444444444444,2.5423243641853305e-05,491,210,False
568,0.591672778582327,288,7.0,1,38.0,12.0,26,2,True
569,3.0920117004056697,30,0.4666666666666671,2,0.8,2.54251062870026e-05,1070,740,True
570,2.10867071922902,9,11.6,4,31.4,0.253925323486328,120,2,False
571,3.12394071757478,8,2.7391304347826098,2,102.869565217391,0.0625,84,50,True
572,2.4207473058754,355,2.3333333333333304,4,111.333333333333,0.5843051234262661,90,53,True
573,1.86303349460846,1087,0.75,1,0.5,305.0,166,40,False
574,1.7088016941661102,6,1.875,2,16.375,0.953125,944,43,True
575,1.94572281933331,201,9.75,2,53.75,0.9726524349495028,28,10,True
576,1.5788190211560602,39,6.4,2,14.4,0.5163440814085329,204,1,False
577,3.203696761006149,0,0.25,2,1.4375,0.0,1319,925,True
578,2.7664272625933,8,5.4,3,6.9,0.496265813138241,175,80,True
579,1.43482842943436,248,2.6666666666666696,2,0.666666666666667,0.2488400900683561,30,29,True
580,0.0,250,3.0,1,0.0,216.0,2,2,False
581,1.5788190211560602,296,6.6,2,0.0,0.0162660334173097,1,204,False
582,1.4079914302553302,1092,5.44444444444444,2,17.1111111111111,0.374618408136797,131,45,False
583,1.4955380299191103,147,1.0,1,142.666666666667,16.0,51,3,True
584,2.8423681059074504,149,12.5714285714286,4,12.7857142857143,0.32910284890416,356,47,True
585,1.88748304345768,1093,0.5,2,1.0,0.374618408136797,33,33,False
586,1.2867755604161202,1094,9.428571428571429,3,9.0,0.129627097486517,125,81,False
587,0.8014698931335291,293,2.5,1,18.0,63.0,19,22,True
588,1.73651854860484,1096,9.0,2,3.2,2.0063335976351182e-174,66,15,False
589,2.08652381077894,151,1.8,2,2.0,0.907948453563211,75,24,True
590,3.3685265384602703,152,1.77777777777778,2,24.0555555555556,0.907948453563211,374,192,True
591,3.4128567593446,11,4.38095238095238,3,51.952380952380885,0.461588398335845,327,135,False
592,1.3103816720032,298,2.25,2,7.5,0.301643614799564,139,9,True
593,3.4128567593446,361,4.38095238095238,3,3.619047619047621,0.387449162613938,135,327,False
594,2.5509946764586497,101,0.833333333333333,1,308.33333333333303,5.0,0,692,False
595,4.89498715789202,154,0.38,2,61.3,0.907948453563211,589,307,True
596,4.1355785894259895,256,7.12,7,80.96,0.16708315979453,152,133,False
597,2.0582105413948204,167,1.33333333333333,1,24.11111111111111,161.0,608,20,True
598,1.99563641328136,0,21.2,2,33.2,0.0,30,1,False
599,3.41551156880358,12,4.42857142857143,3,2.80952380952381,0.461594043365115,329,135,True
600,0.0,1,5.0,1,3.0,0.0,5,2,True
601,3.24296619906378,0,3.87096774193548,12,47.9354838709677,0.0,368,70,True
602,4.20804205675205,19,6.0,6,33.5,0.202314812058098,81,69,True
603,4.887392189623768,1,0.269230769230769,2,0.0,0.0,2806,1058,False
604,4.887392189623768,258,0.288461538461538,2,0.0,2.561250767030289e-09,1058,2806,False
605,1.89194349112552,45,1.8,2,52.8,1.00037955128934,96,27,False
606,4.8899401364209005,36,0.346153846153846,2,0.9807692307692312,2.54261831287295e-05,2820,1061,False
607,2.8430190302454,7,5.25,2,59.25,0.328125,18,12,True
608,1.72328228070929,96,19.2,3,44.2,0.499983064912186,64,7,True
609,1.57585840305019,51,8.0,2,2.5,3.81469726828954e-06,165,0,False
610,1.93492983025346,159,3.8,3,13.8,0.485772638253626,39,14,True
611,2.2384607661871003,107,3.8333333333333295,1,6.83333333333333,15.0,88,26,True
612,2.14650135894593,26,1.3636363636363602,2,12.4545454545455,0.0675811171531677,148,92,False
613,2.10085141559112,1111,11.266666666666698,10,107.333333333333,0.110211111111011,9,613,True
614,0.623856523833799,312,16.3333333333333,4,18.8333333333333,0.125625923334213,276,14,True
615,2.06257580158168,260,3.5714285714285694,1,2.85714285714286,227.0,232,10,True
616,1.85140690496375,29,13.8,2,170.8,0.0625009853392839,325,13,False
617,2.78998803960189,14,9.83333333333333,3,6.55555555555556,0.4958671068116901,5402,72,False
618,2.78998803960189,1116,9.83333333333333,3,0.0,0.333333333333338,72,5402,False
619,3.04028817708532,313,1.1875,1,43.4375,136.0,86,137,True
620,2.8297149530800403,15,9.83333333333333,3,2.0,0.4858252966584841,5443,73,True
621,4.7617774888085,207,4.5434782608695725,6,62.6521739130435,0.337984470185666,150,441,True
622,1.24814458102656,16,4.33333333333333,1,17.3333333333333,12.0,37,0,True
623,3.40179927518763,1127,6.107142857142861,4,39.2857142857143,0.25,174,1295,True
624,3.1891426417580497,1129,8.04545454545454,4,68.4545454545455,0.317708258594682,64,643,False
625,1.49269829516999,119,2.6666666666666696,1,127.0,61.0,205,3,True
626,1.57991629686297,2,3.6666666666666696,1,10.6666666666667,1.0,178,29,True
627,1.47309709388524,316,14.0,2,22.5,0.277717832618242,45,11,True
628,2.9737663897970497,17,6.06896551724138,4,2.55172413793103,0.329121907998342,2107,2806,True
629,2.18066514012917,208,11.8,2,11.2,0.5036078165399129,49,42,True
630,2.33166709611267,14,7.428571428571429,3,32.2857142857143,0.334018263551363,69,74,False
631,1.4461084413268,38,12.166666666666698,4,72.3333333333333,0.3372345613342999,202,20,False
632,3.8183145033134,210,3.2083333333333304,8,32.9166666666667,0.252197813539226,123,137,True
633,2.58333027784356,211,9.63157894736842,9,11.1052631578947,0.2235958475600989,333,85,True
634,2.52894263053942,18,0.0,1,0.0,14.0,1463,0,True
635,1.10586402214177,180,5.16666666666667,3,30.6666666666667,0.4856729854057879,288,29,False
636,0.9690632527820698,99,2.0,1,34.0,48.0,51,12,False
637,3.13115455712224,181,7.58333333333333,3,11.833333333333302,0.4856729854057879,84,64,False
638,0.0,21,6.0,1,29.0,1.0,6,7,False
639,3.31531349628694,19,4.75757575757576,3,19.3030303030303,0.4981710100864939,286,972,True
640,2.49436708855157,19,0.4166666666666671,2,2.8333333333333304,0.9776020050048828,625,56,True
641,0.0,184,4.0,1,16.0,178.0,2,5,False
642,3.36824972082771,322,3.62162162162162,1,10.0540540540541,144.0,694,107,True
643,0.0,186,12.0,1,43.0,5.0,2,5,False
644,3.86043787574748,306,2.7916666666666696,1,33.8333333333333,225.0,126,114,True
645,2.91710178077432,307,4.25925925925926,2,28.5185185185185,0.9960629193446658,281,246,False
646,3.80303258230721,47,9.54545454545454,8,47.4090909090909,0.143101274982001,601,185,False
647,3.54265577819377,28,5.15,1,6.4,23.0,322,122,True
648,2.64531385783644,267,16.5555555555556,4,0.444444444444444,1.5258789062502802e-05,892,12,True
649,1.67025215031828,269,0.25,1,1.5,1.0,213,19,False
650,2.27344480378827,191,2.0,1,25.142857142857103,184.0,258,78,True
651,2.2657754143089903,192,0.0,1,0.0,0.0,602,0,False
652,0.0,32,1.0,1,0.0,0.0,2,0,False
653,2.49645983825866,193,0.5,1,0.0,1.0,159,44,False
654,2.72087109100676,20,1.25,2,45.4375,0.968611717224121,1671,90,True
655,2.43744456854156,271,4.71428571428571,2,9.0,0.495605468283724,205,37,False
656,2.5366749472300296,194,2.42857142857143,2,0.142857142857143,0.91015625,306,93,False
657,1.10501399711353,21,0.333333333333333,1,0.0,17.0,32,120,False
658,1.51420448864856,273,2.3333333333333304,2,0.333333333333333,0.495605468283724,99,35,False
659,1.70495305985524,274,0.5,1,1.0,4.0,110,83,False
660,2.57069361375708,22,0.75,2,7.375,0.968612909317017,484,42,True
661,1.0,18,0.5,1,0.0,1.0,2,2,False
662,2.00903981929012,23,0.833333333333333,1,10.0,19.0,424,21,True
663,0.0,163,3.0,1,77.0,19.0,1,1,False
664,1.6265020757468,201,6.571428571428571,1,9.571428571428571,192.0,64,104,True
665,2.3297629686013703,339,1.28571428571429,1,40.1428571428571,72.0,35,21,True
666,2.45684325091207,341,6.6,3,24.0,0.114929667574614,182,127,True
667,0.994030211476956,0,19.0,1,24.0,0.0,22,0,False
668,2.6873784470652,14,3.9,4,64.4,0.31356181204319,431,298,True
669,2.4292244658860898,4,10.25,3,33.125,0.0,22,239,False
670,2.53641916234141,2,1.33333333333333,2,12.333333333333302,0.0,316,108,True
671,3.09736673749174,3,1.84615384615385,2,0.0,0.25,1025,650,True
672,1.9095882391298704,351,2.90909090909091,2,9.27272727272727,0.301643614799564,360,52,True
673,5.031005031128951,1172,2.17441860465116,2,41.4302325581395,0.500000000931948,206,97,True
674,0.621123117778407,0,0.333333333333333,1,23.3333333333333,0.0,43,1,False
675,0.0,19,5.0,1,194.0,1.0,4,2,False
676,2.80936271832006,406,4.09090909090909,4,123.772727272727,0.270584420301265,1384,438,True
677,0.0,3,4.0,1,4.0,1.0,1,1,False
678,1.3721825195198798,27,2.3333333333333304,1,11.666666666666698,23.0,59,54,False
679,2.94948590336435,1174,8.0,2,109.333333333333,0.8746184090687449,169,85,True
680,0.405977038475571,172,2.5,1,0.0,118.0,36,1,False
681,1.1606686662907502,5,2.4,1,25.4,5.0,122,35,True
682,0.0,3,1.0,1,75.0,0.0,2,4,False
683,0.0,4,0.0,1,0.0,1.0,81,0,False
684,3.12639577279781,3,1.625,3,40.125,0.407407407407407,715,447,True
685,0.995727452084926,68,0.0,1,0.0,0.0,11,2,True
686,2.67303682589431,31,3.22222222222222,1,3.88888888888889,27.0,284,45,True
687,2.35809461590966,229,12.8,4,139.7,0.0039876302012232,107,121,False
688,5.34611353423855,14,2.2711864406779703,8,100.322033898305,0.20731487870512,129,134,True
689,1.26077179389679,32,4.0,1,20.3333333333333,28.0,14,3,False
690,1.99608516206943,414,14.25,4,38.5,0.250004768371582,58,576,True
691,1.5549542572682398,52,6.33333333333333,2,5.66666666666667,0.51634408141085,133,0,False
692,0.0,39,1.0,1,0.0,18.0,4,3,False
693,4.17458661777058,283,4.75757575757576,4,0.787878787878788,0.0833330949147542,78,69,True
694,3.01938936188665,285,4.05882352941176,3,1.70588235294118,0.1665086058471309,40,54,False
695,6.1766722717358205,232,2.70652173913043,11,38.9565217391304,0.182644063748928,321,244,True
696,1.6100334718853102,175,6.0,2,27.0,1.19216623316348e-07,31,66,True
697,2.14030462858574,1,5.28571428571429,2,15.0,0.0,195,53,True
698,0.0,1,2.0,1,0.0,0.0,2,2,False
699,6.03051511576059,74,2.19047619047619,6,189.214285714286,0.001032977432499,13,7734,False
700,2.6833331763986497,177,18.0,6,22.88888888888889,3.677064477490471e-06,157,179,True
701,4.36426958395087,1186,3.77777777777778,1,12.666666666666698,377.0,105,99,True
702,4.26478535630511,233,3.3414634146341498,6,36.7317073170732,0.167442578041923,178,184,True
703,0.0,234,2.0,1,0.0,2.0,3,3,False
704,1.37649594774647,12,2.0,1,5.33333333333333,12.0,146,5,False
705,3.43975505713236,419,4.85714285714286,3,78.8571428571429,0.7208502362985051,135,73,True
706,0.305984873713835,8,4.5,2,48.5,0.1328125,128,0,False
707,2.94511280649785,421,4.27777777777778,3,59.1111111111111,0.387449162613938,463,138,True
708,0.0,9,1.0,1,1.0,5.0,11,9,False
709,1.43794043885081,15,2.625,1,2.75,15.0,75,364,True
710,1.83170685846001,1190,13.6,2,2.2,0.500000000931948,70,67,False
711,3.6392460342102,29,1.17567567567568,9,35.9189189189189,0.063273868310056,579,505,True
712,1.06709994997133,4,0.25,1,1.5,0.0,13,98,False
713,1.66544619439885,379,7.4,2,10.2,0.301643614799564,52,133,False
714,3.77276561605692,5,0.526315789473684,2,0.2105263157894739,0.875,1076,382,False
715,2.24167896277688,33,2.8333333333333304,1,18.8333333333333,29.0,97,14,False
716,3.77276561605692,307,0.526315789473684,2,0.0,0.0162660334173097,382,1076,False
717,0.7871265862012691,17,0.5,1,2.0,17.0,13,4,True
718,1.49101387075899,1192,20.0,1,2.3333333333333304,383.0,16,7,False
719,2.58496250072116,0,1.33333333333333,1,181.0,0.0,6,0,False
720,2.4578815533989102,1194,10.7777777777778,3,4.11111111111111,0.333333333333338,56,40,True
721,3.23404966065318,423,2.80645161290323,3,13.064516129032302,0.387449162613938,555,402,True
722,2.32066503857684,27,2.71428571428571,1,14.2857142857143,23.0,713,110,True
723,3.5119933918495096,7,1.26666666666667,2,7.0,0.921875,861,361,True
724,1.61011478954848,1196,3.5,1,4.25,387.0,1,99,False
725,4.8588755203995,82,4.525,7,10.675,0.0005368794760857,3765,20,True
726,1.7408692008793205,34,6.0,4,5.428571428571429,0.204788237287191,20,22,False
727,2.62457433321839,4,11.8888888888889,3,109.111111111111,0.3456790123456789,13,158,False
728,1.89371893574371,385,2.0,2,6.142857142857139,0.301643614799564,299,220,True
729,0.0,40,3.0,1,3.0,21.0,3,1,False
730,0.45868581620054,36,2.5,2,1.5,0.195641035796143,31,0,False
731,0.0,86,1.0,1,8.0,2.0,4,1,False
732,2.02524269080443,233,19.1666666666667,1,150.166666666667,13.0,80,16,True
733,2.092580776517,426,15.857142857142902,3,1.7142857142857095,1.4570807655057905e-13,46,105,True
734,0.0,20,1.0,1,10.0,0.0,1,1,False
735,1.6733845292166103,188,14.166666666666698,3,3.1666666666666696,0.4999999987111189,104,15,True
736,3.4635520350937403,427,3.15,3,8.65,0.387449162613938,345,176,True
737,2.69644580792754,1199,1.44444444444444,1,24.88888888888889,390.0,342,111,True
738,5.5933914993748495,48,2.20338983050847,7,29.4915254237288,0.0850448387601981,94,93,True
739,1.66944403011148,1205,10.857142857142902,3,38.0,0.4629604308198549,276,279,False
740,2.42588631507838,390,12.875,3,10.125,0.6149277858981911,83,16,True
741,1.56659050347412,16,0.333333333333333,1,2.0,4.0,124,0,True
742,1.29116410934492,17,1.0,2,1.6666666666666698,0.4375228881835939,118,41,True
743,1.6108797689946597,124,2.6,2,11.0,0.0019533634223168,144,138,False
744,1.5581024121339595,24,1.8,1,8.0,24.0,135,8,True
745,2.18176563470368,393,5.3846153846153895,1,4.15384615384615,210.0,267,234,True
746,0.0,21,0.0,1,0.0,1.0,29,1,True
747,2.48897786629279,0,8.875,3,28.0,0.0,35,20,False
748,0.216396932451265,37,4.0,1,3.0,13.0,36,22,False
749,2.52796701309322,1210,10.2857142857143,3,4.42857142857143,0.333335215009761,113,127,False
750,0.4394969869215129,36,3.5,1,9.0,32.0,78,54,True
751,2.70981095345873,3,2.0,1,236.5,0.0,16,534,False
752,0.950956048454973,3,7.5,1,4.5,0.0,26,1,False
753,6.02749466729745,309,1.14666666666667,2,30.74666666666669,0.5084497497014829,296,240,True
754,0.811278124459133,126,2.5,2,8.5,1.3138670702938,4,0,False
755,0.0,1211,2.0,1,8.0,0.0,20,11,False
756,1.99695311818063,5,2.75,1,24.5,4.0,23,4,True
757,1.3911723691333602,161,2.3333333333333304,1,178.0,87.0,163,1,False
758,1.96421837412988,60,1.0,2,12.75,0.51634408141085,209,0,True
759,3.95278944521268,1216,5.08823529411765,2,11.3823529411765,0.8746184090687449,330,610,True
760,3.111797430272,1223,6.888888888888888,5,32.1111111111111,0.0419999950782464,19,582,True
761,1.7407089532257398,1,6.71428571428571,1,30.71428571428569,0.0,157,114,True
762,2.22721700146248,10,9.2,3,23.4,0.3546038036207221,9,7,False
763,3.24022392894185,240,2.45454545454545,3,32.0909090909091,0.3704344192628421,16,14,False
764,2.2076290639724303,10,10.5,2,37.75,0.515625,324,46,True
765,3.36005102934946,21,1.16666666666667,2,18.0,0.9375309944152828,876,119,True
766,3.0921917041908,407,2.4,2,12.1,0.301643614799564,110,32,True
767,0.7416433363998259,4,8.0,1,5.0,3.0,108,11,True
768,1.3933644282111102,241,16.3333333333333,2,21.3333333333333,1.12808800082395,23,21,False
769,4.03183629002893,66,0.7692307692307689,7,441.576923076923,0.102051695241973,45,45,False
770,2.95611257372634,11,4.8,3,30.2,0.22839223921376,39,39,True
771,3.83199144163496,354,3.0952380952381,4,40.9523809523809,7.70371977758398e-34,86,110,True
772,2.10390991028236,0,8.4,5,16.8,0.0,13,13,False
773,0.0,1261,3.0,1,22.0,4.0,2,1,False
774,2.8790653220467104,81,7.16666666666667,1,15.416666666666698,76.0,132,111,True
775,3.65630955577527,1263,3.7,1,8.6,442.0,327,309,True
776,1.4016562133959498,1264,4.2,1,0.0,443.0,6,506,False
777,2.03461681365383,255,6.0,2,51.1666666666667,0.91015625,186,14,True
778,0.970950594454669,188,2.5,1,25.5,22.0,2,3,False
779,2.4568694415816,175,3.77777777777778,2,46.8888888888889,0.5351256079513079,87,50,True
780,1.7901606334738898,2,2.5,1,33.5,2.0,110,22,True
781,4.59622177324705,74,0.1,2,4.33333333333333,0.281732241377426,63,71,False
782,0.0,416,2.0,1,0.0,233.0,7,58,False
783,0.9348490242345942,417,1.5,1,0.0,234.0,0,57,False
784,0.0,50,1.0,1,44.0,0.0,3,1,False
785,0.0,0,7.0,1,7.0,0.0,7,6,False
786,1.55665670746282,41,1.33333333333333,1,1.0,19.0,4,17,False
787,0.128319129097827,6,0.0,1,0.0,0.0,1,112,False
788,0.8631205685666309,63,6.0,1,51.0,41.0,12,2,False
789,0.9634170035916872,117,2.5,2,28.0,4.33753054285746e-19,143,22,True
790,2.1942607276273,190,7.71428571428571,3,39.4285714285714,0.610467650079196,38,24,True
791,1.54643537104077,24,3.0,2,9.25,0.138370990753174,129,316,True
792,2.08143479352748,25,1.4,3,31.2,0.0197845052231022,139,48,False
793,1.70761991721732,26,2.0,2,3.75,0.138371080160141,50,94,False
794,2.4707181751345297,27,1.125,3,25.375,0.0197845052245447,143,80,False
795,3.16768973500577,9,10.8461538461538,6,14.7692307692308,0.1999999801541939,72,53,True
796,1.5784442681248,178,0.0,1,0.0,13.0,227,0,False
797,1.97267531187016,9,1.5,2,0.25,0.033203125,252,0,False
798,5.1563745944047,4,3.33783783783784,5,20.0,0.2736,407,401,True
799,1.16081404226694,5,2.0,1,31.3333333333333,0.0,61,16,True
800,3.16518560244114,421,6.6875,3,47.125,0.114929667574614,145,106,True
801,5.7530412287808215,15,0.6610169491525419,2,7.01694915254237,0.035186767578125,207,1148,True
802,2.3064108140096486,5,5.875,1,21.25,4.0,76,6,True
803,3.54236228262787,31,2.0,1,168.0,17.0,28,37,False
804,0.7540340561971329,12,5.5,1,9.0,0.0,41,19,True
805,5.044762677264679,32,2.0,2,127.558823529412,0.1204633701127019,279,146,True
806,0.0,114,0.0,1,0.0,9.0,15,6,False
807,3.4182958340544904,0,2.2727272727272703,3,51.1818181818182,0.0,12,12,False
808,3.17835824047158,255,4.0,2,62.0555555555556,0.7025195368334209,63,62,False
809,2.88652776799208,5,11.3636363636364,3,25.1818181818182,0.1152263374485599,91,117,True
810,1.88142207439292,15,1.75,2,154.0,0.032989501953125,10,33,False
811,2.76013139325773,1297,0.375,3,3.0,0.129627097486517,19,12,False
812,2.9277989702947904,257,6.0,4,20.25,0.003986597079874,15,6,False
813,3.19181538893178,1299,10.0625,2,20.75,0.374618408136797,69,93,True
814,3.8087204163794905,449,3.1304347826087,2,13.0,1.10542957505209e-75,634,142,True
815,0.0,26,3.0,1,13.0,10.0,2,2,False
816,4.74229361228907,1301,2.21428571428571,2,10.7619047619048,2.0063335976351182e-174,121,74,True
817,0.0,189,11.0,1,15.0,15.0,0,240,False
818,0.934068055375491,10,6.5,1,13.0,0.0,29,11,True
819,3.00464716976184,431,1.92307692307692,3,25.461538461538503,0.114929667574614,115,64,True
820,0.9371948952213992,1,2.0,1,50.3333333333333,0.0,38,1,True
821,2.00107660607757,13,7.0,1,10.8,13.0,31,10,False
822,1.25162916738782,18,3.3333333333333304,3,16.0,0.127779638417626,6,6,False
823,1.0,101,13.5,1,32.5,63.0,4,4,False
824,3.3520880221856,32,1.4,2,23.3333333333333,0.937531606061384,178,79,True
825,2.8489797059591697,260,18.9,6,21.3,0.3379630366999161,33,90,False
826,3.0288516299503,283,5.33333333333333,4,19.0,0.329106649694343,54,36,False
827,1.4778475894531795,319,8.66666666666667,1,19.3333333333333,201.0,218,8,True
828,3.15874451426648,1307,2.57142857142857,2,15.7857142857143,4.77944589990609e-58,120,123,True
829,2.86166089366486,7,1.11111111111111,3,107.111111111111,0.338820301783265,373,114,False
830,1.57693350171577,321,0.0,1,0.0,203.0,93,0,False
831,1.95601488012163,117,9.0,1,153.0,23.0,58,8,False
832,2.03335699069114,331,1.0,1,185.4,211.0,72,9,False
833,1.8172610190858896,47,3.0,1,44.75,46.0,47,14,True
834,3.17191598849036,265,11.6923076923077,4,35.5384615384615,0.250002520183219,44,48,True
835,1.75171195543093,4,5.75,2,35.75,0.125,38,18,False
836,1.94566030460064,8,3.0,2,29.25,0.96484375,15,7,False
837,1.46882886260544,70,6.5,1,23.5,46.0,187,7,False
838,1.58402178615559,0,0.0,1,0.0,0.0,234,0,True
839,1.51208060162334,0,0.0,1,0.0,0.0,394,0,False
840,1.86586244270841,330,16.4,2,63.4,2.561250767030289e-09,43,43,False
841,3.9256250872818703,15,7.545454545454548,3,1.0,0.504216941401878,3359,6,True
842,0.0,460,1.0,1,0.0,28.0,4,4,False
843,0.869892685604156,20,1.0,1,78.0,20.0,53,2,True
844,3.11992635747256,9,3.0,2,32.4166666666667,0.96875,60,12,True
845,1.5020352759845002,16,0.0,1,0.0,15.0,12,14,False
846,2.53971305167194,17,0.153846153846154,1,0.923076923076923,16.0,222,193,True
847,2.17540981258725,132,2.3333333333333304,2,1.33333333333333,0.5354930567717789,25,20,True
848,2.54846048307365,37,15.7142857142857,2,10.0,1.07311643660069e-06,57,3,True
849,1.13641331482355,21,0.666666666666667,1,7.0,19.0,258,9,True
850,2.34063016448804,6,4.2222222222222205,1,6.33333333333333,5.0,427,128,False
851,2.36472623029649,1,0.25,2,10.125,0.5,415,14,True
852,1.8222325509273,0,2.5,2,62.5,0.0,150,17,False
853,2.92040195938415,0,9.22222222222222,2,5.0,0.0,1228,806,True
854,1.61718957259272,16,4.0,2,16.25,0.03125,4,7,False
855,4.11367399298574,36,0.6428571428571429,1,53.96428571428571,6.0,142,646,True
856,1.75529019336239,199,16.25,3,34.75,0.12484993909892,106,47,True
857,3.91809298886728,197,10.125,4,27.8125,0.255133246692504,40,42,False
858,0.9924306863143292,0,2.0,2,130.0,0.0,208,31,True
859,0.6631968402398289,334,10.0,1,17.5,292.0,28,1,False
860,0.0,50,4.0,1,27.0,49.0,13,8,False
861,2.19505128156529,3,4.42857142857143,1,71.28571428571429,0.0,192,156,True
862,4.07235385601196,1331,0.666666666666667,1,578.416666666667,28.0,0,1020,False
863,1.6285394981261498,299,8.2,1,30.0,281.0,236,32,True
864,2.70058314522375,1,0.4285714285714289,1,0.142857142857143,1.0,1356,126,True
865,0.0,52,9.0,1,34.0,51.0,19,5,True
866,2.65754827226033,37,0.666666666666667,1,83.5833333333333,7.0,49,38,False
867,2.21686768288447,339,8.444444444444441,2,6.77777777777778,2.561250767030289e-09,137,117,False
868,1.87405506728044,10,19.4,2,6.4,0.0,138,12,True
869,0.0,459,1.0,1,0.0,3.0,0,5,False
870,3.10330179596742,38,0.4352941176470589,2,51.317647058823496,0.3752441411452311,427,2757,True
871,0.0,83,10.0,1,15.0,71.0,4,2,False
872,2.81526254673041,15,1.1,1,22.9,13.0,40,39,True
873,2.6943040287928803,33,14.625,3,51.5,0.4613633028140539,72,8,False
874,3.31015103029732,14,13.7692307692308,5,95.53846153846148,0.28852789280768,92,109,True
875,0.0,0,4.0,1,46.0,0.0,1,1,False
876,0.0,12,4.0,1,153.0,6.0,21,1,False
877,2.4778017956862204,4,0.8888888888888891,1,93.3333333333333,0.0,55,45,False
878,3.28746021416228,0,10.7777777777778,5,25.7777777777778,0.0,478,28,True
879,0.0,135,1.0,1,180.0,3.0,2,5,False
880,1.5619544490992998,35,26.5,2,31.5,0.531410932657309,32,2,False
881,4.74468036840891,289,1.0,2,50.3703703703704,0.501742842967823,29,27,False
882,3.24643934467102,291,6.18181818181818,6,83.5454545454545,0.167442558209303,20,20,False
883,1.69140329378876,3,4.75,1,27.625,3.0,326,119,True
884,2.02415461900132,53,2.6666666666666696,2,24.6666666666667,0.220468771177956,311,138,True
885,0.6722948170756379,54,4.5,2,7.0,0.220468771177956,50,18,True
886,3.56968616389272,5,1.7173913043478302,2,44.2826086956522,1.46875,639,80,True
887,0.0,7,1.0,1,50.0,0.0,4,2,False
888,2.69866046040112,8,18.1428571428571,3,12.4285714285714,0.180612711476909,11,6,True
889,0.0,101,9.0,1,3.0,6.0,1,1,False
890,2.45380853818568,5,2.71428571428571,2,13.142857142857098,0.03125,23,17,False
891,2.59593363528333,0,11.0,3,32.5555555555556,0.0,246,73,True
892,0.0,481,7.0,1,200.0,111.0,6,1,True
893,2.31782901035186,0,3.1666666666666696,3,16.5,0.0,144,46,True
894,1.98560278340872,17,3.6666666666666696,2,93.8333333333333,0.618270874023438,631,151,False
895,2.51964594380376,27,1.7142857142857095,2,75.0,0.875000357627869,255,7,False
896,0.0,1348,0.0,1,0.0,3.0,49,0,False
897,5.4632831087052205,74,1.74647887323944,2,81.39436619718309,0.91406248509881,343,347,True
898,4.033173038822009,328,6.058823529411759,6,28.5,0.200000000002127,906,230,True
899,4.77426059656822,1351,1.4516129032258098,1,189.516129032258,518.0,207,94,False
900,4.96360356506452,1353,1.11428571428571,1,539.028571428571,520.0,150,122,True
901,1.88019245378908,39,6.6,2,49.0,0.0213062222264853,152,4,True
902,1.25801542853429,13,2.2,2,13.2,0.9710693359375,279,4,True
903,2.36716267102402,313,14.8888888888889,3,31.2222222222222,0.3703898188533711,29,51,True
904,1.55236125185051,0,8.33333333333333,2,2.0,0.0,208,0,False
905,2.5267938057012795,0,12.555555555555598,2,48.4444444444444,0.0,689,37,True
906,3.2344199187657594,275,4.59090909090909,2,36.4090909090909,0.2488400899519399,597,111,True
907,1.58317705496787,5,0.0,1,0.0,0.0,271,0,True
908,2.5913445635851,0,2.0,5,48.0,0.0,25,9,False
909,3.5056264736889906,139,4.0,6,137.741935483871,3.5178408597106404e-20,660,24,True
910,0.0,130,32.0,1,148.0,7.0,11,6,False
911,0.0,1382,10.0,1,83.0,383.0,2,2,False
912,1.9490468897141,3,6.75,2,111.5,0.875,710,8,False
913,2.0687424445033,1385,9.44444444444444,3,11.0,0.333333333333338,177,455,False
914,2.96514553882961,8,2.3,3,38.9,0.0554793476604176,252,144,True
915,2.30082572776134,1,5.2,2,0.6,0.0,436,0,False
916,0.0,175,5.0,1,20.0,4.0,0,5,False
917,2.0314508270211102,142,5.0,2,92.2,1.00000000000019,27,8,True
918,0.0,217,10.0,1,245.0,24.0,3,2,False
919,1.8627662872466104,144,30.5,4,4.75,0.333333333333333,7,26,False
920,1.37878349348618,147,2.3333333333333304,2,11.333333333333302,0.9999999999999928,3,4,False
921,3.09552401350473,492,2.53333333333333,1,8.8,53.0,196,66,True
922,3.9013068712732704,0,4.83333333333333,3,121.291666666667,0.0,689,5,True
923,2.07416474302258,192,5.6,2,72.2,0.06562800041946,19,9,True
924,0.0,237,10.0,1,123.0,169.0,3,1,True
925,2.0981086789231003,21,4.44444444444444,1,58.5555555555556,15.0,230,91,True
926,4.0983553027259205,23,1.3076923076923102,4,310.38461538461496,0.0179634774103761,55,11,False
927,5.65745141767351,1,3.59615384615385,9,128.711538461538,0.222222222222222,57,57,False
928,2.44370847730941,197,3.375,3,11.5,0.0045800239317536,72,52,False
929,1.74526622952474,381,5.8,2,18.0,0.91015625,414,25,True
930,0.1982349640977661,4,5.0,1,132.0,3.0,64,1,True
931,4.34242801471849,1,2.6666666666666696,2,136.083333333333,0.0,950,235,True
932,0.797951968465573,167,7.0,1,71.0,124.0,68,23,True
933,4.2925051091991,222,4.97058823529412,4,45.0294117647059,0.32910284890416,1709,422,True
934,2.2661581389853103,2,14.333333333333302,2,2.8333333333333304,1.25,533,0,True
935,0.961236604722876,244,5.0,1,166.0,30.0,78,13,True
936,3.3076492002329303,497,3.38888888888889,1,28.0555555555556,56.0,1059,36,True
937,2.32757945279721,207,18.1666666666667,2,92.3333333333333,0.06562800041946,38,27,True
938,2.51928012012294,1,5.77777777777778,4,45.22222222222221,0.25,601,53,True
939,3.02032482796785,10,5.17647058823529,4,17.1176470588235,0.0208215713500977,740,231,True
940,0.5032583347756461,468,6.5,2,191.5,0.301643614799564,43,2,True
941,5.30180525537395,341,1.01923076923077,1,259.557692307692,36.0,380,1018,False
942,4.07836364011438,342,1.53333333333333,7,131.13333333333298,0.143275060367816,662,1574,True
943,1.99488519279466,73,2.25,2,18.75,0.51634408141085,196,0,False
944,2.8924258840219403,2,8.0,3,92.9411764705882,0.0,407,83,False
945,3.53129351103321,183,6.33333333333333,2,90.5238095238095,1.00000000000009,189,201,True
946,1.5584339813137298,24,9.0,2,40.6666666666667,0.618282377719879,247,82,True
947,0.0,25,7.0,1,0.0,4.0,15,4,True
948,2.9332407404388303,216,4.692307692307692,1,17.2307692307692,93.0,485,107,True
949,2.18023837059777,7,5.83333333333333,5,31.0,0.0,3,131,False
950,3.27210414886168,498,3.2272727272727297,1,16.863636363636402,57.0,1353,429,True
951,2.39348004936846,499,4.81818181818182,1,3.0,58.0,616,268,True
952,1.97493750120193,193,2.25,2,31.75,3.772306413691549e-42,5,4,False
953,2.8346128461048696,500,2.23076923076923,1,1.3076923076923102,59.0,172,167,False
954,1.71878289212726,198,4.4,3,1.8,0.5,19,19,False
955,3.43768420238631,10,6.73684210526316,4,23.368421052631607,0.833271026611328,439,94,True
956,1.6583536451083898,10,13.1111111111111,3,50.4444444444444,0.4995342850852679,235,12,True
957,0.4394969869215129,95,0.5,1,0.0,45.0,11,11,False
958,4.8195941913793305,78,6.4883720930232585,5,124.953488372093,0.249600000008224,289,115,True
959,2.84278159358432,3,0.7272727272727271,1,15.8181818181818,1.0,749,149,True
960,3.47232285962493,232,4.35,3,111.2,0.485620428957332,710,270,True
961,4.2725218579647,35,4.43333333333333,5,107.066666666667,0.2400160000248989,68,71,False
962,0.0,0,6.0,1,42.0,0.0,16,12,False
963,3.51853374526631,0,6.6153846153846105,1,119.769230769231,0.0,22,29,True
964,2.03881450028236,75,6.4,3,7.0,0.500005645029269,244,1,False
965,3.18703400756844,36,4.25,1,56.75,36.0,221,20,False
966,1.6539223536518002,504,5.0,3,6.4,4.674888646305985e-56,509,12,True
967,1.44881563572518,346,1.33333333333333,2,94.0,0.501742842967823,13,1,False
968,0.0,221,3.0,1,50.0,7.0,2,0,False
969,5.20443720862714,209,3.38775510204082,7,245.755102040816,0.166666666666667,140,106,False
970,1.4979945153517198,9,2.75,2,151.25,0.998046875,29,20,True
971,2.41398331473993,419,9.375,2,58.625,1.00000001490116,76,54,False
972,2.38120016083358,77,1.875,3,77.625,0.500005645029269,310,18,False
973,0.0,30,10.0,1,108.0,24.0,9,8,True
974,2.52232358318859,62,5.22222222222222,3,139.444444444444,0.113111621767316,408,46,False
975,4.114290958932791,349,8.65217391304348,9,62.8260869565217,0.223763551035283,54,43,False
976,0.195909270873605,214,6.5,1,58.5,140.0,240,24,True
977,1.7941609830987,140,6.23076923076923,1,93.53846153846148,3.0,516,29,False
978,1.7941609830987,1426,6.307692307692308,1,1.0,583.0,29,516,False
979,1.9056390622295705,3,14.5,4,15.5,0.8125,2,6,False
980,1.58219306673513,58,2.6666666666666696,1,74.0,21.0,23,0,False
981,2.80754347849446,272,0.5,2,2.25,9.31570376394575e-10,470,0,False
982,0.0,352,9.0,1,93.0,7.0,4,9,False
983,1.49491884823395,236,5.0,2,52.0,5.20430595321814e-16,11,0,False
984,0.0,4,11.0,1,21.0,3.0,9,0,False
985,2.92611053444855,11,8.76470588235294,3,108.882352941176,0.500019757602443,254,47,True
986,0.667713540528142,426,56.5,1,96.5,29.0,47,39,False
987,3.7844156298825897,279,7.047619047619048,3,67.71428571428571,0.0925748214591049,42,101,False
988,0.0,15,12.0,1,0.0,12.0,33,11,False
989,1.4221380190661002,49,23.0,2,37.75,4.0163286030292494e-09,160,0,False
990,2.03859024855639,33,10.0,2,16.3333333333333,0.231986999395303,93,1,False
991,1.0709238281204498,238,1.6666666666666698,1,320.0,26.0,121,27,True
992,1.90527854364034,435,2.8,1,16.6,406.0,100,21,False
993,3.75348338581388,239,9.05,3,3.0,0.0005200164124601,3313,3,True
994,0.0,0,4.0,1,109.0,0.0,1,1,False
995,1.29523498432156,6,10.3333333333333,1,41.0,4.0,83,12,True
996,1.90405990424501,437,4.0,1,33.25,408.0,38,110,False
997,1.90405990424501,438,4.0,1,0.0,409.0,110,38,True
998,2.30640237723732,264,6.0,1,148.833333333333,188.0,135,60,False
999,1.87060949644056,15,1.8333333333333304,1,74.3333333333333,2.0,73,51,True
1000,3.49039266398461,222,1.85714285714286,4,17.5,0.20869067724631,16,30,True
1001,2.24235140850859,2,17.1111111111111,4,38.4444444444444,0.3125,109,15,True
1002,0.7654815082817801,17,6.5,1,22.5,1.0,156,1,True
1003,1.14972837115469,240,2.0,1,185.666666666667,8.0,59,12,True
1004,0.0,242,4.0,1,0.0,9.0,1,1,True
1005,0.9503343840316568,267,6.66666666666667,2,45.0,0.468746238035237,5,38,False
1006,3.146216260805049,445,3.1666666666666696,2,108.5,0.91015625,212,113,False
1007,2.4836186000169302,46,10.4444444444444,2,38.22222222222221,0.0213062222287732,132,13,False
1008,1.9087462070022896,5,7.5,1,169.0,3.0,60,16,True
1009,1.99668783798116,36,4.25,1,21.25,30.0,221,0,True
1010,2.94887293273096,20,5.0,2,29.4545454545455,1.00121593475342,108,45,True
1011,0.326482028732914,208,8.33333333333333,1,68.6666666666667,198.0,331,102,True
1012,1.85139595759325,21,3.6,2,52.0,1.01561117172241,70,27,False
1013,1.34021408890715,209,6.66666666666667,1,0.0,199.0,69,13,False
1014,1.47375379165599,362,26.6666666666667,5,19.8333333333333,0.201616127008678,52,13,False
1015,2.15678585120881,95,1.625,1,3.875,82.0,1436,39,False
1016,0.0,96,1.0,1,1.0,83.0,2,2,False
1017,2.0279700618181,23,18.0,2,62.57142857142861,0.0019698143005371,265,13,False
1018,1.47764567829341,249,1.4,2,145.8,1.670579907914479e-52,47,14,True
1019,1.0,24,62.5,2,1.0,0.0019699335098266,10,2,False
1020,1.4237949406954,457,5.5,2,8.0,1.00000001490116,42,22,True
1021,1.44881563572518,364,3.6666666666666696,3,9.66666666666667,0.333357868738136,9,5,False
1022,1.0,8,6.5,2,38.5,0.55859375,8,2,False
1023,2.77168383365677,164,5.375,2,199.375,0.999023436128823,49,37,False
1024,0.3829576722723529,227,69.0,1,9.5,31.0,64,3,False
1025,1.58496250072116,10,12.333333333333302,1,111.333333333333,3.0,3,3,False
1026,3.7412987812219294,259,3.68,1,96.56,173.0,461,237,True
1027,2.36154213757737,253,11.4,2,18.1,0.0025789740030863,832,26,True
1028,4.30985807955189,254,0.0,1,0.0,10.0,46,22,False
1029,0.942683189255492,7,26.0,2,8.5,0.03125,8,17,False
1030,0.850738564834442,40,23.3333333333333,5,96.5555555555556,0.008,20,274,False
1031,1.64522410598636,255,1.4,2,9.6,0.907948453328547,99,34,True
1032,0.91829583405449,165,28.0,2,8.5,0.999023436128823,2,1,False
1033,2.29968014832465,1,10.8888888888889,1,53.3333333333333,0.0,144,11,True
1034,2.9283201094649702,98,2.3333333333333304,1,193.77777777777803,85.0,1078,1099,True
1035,0.0,0,6.0,1,192.0,0.0,8,0,False
1036,1.4714625871411398,0,8.25,1,64.5,0.0,131,4,False
1037,3.05887649215821,370,14.0,6,9.09090909090909,0.167442578055098,17,18,False
1038,2.1493974703477,3,19.2,3,64.2,0.0,16,0,False
1039,1.62504617653802,462,8.5,1,4.0,433.0,25,63,False
1040,0.0,1,12.0,1,96.0,1.0,3,3,False
1041,1.0,14,2.5,2,313.0,0.753662109375,2,0,False
1042,2.0707606482370298,57,6.4,3,31.6,0.153637222018998,256,7,False
1043,1.0,49,14.5,2,1.0,0.0166365669510249,4,2,False
1044,4.93009781890284,373,6.1886792452830175,15,92.5660377358491,0.0666865138244527,184,123,True
1045,1.7446704512822,169,16.7777777777778,3,35.0,2.3262439480872004e-08,353,11,False
1046,2.50742909289853,60,3.4,3,229.7,0.153637222018998,221,40,True
1047,3.3681349025218497,376,11.727272727272696,7,166.954545454545,0.145781109611915,127,258,False
1048,0.9933927290103628,10,14.5,2,71.5,0.4228515625,14,2,False
1049,4.35892618483996,465,1.84,1,6.04,436.0,1518,7,True
1050,0.0,1,10.0,1,60.0,1.0,19,5,False
1051,1.09178717965363,19,1.8,1,35.4,16.0,495,13,False
1052,0.923680986381624,2,6.5,1,12.5,1.0,242,62,True
1053,2.3815109340354,11,9.8,2,55.5,0.49951171875,554,32,True
1054,1.95909216361545,2,6.0,2,165.5,1.0,37,61,True
1055,3.4880813030877995,377,9.58823529411765,6,62.5294117647059,0.1666667062685319,106,100,True
1056,2.57117790160132,171,13.142857142857098,2,107.571428571429,0.999023436128823,67,7,False
1057,0.371232326640876,8,6.5,1,16.0,8.0,27,1,True
1058,2.2117918183880096,381,1.16666666666667,3,384.833333333333,0.333357868738136,32,19,True
1059,4.28528319431081,382,6.89583333333333,7,91.875,0.289047662788601,316,112,True
1060,1.4253660345011,264,13.3,4,28.2,0.32910284890416,536,333,True
1061,0.74959525725948,43,6.5,1,7.0,3.0,8,6,False
1062,2.30415827900207,101,6.22222222222222,3,5.22222222222222,0.166666736358384,825,372,True
1063,3.2572768992452903,44,1.41176470588235,1,179.29411764705898,36.0,1192,44,True
1064,3.44460522985344,386,13.5625,8,96.0,0.126956943604974,73,40,True
1065,2.01887375373811,65,7.0,3,124.0,0.4954096851795221,205,8,False
1066,0.0,0,9.0,1,26.0,0.0,1,1,False
1067,1.89299839657859,3,6.0,3,60.4285714285714,0.481481481481481,124,35,True
1068,2.06965885501649,0,16.8333333333333,2,63.6666666666667,0.0,56,5,True
1069,2.69418501324759,472,2.9375,1,26.75,443.0,262,87,True
1070,1.39561347673569,52,5.25,2,8.5,0.0166365669510273,19,15,False
1071,3.06863112513158,475,3.7272727272727297,1,1.54545454545455,446.0,842,14,True
1072,2.18155772425758,271,9.0,3,81.6428571428571,0.4856773206627829,1942,45,True
1073,3.31045830336513,65,7.52941176470588,2,40.5294117647059,0.133620950801088,417,73,True
1074,2.56367844414327,1444,0.4285714285714289,1,22.142857142857103,601.0,19,29,False
1075,2.946082326178649,484,0.333333333333333,1,9.83333333333333,455.0,74,23,False
1076,2.75204018941179,301,9.63636363636364,3,190.181818181818,0.0001769563095929,592,25,True
1077,0.0,1,11.0,1,73.0,0.0,1,0,False
1078,3.19838250543608,487,4.13333333333333,1,133.666666666667,458.0,249,204,False
1079,2.39342894875969,489,2.76923076923077,1,37.6923076923077,460.0,597,556,False
1080,2.07089326070121,490,3.5714285714285694,1,35.4285714285714,461.0,6,182,False
1081,4.15540347158791,54,6.18181818181818,2,115.636363636364,0.4995117187481239,117,50,True
1082,1.85948805340558,495,3.8333333333333295,1,22.6666666666667,466.0,47,99,False
1083,2.32053723812474,496,3.5,1,4.16666666666667,467.0,24,61,False
1084,1.74420702470801,500,5.0,1,8.83333333333333,471.0,336,164,False
1085,2.23789621589138,501,2.54545454545455,1,5.0,472.0,164,99,True
1086,0.0,8,12.0,1,79.0,0.0,1,0,False
1087,2.7003648415716404,506,3.0833333333333304,1,8.83333333333333,477.0,89,99,False
1088,1.0,5,0.5,1,82.0,4.0,62,0,False
1089,0.992774453987808,6,1.0,1,0.0,5.0,20,0,False
1090,0.0,9,13.0,1,0.0,1.0,3,0,False
1091,2.56235771124856,143,5.9,1,88.4,4.0,237,27,True
1092,1.19562178181463,0,6.0,1,423.333333333333,0.0,14,12,False
1093,1.58496250072116,24,2.6666666666666696,1,534.0,0.0,27,9,False
1094,1.19562178181463,249,6.33333333333333,1,0.0,237.0,12,14,False
1095,4.21048281617046,11,0.866666666666667,2,98.7777777777778,1.12451171875,1390,35,True
1096,1.23793778002656,511,5.0,1,5.75,482.0,73,88,False
1097,2.65234579030733,512,3.28571428571429,1,9.85714285714286,483.0,4,49,False
1098,1.19562178181463,1,6.66666666666667,1,3.0,1.0,14,12,False
1099,1.19562178181463,256,6.66666666666667,1,0.0,243.0,12,14,False
1100,1.19562178181463,298,6.66666666666667,1,3.0,185.0,14,12,False
1101,2.11522109928397,22,10.5,2,50.0,0.9712522029876708,50,11,False
1102,2.09096549101716,17,12.6,1,4.2,9.0,164,8,False
1103,1.24922192936305,59,0.333333333333333,1,76.0,34.0,341,213,False
1104,3.19372821523334,69,9.42307692307692,6,117.0,0.172072187928669,515,869,True
1105,3.99752233435403,14,4.16666666666667,2,34.5,0.99993896484375,1682,150,True
1106,2.6152498895449,4,1.5,1,175.625,3.0,264,49,False
1107,4.5113962131969805,260,0.8148148148148149,1,3.18518518518519,115.0,54,35,False
1108,3.08450061043989,265,2.18181818181818,3,7.27272727272727,0.224611293378811,24,22,False
1109,3.4263145806603394,288,4.952380952380951,3,213.047619047619,0.4856202198821739,1139,505,True
1110,2.90734863856175,50,12.9375,5,46.875,1.61023999987418e-05,587,20,True
1111,2.77168383365677,261,5.625,2,127.125,0.06562800041946,37,49,True
1112,5.44138045367116,395,4.55555555555556,12,184.377777777778,0.167293626174435,50,49,False
1113,1.04419699430183,70,23.3333333333333,2,6.66666666666667,0.133620950801088,61,3,False
1114,2.7602145152627497,0,9.0,3,228.307692307692,0.0,54,11,False
1115,5.482653371329429,2,1.10204081632653,1,467.265306122449,2.0,94,96,False
1116,3.16850058682341,518,2.0,1,16.75,489.0,63,125,False
1117,1.10316023251687,520,16.0,1,122.0,491.0,315,112,True
1118,0.985228136034252,174,3.0,1,5.0,7.0,4,3,False
1119,1.39573013483592,266,6.4,1,14.2,182.0,1022,25,True
1120,1.63676801097548,523,6.4,1,0.0,494.0,490,116,True
1121,2.4009502888711,509,3.1666666666666696,2,234.833333333333,0.7313544191363409,146,13,False
1122,0.0,19,6.0,1,12.0,4.0,5,0,False
1123,1.89106111207265,267,7.25,3,6.5,0.2369062288847269,5,4,False
1124,3.09237133788065,524,2.9166666666666696,1,33.3333333333333,495.0,400,144,True
1125,0.0,65,8.0,1,0.0,3.0,3,1,False
1126,0.8346482851813829,4,1.5,1,6.5,2.0,46,3,False
1127,2.37847381204685,524,0.4285714285714289,1,18.8571428571429,82.0,36,8,False
1128,1.5306189948485205,66,1.33333333333333,1,1.33333333333333,62.0,9,5,False
1129,1.97791472734956,310,8.25,2,0.0,6.245343409736587e-17,68,70,False
1130,0.0,33,2.0,1,574.0,27.0,12,0,False
1131,3.0151725069227404,525,2.69230769230769,1,17.307692307692303,496.0,61,94,False
1132,2.92246780955585,301,1.6666666666666698,3,6.66666666666667,0.4856202198821739,165,81,False
1133,3.41813406058115,526,2.58823529411765,1,10.5294117647059,497.0,164,296,False
1134,2.79866014804282,527,1.88888888888889,1,2.44444444444444,498.0,411,1,True
1135,1.9804413345244,10,8.25,2,1.0,0.0,250,0,False
1136,1.0,114,4.0,2,2.0,0.250030517578125,0,2,False
1137,1.82709119581705,304,2.2,2,3.0,5.20430595321814e-16,55,67,False
1138,2.05712110143401,528,1.375,1,4.375,499.0,87,95,False
1139,3.16843066834958,19,7.882352941176469,3,159.352941176471,0.4999999918262801,233,29,True
1140,3.93802566079109,23,2.30434782608696,2,22.4782608695652,1.12531745433807,265,297,False
1141,4.34886422269162,21,0.6428571428571429,2,27.857142857142897,0.9998574256896968,172,156,True
1142,2.40322682426634,47,2.5,2,367.5,0.8750003650820871,164,33,False
1143,5.52978016026585,530,1.3818181818181798,2,23.7636363636364,0.91015625,176,176,True
1144,1.75827538312001,531,2.5,1,5.33333333333333,502.0,70,15,False
1145,2.78800840701065,532,2.75,1,13.875,503.0,44,3,False
1146,2.64234980716463,533,2.09090909090909,1,0.818181818181818,504.0,166,27,False
1147,5.1502478417679685,22,0.8292682926829269,2,2.60975609756098,0.999857902526855,64,61,True
1148,2.92358326260945,21,6.33333333333333,1,22.3333333333333,12.0,78,37,True
1149,1.58496250072116,117,0.333333333333333,1,0.0,95.0,0,3,False
1150,0.0,118,1.0,1,1.0,96.0,4,3,False
1151,1.84237764674401,23,1.5,1,0.5,19.0,57,4,True
1152,1.20340428757961,51,11.0,1,134.0,34.0,105,4,True
1153,1.82887734979891,314,2.42857142857143,1,0.0,229.0,124,39,False
1154,1.8509522372862897,308,2.5,2,7.0,0.907948453328547,87,34,False
1155,1.3758356691164602,535,1.6666666666666698,1,11.333333333333302,506.0,155,40,True
1156,3.94864002718338,541,1.88235294117647,2,4.52941176470588,0.91015625,19,33,False
1157,0.992774453987808,18,2.5,1,27.5,2.0,33,7,False
1158,0.900719679862359,20,3.0,1,7.5,10.0,48,12,True
1159,1.88060370017551,1,20.5,3,245.6,0.333333333333333,44,361,False
1160,1.61802107341652,12,2.2,1,90.8,2.0,133,117,False
1161,2.46782161642242,0,6.428571428571429,3,179.285714285714,0.0,96,5,False
1162,2.89253617874809,25,1.22222222222222,2,24.3333333333333,1.12531760334969,65,28,True
1163,2.8224399047886,313,10.6190476190476,4,128.61904761904802,0.329102778123645,152,236,True
1164,0.0,77,1.0,1,719.0,66.0,17,3,False
1165,1.40316336490368,3,2.0,2,20.3333333333333,0.5,59,2,False
1166,2.31185551216521,117,3.64285714285714,1,109.357142857143,108.0,555,74,False
1167,1.55466261904943,67,0.0,1,0.0,40.0,337,0,False
1168,0.0,166,1.0,1,1.0,117.0,0,7,False
1169,2.87549830521271,80,3.1666666666666696,2,79.3333333333333,0.23192596435177,391,408,True
1170,0.0,319,7.0,1,4.0,36.0,8,0,False
1171,4.22943219221798,83,1.97435897435897,4,191.205128205128,0.1458331023653349,1002,334,True
